title,url,summary,category,source,full_content
Musto and Land Rover launch performance-wear collaboration,https://www.independent.co.uk/life-style/musto-land-rover-clothing-collection-aw20-performance-outdoor-b996496.html,,arts_culture_celebrities,independent,"Performance-wear brand Musto and Land Rover might seem like an unlikely pairing, but, when it comes to their core values, the two brands have much more in common than you might think.

The British brands both embrace cutting-edge technology, strive to continuously innovate and are constantly on the look-out for ways to help their customers push the boundaries of exploration.

Which is exactly why they have joined forces to create a clothing collection designed to take make you feel like you can take on anything.

Launching for autumn/winter 2020, the collection is an extension of last year’s 24-piece Above and Beyond range , and features a host of innovations inspired by Land Rover’s new Defender, which launched earlier this year.

From graphic T-shirts to waterproof parka coats, each piece combines cutting-edge features and fabric technologies, with a stylish and distinctive aesthetic.

The collection has been manufactured with durability at its core and tested in real-world conditions, meaning that every product has been built to last and withstand even the harshest conditions.

Innovations include the Land Rover Gore-Tex Parka, which is made with three-layers of Gore-Tex fabric to help keep you warm, dry and protected. While the Welded-Thermo Jacket features revolutionary insulation technologies, including PrimaLoft Silver insulation, which provides the warmth of natural down without the added bulk and weight.

Whether you’re planning to journey across land and sea, go on a weekend-long hike with friends or simply want to start spending more time outdoors, every piece in this range promises to perform so you can too.

See our top picks from the new collection below:

Land Rover x Musto Gore-Tex Parka, £350

The Gore-Tex Parka has been designed to deliver extreme protection for wet-weather adventures and is packed with cutting edge technology that promises to keep you warm and dry.

The GORE-TEX fabric membrane is waterproof to external moisture, but remains highly breathable so moisture from your skin can evaporate easily. The result: you stay warmer when it’s cold and drier when active.

Land Rover x Musto Tech Hoodie, £130

More than just your everyday hoodie, this one comes with a durable water repellent finish and front handwarmer pockets to ensure you stay protected during physical, outdoor activity.

The four-way stretch spacer fabrication enhances flexibility and breathability, while the Land Rover orange cordlocks and raised silicone ‘Hex’ print mean you can still look good while on the go.

Land Rover x Musto PT Glove, £30

A must-have for any adventurer who wants to capture memories of their escapades, these gloves are not only stylish but feature conductive fingers that will operate any touchscreen, including a camera or smartphone, when you’re on the move. Constructed from lightweight and exceptionally warm Polartec fleece.

Land Rover x Musto Short Sleeve Box Terrain Tee, £30

The Goldilocks of T-shirts, this top delivers cutting-edge ultraviolet protection, 100 per cent cotton comfort and cool graphics.

Not only is it seriously sturdy, it is breathable and the vibrant orange colour looks seriously sharp.

Land Rover x Musto Washbag, £35

An essential piece of kit when travelling, this washbag will hold all your personal essentials in separate compartments for easy organisation.

It features Land Rover zip pulls, a compact hook under flap for easy hanging and stylish reflective branding prints that mean you can find it even when you’re in low light.

The Musto x Land Rover AW20 collection is one of the most exciting yet and so to celebrate, the two companies are on the look-out for a natural born adventurer to be the face of their new range of outdoor apparel and become the first ever Musto x Land Rover ambassador .

The lucky winner will win a one-year sponsorship contract with Musto, £3,000 to spend on Musto x Land Rover products and the chance to be the face of the Land Rover 2021 campaign.

Think you’ve got what it takes? Simply send Musto a 30-60 second film that shows them why you should be the first Musto x Land Rover ambassador or send the team a photo of yourself mid-adventure alongside a 500-word essay describing why they should pick you.

All entries must be submitted by midnight on December 15.

For more information on how to enter visit www.musto.com/LandRoverCompetition

You can shop the full collection at musto.com ."
Is your business ready for the UK’s transition out of the EU?,https://www.independent.co.uk/news/uk/uk-s-transition-eu-31-december-business-b1586928.html,,arts_culture_celebrities,independent,"New year, new era: on 1 January 2021, the UK begins a new chapter in its history. As the clock strikes 12, the transition period from the single market and customs union will officially end following the country’s departure from the European Union (EU).

It heralds a host of opportunities and also challenges, which UK businesses need to prepare for. A range of rules will come into effect and before that date, measures need to be taken by British companies that trade with EU countries,  to ensure they adapt as smoothly as possible.

If your business hasn’t begun preparing for the end of the transition period on 31 December, there’s no time to lose. But where do you begin?

Details on the processes, contracts and agreements that need to be established before 2021 can be found on the Government website . There you can find useful information on a variety of subjects, from how to declare goods as of 1 January 2021, to what importers’ tax and duty rates will be under the new system. And there are numerous other sources of help to guide you through the changes.

Many businesses have already completed their preparations with the help of multiple resources, or simply by planning ahead for any eventuality. Here’s a selection of their stories.

Ellis Wines are a family-run wine importer and distributor with a wine heritage dating back to 1822, focusing on supplying wines to UK restaurants, pubs, hotels and bars.

Owner director James Ellis drives their philosophy to offer a distinctive and unique range of wines and also providing valuable advice to their hospitality clients.

Ellis says, “We import over 1000 wines from over 200 like-minded family-owned wine producers with the majority based in Europe, many being friends with whom we have worked for many years.”

Ellis Wines imported nearly three million bottles from Europe in 2019, representing 70% of their total imports. They are using information provided by the UK Government and advising suppliers about what they will need to do in order to comply with exporting to the UK from 1 January 2021.

Suppliers will need to produce extra documentation to take wine through UK and European customs so Ellis Wines are working with them to ensure they are ready for this after 31 December 2020. Ellis says, “We are also stocking up a bit more ahead of the UK Transition to help control costs in the first few months.”

Ellis Wines are also working with a number of official agencies including the Wine & Spirit Trade Association, who have been very helpful and represent many UK wine importers.

Ellis will continue to import wines from Europe and also look at opportunities further afield. He explains, “We will also look at importing new world wines from South Africa, Chile, Argentina and other countries to diversify our portfolio.”

Looking to the future, this family-run business want to continue with what they have been doing for the last 200 years. Ellis says, “We generally source wines that are exclusive to us. This allows our customers to create a wine list which is exciting and unique, with wines you won’t find in supermarkets. This is a resilient industry, which will adapt to anything.”

In the army you are taught to assess risks, says Justin Crump, military veteran and chief executive of strategic risk consultancy Sibylline. He has considered the future beyond the end of the transition period in December and is confident it’s all under control.

“We are very lucky in the services sector – and 80 per cent of the UK economy is service-based. I don’t anticipate any real business interruption. Europe isn’t any hassle, even with the changes. It’s not keeping me up at night.”

He founded Sibylline 10 years ago and advises clients on various threats from money laundering through to armed conflict. Business demand for risk assessment has doubled in size over the last three years, and this year is looking just as healthy – and the company is recruiting. His core clients include global businesses and range from oil and gas through to technology, hospitality, even NGOs. Some 20 per cent of business takes place in the EU – “a big proportion of our profits”.

He does anticipate minor changes in VAT, billing entities and the movement of people within the EU. “Our services may have to evolve a little if we need to put people on the ground. We may have to work with local partners or start a local company,” he says. His company hires from around the world, so he’s already familiar with visa procedures: “This just brings Europe in line with what we do already in countries such as Brazil, India, the US or Singapore.”

While exporters and manufacturers face changes next year, “we are not seeing panic among our manufacturing clients. The key really is making sure businesses stay abreast of the situation.”

A weaker pound since 2016 has helped make exporters more competitive. And while the turbulence of the pandemic has impacted some smaller firms’ preparations for UK transition, it has made many businesses more resilient and able to improvise. “I think businesses who can prepare have largely done so. Those who are hoping it will all go away might get a big surprise.”

“Whatever the deal is, there’s still going to be a process, depending on what you’re shipping, in a way that wasn’t there [before],” says transport expert Lyall Cresswell on how the end of the UK transition period will affect imports and exports.

“The main thing is that businesses really need to sit up,” he adds.

Cresswell founded the Transport Exchange Group (TEG) 20 years ago – a trading platform, which runs two of the UK’s largest independent freight exchanges, the Haulage Exchange and Courier Exchange.

Working with both domestic transportation firms and those that operate throughout the European Union, Cresswell says that there will be changes that will affect both, either directly or indirectly.

How this will affect each business, however, comes down in part to the “preparedness of their customers”; in other words, the organisations importing and exporting goods.

As for Cresswell’s firm, he is dedicated to ensuring it remains ahead of the curve, wherever possible. “One of the things that we have done is we’ve translated our platform into a number of different languages,” he reveals.

As well as ensuring his business remains compliant with all regulations – “our role is to make sure that we have the documentary evidence to support [our users’] membership on the platform” – Cresswell is determined to stay at the “forefront” of digitalisation.

Not only is it TEG’s raison d’etre, but efficient digital workflows will ultimately help tackle any administrative challenges that arise following the transition period end on 31 December 2020.

Helping to prepare for what lies ahead, Cresswell cites his partnership with Logistics UK (formerly the Freight Transport Association) as a useful resource, as well as the Road Haulage Association website, which he says has “very good information on what's required”.

As to advice he’d offer those in the exporting and importing trade, his answer is simple: “If you haven’t done so already, get yourself set up with a customs broker as soon as possible.”

To find out more about how to prepare your business for leaving the EU, visit gov.uk/transition

This article is part of a paid-for Partnership with the UK Government"
How the new furlough scheme will help UK firms affected by Covid-19,https://www.independent.co.uk/news/uk/coronavirus-job-retention-scheme-uk-business-furlough-covid19-b1721837.html,,arts_culture_celebrities,independent,"As the effects of pandemic-related restrictions continue to be felt during the current health emergency, businesses in the UK can once again ask the UK Government for support.

Billions of pounds in the form of cash and loans will be offered to companies around the country in a bid to protect millions of jobs and livelihoods.

Here we meet one of the many companies using the Coronavirus Job Retention Scheme…

Highland Liquor Company is based in the village of Ullapool on Scotland’s West Highland coast and produces a range of premium Scottish gins. Timing is really key to their gin production this year more than any other.

“We are focusing on short sharp bursts of production to create stock over a short period of time,” explains co-founder Robert Hicks, pictured above. “We will utilise the [Coronavirus] Job Retention Scheme once the production run is complete to support all our team over the next few months.”

The extension of the scheme is very much welcomed by Highland Liquor Company as it will help them weather the temporary downturn in trade and ensure all staff have a guaranteed income.

They have also applied for a Bounce Back Loan during this period to allow for further investment into the business. “The claims process is pretty straightforward,” says Hicks, “and payments are made very quickly, so we are glad that the scheme has been extended.”

Prior to March 2020, Highland Liquor Company had focused a considerable amount of time on selling to hotels, restaurants and bars. Since March, online sales have increased and retail sales have been relatively buoyant, including their own shop in Ullapool.

In the build-up to Christmas this year, a large production run is planned to fulfil export orders. “These are the first international orders we’ve received and our gins will soon be appearing on shelves in Canada, Russia and six other Baltic countries,” Hicks explains.

Cash flow is always the biggest challenge for Hicks and his team, but using the Coronavirus Job Retention Scheme, and other support from the Scottish Government, has given some peace of mind to the business – and a platform to potentially expand.

Hicks says: “The success of our retail shop means that we are looking to open a second store and also extend our ecommerce offering as well as developing our own glassware range.”

Looking ahead, Hicks feels that Scottish gin producers have been upbeat with many diversifying into hand sanitiser production too. “We have to keep going. We all want to be there when our industry returns to full strength again.”

While existing support continues in the form of cash grants, loans and tax relief, an even more substantial emergency package has now been announced, making it the country’s most substantial emergency package since wartime.

Individuals who are unable to work full-time, or at all, are still covered by the Coronavirus Job Retention Scheme – furlough, as it’s often referred to – which has now been extended until March 2021.

Regardless of whether they have previously been furloughed, those who were on the company payroll at the end of October 2020 are eligible.

This new extension to the scheme is designed to further reduce the burden on employers, who had previously had to pay 20 per cent of furloughed workers’ wages. This time, the Government will cover hours not worked at a rate of 80 per cent, up to £2,500 a month, with employers only required to pay staff’s National Insurance and pension contributions. Meanwhile, employees who were laid off on or after 23 September may be able to be rehired, and then returned to furlough.

This scheme is open to businesses to cover any amount of time or any kind of shift patterns, including zero hours and part-time contracts. But they must act quickly; claims for November periods must be made before 14 December and the Government plans to review terms in January 2021.

Assistance will also be extended to those who work for themselves. They will benefit from a further cash grant of up to 80 per cent of profits, above the 55 per cent of the previous grant. They’ll receive this in a single instalment capped at £7,500. Self-employed people in the UK can put in a claim from 30 November – and will receive their payment well before Christmas.

This marks the third Government cash grant for self-employed. A fourth payment is planned to cover February to April 2021, and the Government will assess and set the level of these sums at a later date.

Among the sectors particularly severely hit by the pandemic are hospitality and leisure. There will be more than £1 billion a month in cash grants available for these businesses. Around 90 per cent of shops, gyms, cafés and restaurants and bars in England that have been forced to close during the Covid-19-related restrictions will receive up to £3,000 a month, chiefly intended to cover rent. English local authorities will also receive a one-off £1.1 billion to help sustain their local economies.

Businesses in hospitality, leisure and accommodation that suffered from tighter local restrictions between August and November can claim backdated grants of up to £2,100 a month for that time.

Funding for the UK’s devolved administrations has received an extra £2 billion boost and now reaches at least £16 billion of guaranteed cash upfront in an unprecedented move to help businesses all around the UK cope with the coronavirus pandemic.

This comes on top of this year’s spring budget funding from the UK Government, and means an extra £1 billion for Scotland, £600 million for Wales and £400 million for Northern Ireland.

To find out more about the latest packages of UK Government support for businesses, visit gov.uk/coronavirus/business-support"
Why the Lenovo Yoga 5G is great news for streamers,https://www.independent.co.uk/news/lenovo-yoga-5g-streamers-b1249181.html,,arts_culture_celebrities,independent,"You’re sat at your laptop, streaming that crucial sporting fixture and you see that unwelcome onscreen icon: the buffering loop. Commonplace even on decent wi-fi networks, it’s almost inevitable if you’re relying on a regular mobile connection.

So, imagine a device that means watching the match, playing a game or downloading a movie is possible on a brilliant screen without buffering, whether you’re at home, on your commute or outdoors.

Imagine no longer. The Lenovo Yoga 5G is a lightweight laptop with an attractive design and immaculate connectivity. As you may deduce from the name, it has a 5G connection built in which is 70% faster than 4G and 2,400x faster than public wi-fi, for a much smoother streaming experience.

If you haven’t heard of a laptop with 5G, that’s not surprising – this is the world’s first.

A 5G connection is fast. In fact, it’s often much faster than many home wi-fi networks, so buffer-free streaming is a reality.

And it works wherever there’s a signal, so you could start watching in the living room and finish in the park, for instance, staying connected all the time.

Using 5G not only saves you from the uncertainty of the signal that wi-fi, especially public wi-fi hotspots, offer: because public wi-fi isn’t just unreliable, it’s insecure, too.

Of course, if you’ve downloaded the latest box set (which will take much less time over 5G than 4G would require), then the high-resolution 14-inch widescreen display will more than do it justice, too.  It’ll also sound as great as it looks, thanks to the Yoga 5G’s high-quality speakers, which are optimised with Dolby Atmos for immersive audio.

The Lenovo Yoga 5G is not just a stylish and well-built laptop, although it’s both those things. It’s also extremely lightweight, so you can take it wherever you go.

You can have complete peace of mind that it’s not going to run out of juice just when you need it, thanks to the 24-hour battery life of the laptop.

It’s also very versatile. You can use it like a conventional laptop, fold the keyboard back on itself, tablet fashion, or stand it up like a tent for hands-free viewing.

Oh, and the Yoga 5G is so advanced it doesn’t have a fan – so your enjoyment won’t be interrupted by any whirring noises.

Add in the fast Qualcomm processor that ensures everything runs smoothly and the Lenovo Yoga 5G is the ideal way to stream, watch and game, whether you’re at home or on the move.

Lenovo’s Yoga 5G PC is exclusively available via EE, the first operator to launch 5G in the UK, with EE’s enviable service available in 80 cities and large towns across the country.

The Lenovo Yoga is available on contract with EE and pay monthly*

*Tariffs vary on the amount of data within the contract"
"Best iPad deals May 2025: Cheapest iPad, iPad Pro and iPad Air",https://www.independent.co.uk/deals/best-ipad-deals-cheap-offers-b2689979.html,,arts_culture_celebrities,independent,"Since the original iPad launched in 2010, Apple ’s devices have dominated the tablet market. The most powerful iPad is as capable as some laptops when it comes to streaming, gaming, browsing and video editing, especially when paired with the right keyboard accessory.

Despite their high price tag, Apple’s iPads are among the most popular tablets in the world. While the tech giant rarely offers deals, savvy shoppers can often pick up the iPad with a discount at third-party retailers such as Amazon, Currys and Very.

Apple released a new iPad Air and a refreshed entry-level iPad earlier this year, following the launch of the iPad Mini at the end of 2024, and that means discounts on previous models are starting to appear. We’ve found deals on current-generation iPads, as well as the 2022 and 2021 entry-level versions.

Plus, if you’re a student or teacher, Apple’s education pricing could save you a substantial amount of money, and you may just get a free pair of AirPods thrown in, too.

We’ve searched high and low for the lowest prices for Apple’s leading devices – from the iPad Air to the iPad Pro. These are the discounts to snap up this month.

Alex Lee is The Independent’ s senior tech critic. Specialising in Apple’s latest gear, he’s tried and tested the brand’s products and written extensively on its new launches. He also tracks the prices of its tech, including AirPods, iPads, the Apple Watch and more, so that he stays abreast of deals as they drop. He’d only ever recommend a genuine discount from retailers he trusts.

There’s more than £20 off the newest iPad Mini at Amazon. Our tech critic called it “a premium device with strong performance” and “easily the best small-screen tablet you can buy” in their iPad Mini 7th gen review .

If you’re not fussed about having mobile data connectivity on your iPad, the wifi only version is also reduced by £70 (was £499, now £429, Amazon.co.uk ). It dropped to this price in March and has stayed on offer since.

With the launch of the 11th-generation iPad, the 10th-generation model has now been reduced by £10 at Amazon. “The design, faster processor, better and bigger display are easily worth the price, and the new iPad is a real rival to the iPad Air, which usually costs £170 more,” our writer said in their review . “This is the best tablet under £500 from any manufacturer,” they added.

The latest iPad Air M3 has just received a tasty £39 price cut at Amazon. Released earlier this year, Tech critic David Phelan gave the device four stars in his review . “Whether you have an older iPad or have yet to invest in an Apple tablet, the new iPad Air with M3 processor is a powerful, immersive, lightweight beauty,” he said. “Whichever iPad you’ve used in the past, unless it’s the very latest iPad Pro, this will be faster.”

The latest generation of iPad Pro launched last year, with the new M4 chipset giving it the best performance of any tablet in Apple’s range. Tech critic David called it “monstrously powerful” and “somehow slimmer than an iPod Nano” in his iPad Pro review . Right now, there’s almost £100 off the 256GB, 13in model at Amazon.

The ninth-generation iPad may be a few years old now, but it is still a fast and powerful tablet. It has a great screen and lush stereo speakers. It works with the Apple pencil and the smart keyboard, too, unlocking extra functionality for anyone who wants to stay productive while on the move. Currys has slashed the price of the 256GB model by £129.

Designed for the 7th generation iPad Mini, Apple’s official smart folio case offers your tablet protection on the front and back and uses a folding design that allows you to prop the iPad up on a desk for viewing, typing or making video calls. There’s £10 off the entire colour range at Amazon.

We’re constantly tracking the price of Apple’s range of iPads across all the major retailers, watching to see when the price falls and comparing the current price against competitor sites. We begin tracking the price the second Apple puts an iPad on sale and are always looking for the cheapest prices. We only look at deals from reputable websites, so you can trust that Apple’s AirPods are genuine.

There’s a reason people opt for iPhones and iOS devices instead of Android ones – they’re just easier to use, with a simple and intuitive interface. The iPadOS looks exactly the same as your iPhone, so you’ll be able to use it without any learning curve, and you get access to the thousands of apps on the App Store. But the biggest benefit is that you’ll be inside Apple’s ecosystem, meaning that all your devices will work together – your iPhone and MacBook. Overall, it’s just a simpler, more accessible tablet, with large, stunning displays, plus FaceTime and iMessage support.

If you’re on a tighter budget, it’s definitely worth considering buying a refurbished iPad from Apple directly or from a third-party reseller, such as Amazon or MusicMagpie . There are often significant discounts compared to unboxed iPads, and they look and work like new.

All refurbished products on Apple’s website are given a new battery and outer shell, contain all the same manuals and accessories and come in a new white box. You also get a one-year warranty – the same as if you had bought a brand-new iPad.

“Certified refurbished” or “renewed” iPads from Amazon go through a rigorous refurbishing process. They’re inspected for damage and tested to ensure all of the functions are working, and missing or broken parts are replaced. The item is fully cleaned, and only then will it be sold at a discount. If your iPad breaks within a year, Amazon will either replace it or give you a refund.

MusicMagpie says every iPad or tablet sold on its website store goes through an extensive in-house refurbishment process, performing more than 90 tests before it’s resold. You’re covered for 12 months if you find a technical defect, and if you’re not happy, you’ve got a 14-day money-back guarantee.

It’s also worth familiarising yourself with MusicMagpie’s grading policy. All of its iPads should be in full working order, but some could have signs of wear. There are three refurbishment grades. “Pristine” products will be in excellent condition cosmetically, “very good” devices will have some small signs of use, and “good” devices will have moderate signs of wear and tear.

Looking for even more Apple deals? Read our guide to finding AirPods at their cheapest price"
Hyperoptic promo codes for May – how to get the best broadband deal,https://www.independent.co.uk/deals/hyperoptic-voucher-code-b2703743.html,,arts_culture_celebrities,independent,"If you're tired of buffering Netflix and laggy Zoom calls, switching to a faster broadband provider could be the answer. Hyperoptic offers some of the fastest speeds in the UK, with its full-fibre network delivering up to one-gigabit speed – around 10 times faster than the average UK connection – and we’ve found discounts to keep the price down.

Unlike older copper wire broadband, full-fibre networks use newer fibre optic cables every step of the way, from your humble home router to the global internet servers your devices connect to. Because the cable network is so expensive for broadband providers to build around the UK, full-fibre internet service is typically limited to more built-up areas of the country and often comes at a premium – but there are ways to upgrade for less.

The Independent ’s team of deal experts are always on the lookout for the best broadband discounts. In this article, we’re rounding up the best Hyperoptic voucher codes and offers to help new customers shave pounds off their monthly broadband bill.

There are always ways to save at Hyperoptic. Right now, when you switch to select Hyperoptic packages you’ll get a free £50 gift card to spend at Amazon, John Lewis or Marks & Spencer. The offer is available when you sign up for a 150Mb or 500Mb plan for 24 months and use the discount code above.

New customers can also save up to 17 per cent on Hyperoptic plans for the first six months of a contract. And there’s a range of other broadband deals , such as three months of free broadband when you sign up for 1GB hyperfast.

Firstly, if you’re a student you need to know about Hyperoptic’s student plans . This student discount saves you up to 15 per cent on rolling monthly contracts, with rates from as little as £24 per month for its basic 50Mb service. The monthly savings increase the faster you go, heading up to a £9 per month discount on the fastest 1Gb plan, taking the price from £52 per month down to just £43. You can also save 15% on rolling monthly contr

Loyalty is rewarded at Hyperoptic, and you’ll get up to £100 when you refer a friend . You can earn up to £2000 a year by referring up to 20 people.

Hyperoptic has the Fair Fibre Plan , which offers discounted prices for those who need it most. People on Universal Credit or other qualifying benefits could be eligible for fast 50Mb for just £15 a month, or superfast 150Mb for £20 a month.

Another easy way to save is by simply opting for a longer contract. Customers will save an extra 10 per cent with 24-month deals, compared with the price of the 12-month broadband deal.

Whether you work from home or are a gamer and need super fast broadband, or no-frills internet works just fine for you, Hyperoptic has a range of packages to suit every home, business and budget. For those who want super speedy broadband, 24-month contracts are the way to go with the offer of three months free. However, if you’re looking for a little less commitment, the 12-month contracts are still fantastic ways to save. Here’s a quick breakdown:

The Independent works closely with broadband providers and partners to find and highlight the best vouchers and discount codes available right now. We look out for the top deals on broadband plans we’d choose and use ourselves, so you can be sure you’re saving money on an internet service you can trust and rely on.

The Independent has been a trusted consumer champion since 1986, reporting on behalf of our readers to find the best deals and discounts on everything from home broadband to travel. Whether it’s your next phone contract, regular deals coverage or helping you source the top offers during some of the biggest annual shopping events (think Amazon Prime Day , Black Friday and the Boxing Day sales ), our team are always looking out for the best ways to save you money on the products worth buying. We only ever select savings from tech providers that we trust."
Best Audible deals for May 2025: How to save £20,https://www.independent.co.uk/deals/audible-deals-discount-code-b2697620.html,,arts_culture_celebrities,independent,"Immersing you in other worlds, vividly imagined characters or incredible true stories, audiobooks have never been so popular. From A-list actors narrating romantic novels to tell-all memoirs read by the writers themselves, the industry is booming. Last year, for example, bookworms (or earworms?) spent £1bn on audiobooks .

It’s not hard to see the appeal. A grown-up version of parents reading to children before bedtime, the spoken word is tinged with nostalgia – there’s a reason why they thrived during the pandemic when many of us found solace and company in an audiobook.

For others, audiobooks go hand in hand with chores – think walking the dog, long train journeys or skincare routines – occupying a side of the brain that’s busy doing something else.

Among the most popular genres are crime, thriller and fantasy . Richard Osman’s latest cosy crime caper We Solve Murders is consistently in the top 10 charts, while Rebecca Yarros’s Fourth Wing series uses multiple actors to throw you right into its mythical land of dragons.

Non-fiction is one of the fastest-growing genres, with memoirs, history books and biographies all proving popular. Clips of Prince Harry narrating his memoir Spare went viral, while Matthew Perry’s 2022 autobiography, Friends, Lovers and the Big Terrible Thing is now a poignant listen following the actor’s death.

Appealing to those who might not otherwise pick up a book, services like Amazon Audible mean you download a new title and start listening within a minute (no book shop trip or next-day delivery order required). It’s never been easier to dive into a new tome.

If you’re looking to widen your audiobook listening in 2025 or embrace the spoken word for the very first time, you can currently save 50 per cent on your first three months of Amazon Audible. Usually costing £7.99, you receive a credit each month that buys you an audiobook. If you want to buy more than one a month, each title tends to cost around £10. But owing to the length, it usually takes a couple of weeks to get through each one.

I’ve been an avid audiobook listener for years, so here’s some book inspiration to get you started, from memoirs to fiction.

Known for his New Yorker essays and This American Life programs, the American humorist and essayist David Sedaris is at his best when narrating his own writing.

Me Talk Pretty One Day is arguably his best collection of personal essays and in turn, his best audiobook. Whether he’s exploring his move from New York to Paris and attempting to learn French from a sadistic teacher, ranting about posh restaurants, recounting his childhood guitar lessons (you won’t ever forget his tutor Mr Mancini after listening to the essay) or reflections on his idiosyncratic family, it’s laugh-out-loud funny thanks to Sedaris’ pitch-perfect comedic timing. The collection of essays is perfect for dipping in and out of as if you would a podcast.

Barbara Kingsolver won both the Pulitzer Prize for Fiction and the Women's Prize for Fiction for her 2023 novel Demon Copperhead . A retelling of Charles Dickens’s David Copperfield , it’s a powerful reimagining set amid America’s opioid crisis.

Narrated by Charlie Thurston, the actor’s regional accent transports you right to southwest Virginia, where the story is set. Thurston’s narration is just as emotive as the novel itself, which centres on young Damon Fields, who is born to a drug-using teenage mother. A hero against the odds, we follow him through school and into young adulthood, just like in Dickens’ novel. Owing to rich character development and life-affirming but often tragic storytelling, it’s the kind of book you grieve once you’ve finished listening.

Author of Rodham , American Wife and Prep, Curtis Sittenfeld novels are a guaranteed good time. Her latest, Romantic Comedy , is a joyous listen, following A TV scriptwriter who develops an unlikely crush. Working on A Saturday Night Live -type show, Sally Milz is successful but long over finding love. That is until she meets Noah, an attractive young pop star who is making a guest appearance on the show. Funny, warm and witty, Kristen Sieh’s narration is the perfect lighthearted companion for dog walks and chores.

Narrated by the icon that is Miriam Margoyles herself, the actor’s memoir This Much is True is a rollicking ride through her life. From her blissful upbringing and time at university in the Cambridge Footlights to hilarious sexual escapades and gossip on Hollywood A-listers Warren Beatty and Leonardo DiCaprio.

Touching on the highs and lows of her life, she’s candid on her stint as Professor Sprout in the Harry Potter franchise and her work in Call the Midwife, while also exploring her 53-year relationship with her partner Heather. Unsurprisingly, it’s hilarious but equally a fascinating and emotional portrait of a life well-lived.

Read by the SAG-nominated Bridgerton actor Adjoa Adoh, the audiobook of Chimamanda Ngozi Adichie’s epic novel Half of The Yellow Sun is as much of a masterpiece as the novel itself.

Winner of the Orange Broadband Prize for Fiction 2007, the evocative story is set in Nigeria during the 1960s, when a civil war was raging in which a million people died and thousands were massacred. Following three people whose lives intersect as they’re swept up in the violence, the novel explores everything from moral responsibility to the end of colonialism. The characters and story stay with you long after you finish listening.

For more book recommendations, check out IndyBest’s fiction and non-fiction reviews"
Best TV deals for May 2025,https://www.independent.co.uk/deals/best-tv-deals-uk-smart-4k-oled-b2689964.html,,arts_culture_celebrities,independent,"Unlike a lot of other tech, the best TVs are always coming down in price. Some of our favourite 4K OLED TVs from brands like LG, Samsung and Hisense can now be picked up for under £1,000, while deals on even cheaper sets can be found for less than £200.

With prices varying so wildly, it can be hard to spot a genuine discount in all the noise. Our expert guide to the best TV deals this May will help you spot the offers worth caring about on a new TV you’ll love.

If you’re not sure which type of set is right for you, keep in mind that bigger doesn’t always mean better. Ultra HD (4K) is now the standard for most broadcasts, especially on streaming platforms such as Prime Video and Apple TV+ . For a while, they were prohibitively expensive but today, most good 4K TVs are cheaper than you might think – you can find decent ultra HD televisions for less than £600.

The new standard of 4K also means ‘full HD’ televisions have become bargain-basement fodder. They have half the detail of a 4K TV, but even massive sets can be picked up for less than £200. These make ideal TVs for bedrooms and other places you wouldn’t regularly sit down to watch.

For each discount, we’ve highlighted the best deal on the most popular size of TV – but the same deal can often be found on larger or smaller sets. Click around the find the right size for your home, and make sure you measure your space before buying.

Sitting in the middle of the brand’s range, the LG B4 is a superb and affordable OLED TV for watching shows and movies. This model (the LG B46) adds a few key features that make it ideal for gaming too. The rich, 120Hz, 4K display has support for Nvidia G-sync and AMD FreeSync, meaning less stuttering during fast-paced games. At £649, it’s the best bargain in 55in TVs right now.

Though not the latest in the series, last year’s LG C4 is the best value OLED television on the market. Brilliant colour, contrast and highlights paired with a 120Hz refresh rate and Nvidia G-sync support make the C4 the best TV for movie fans and gamers alike. The 65in model gets a whopping 29 per cent discount, while the smallest 42in model is a bargain at £679.

We’ve seen the Fire TV Omni drop to as little as £419 in the Black Friday sale, but you can still save hundreds on the QLED series 4K model right now. For vibrant, clear and crisp pictures, you can’t go wrong. Thanks to QLED technology, you can expect all your favourite movies and shows to leap off the screen with vivid, lifelike colours.

The cheapest TV in the Amazon Fire TV range is currently £100 off. Its main downside is its lack of 4K resolution, so the picture quality is poorer than more expensive sets, but it’s still an excellent budget option for those who don’t want to spend too much. You get the same superb Amazon smart TV streaming experience, the Alexa voice remote, and a full set of the most popular streaming apps and services.

You can save £60 on this already cheap 43in Hisense TV. An LED set launched in 2023, the A6KT supports HDR10 and Dolby Vision for improved contrast and detail during darker scenes. Built-in Alexa means you can control smart speakers around the home and use voice commands to play music, movies and TV shows on demand.

Our team of IndyBest experts is constantly scanning the internet for the best prices on top-rated televisions. We look out for discounts on the most popular sets from trustworthy brands, as well as deals on TVs across a range of different sizes to suit different budgets.

You’ll often see TVs on sale with giant discounts that look too good to be true. That’s because most retailers are comparing their current price to the price the television launched at, even years later.

We monitor price changes over time to get an understanding of the true average price of TVs, then compare retailers’ discounts to this average price rather than the outdated RRP. That’s how we can be sure you’re getting a good deal on a great television.

A good TV needs a good speaker – these are the best soundbars for cinematic audio in your home"
Lady Gaga and Madonna rivalry ignited once again by new Brazil record,https://www.independent.co.uk/arts-entertainment/music/news/lady-gaga-madonna-brazil-record-free-concert-b2744901.html,,arts_culture_celebrities,independent,"Rivalry between Lady Gaga and Madonna has been reignited once again after the “Bad Romance” singer broke a record for the most-attended free concert hosted by a female singer during her show at Copacabana beach in Brazil on Saturday (3 May).

Gaga broke the record, which had previously been set by Madonna, when 2.1 million attendees flocked to Rio de Janeiro ’s shores for the concert as part of a promotional tour for her latest album, Mayhem .

Madonna originally set the record when she gave a concert as part of her Celebration tour on Copacabana beach in May 2024, with 1.6 million attendees.

Respective fans of the two artists have been using the new record set by Gaga as an opportunity to pit the two musicians against each other.

One fan shared a picture of the crowd at Gaga’s show, and wrote online, “Oh Gaga you will never be Madonna,” to which another fan snapped back: “She will never be Madonna because she’s Lady Gaga – and she’s far better.”

Another person said that Gaga’s new record is a testament to the success of her career.

“I don’t think we fully grasp how massive this is… Madonna has a four-decade career that spans generations.. .Gaga managed to attract all in a short time and pull a bigger audience by a wide margin and no one might ever top this… she’s a legend,” they wrote.

Another more neutral fan chimed in, saying: “I’m a Madonna fan since I was eight, and I love Gaga too, they both love each other too, why the confrontation?”

When Gaga released her debut album The Fame in 2008, critics were quick to compare her to Madonna due to her avant-garde performance style and take on the pop genre.

Both musicians have referenced the perceived rivalry between them, with the pair poking fun at the rumours when they appeared in a 2009 Saturday Night Live segment.

Enjoy unlimited access to 100 million ad-free songs and podcasts with Amazon Music

Sign up now for a 30-day free trial. Terms apply.

ADVERTISEMENT. If you sign up to this service we will earn commission. This revenue helps to fund journalism across The Independent.

Enjoy unlimited access to 100 million ad-free songs and podcasts with Amazon Music

Sign up now for a 30-day free trial. Terms apply.

ADVERTISEMENT. If you sign up to this service we will earn commission. This revenue helps to fund journalism across The Independent.

Some fans argued that Gaga’s 2011 song “Born This Way” was an imitation of Madonna’s 1989 song “Express Yourself”, and Madonna went on to call the song a “blatant rip-off” and said it felt “reductive” in an interview with Rolling Stone . Later she performed a mash-up of the two songs in her concerts.

Gaga addressed this in a 2013 interview with Attitude Magazine, saying she was “floored” that Madonna was singing her song.

“Madonna Ciccone was singing my song on stage and I’m 27! As a punk rocker from New York, I’ve basically been hoping that I would become so good that one day I would piss off Madonna!” she said.

Gaga added: “I’m certainly not thinking about anybody but me and my fans when I’m on stage. The fact that I was on her mind at all... I mean, Madonna’s… she’s Madonna. I looked up to her for a long time. I’m not quite sure what her intention was – to do that in the show – but I don’t really care.”

The “Poker Face” singer addressed the criticism in her Netflix 2017 Netflix documentary, Five Foot Two, commenting: “So the thing with me and Madonna for example, is that I admired her always.

“And I still admire her, no matter what she might think of me. She wouldn’t look me in the eye and tell me that I was reductive or whatever… Telling me you think I’m a piece of s*** through the media? It’s like a guy passing me a note through his friend.”

The pair appeared to squash rumours of a feud between them in 2019, when they were photographed together at Madonna’s Oscars afterparty."
The song voted the UK’s favourite – for the seventh year running,https://www.independent.co.uk/arts-entertainment/music/news/careless-whisper-favourite-song-uk-b2745211.html,,arts_culture_celebrities,independent,"For the seventh consecutive year, George Michael 's ""Careless Whisper"" has claimed the top spot as the UK’s favourite song, according to Smooth Radio's All Time Top 500 poll.

The track, co-written with Andrew Ridgeley for the Wham! album Make It Big , celebrated its 40th anniversary in 2024 and has been viewed more than 1.4 billion times on YouTube.

The late George Michael, who died on Christmas Day in 2016 , also dominated the poll as the most popular artist overall, boasting 19 entries in Smooth's chart.

These include 13 solo hits, with ""A Different Corner"" securing the number three position.

Swedish pop giants Abba secured 16 entries in the Top 500. They hold the title of most popular group, with ""Dancing Queen"" reaching number 10 and ""The Winner Takes It All"" at number 25.

This success follows the band's 50th anniversary celebrations in 2024, commemorating their Eurovision Song Contest victory with ""Waterloo"" in 1974 .

British singer-songwriter Sir Elton John rejoined the top 10 Smooth Radio chart for the first time since 2017 with his duet “Don’t Let The Sun Go Down On Me” with Michael – reaching number nine.

Sir Elton received 13 entries in this year’s countdown – making him the most popular living music artist, according to the Smooth Radio poll.

Whitney Houston, who died in 2012 aged 48, was nominated the most popular female artist, with 13 songs featured in the countdown including her rendition of “I Will Always Love You”, earning her a place at number 14.

Also joining the top 20 list is singer-songwriter Ed Sheeran with his song “Perfect” reaching number 11, and Robbie Williams who jumped two spots on the chart since 2024 to number 15 with his song “Angels”.

Enjoy unlimited access to 100 million ad-free songs and podcasts with Amazon Music

Sign up now for a 30-day free trial. Terms apply.

ADVERTISEMENT. If you sign up to this service we will earn commission. This revenue helps to fund journalism across The Independent.

Enjoy unlimited access to 100 million ad-free songs and podcasts with Amazon Music

Sign up now for a 30-day free trial. Terms apply.

ADVERTISEMENT. If you sign up to this service we will earn commission. This revenue helps to fund journalism across The Independent.

Smooth presenter Angie Greaves, who revealed the top 20 on air, said: “Smooth’s All Time Top 500 is a fantastic celebration of the best songs that are the soundtrack to our lives, from legendary music artists to the stars of today.

“It’s wonderful to see George Michael’s ‘Careless Whisper’ top the chart again, with his timeless music continuing to resonate with the public, and Abba celebrate their biggest year ever, retaining their crown as the most popular group.

“Our congratulations to Elton John on his first return to the top 10 in eight years and on his place as the nation’s favourite living artist, and to Robbie Williams, Ed Sheeran and Kylie Minogue on their success this year.”

Across the May bank holiday weekend, the top 500 songs were played on air, with the number one announced just before 7pm on Monday.

1. “Careless Whisper” – George Michael

2. “Bohemian Rhapsody” – Queen

3. “A Different Corner” – George Michael

4. “Man In The Mirror” – Michael Jackson

5. “Bridge Over Trouble Water” – Simon and Garfunkel

6. “Dance With My Father” – Luther Vandross

7. “Billie Jean” – Michael Jackson

8. “Hotel California” – Eagles

9. “Don’t Let The Sun Go Down On Me” – Elton John and George Michael

10. “Dancing Queen” – Abba

11. “Perfect” – Ed Sheeran

12. “Mr Blue Sky” – Electric Orchestra

13. “Human Nature” – Michael Jackson

14. “I Will Always Love You” – Whitney Houston

15. “Angels” – Robbie Williams

16. “Wind Beneath My Wings” – Bette Midler

17. “Sweet Caroline” – Neil Diamond

18. “Don’t Stop Me Now” – Queen

19. “(Everything I Do) I Do It For You” – Bryan Adams

20. “Running Up That Hill” – Kate Bush"
Oasis setlist ‘update’ as speculation grows ahead of reunion tour,https://www.independent.co.uk/arts-entertainment/music/news/oasis-setlist-reunion-tour-set-length-b2745479.html,,arts_culture_celebrities,independent,"Oasis fans are scrambling to work out which songs might appear on the rock band’s setlist when they kick off their huge reunion tour in July .

Brothers Noel and Liam Gallagher , who last month were reported to have played together for the first time in years , will reunite onstage for their Oasis ‘25 tour from 4 July.

As anticipation grows, various reports have claimed that certain songs from the storied band’s back catalogue either will or won’t appear on their setlist .

According to The Sun , Oasis have chosen to drop “Hello”, the opening song on their 1995 album (What’s the Story) Morning Glory? , because it quotes lyrics by disgraced pop star and convicted paedophile Gary Glitter.

Glitter and his producer Mike Leander are both credited on the track along with Noel.

A source supposedly told the publication that the band have chosen to leave it off the setlist because it would be “inappropriate”.

However, The Independent understands that Oasis are yet to decide on the tour setlist and will only do so when rehearsals for the shows get underway in June.

A source said that there was “no truth” to ongoing reports regarding which songs would or wouldn’t be on the setlist, stating: “[The band] aren’t deciding until rehearsals.”

Liam, 52, also recently mocked reports that he and Noel would have completely separate dressing rooms, green rooms and afterparties at each of their shows.

The Sun quoted a source as saying: “You might be seeing Oasis on stage but you will not be seeing Liam and Noel together afterwards. Each of them had a VIP list where their friends and famous fans could buy their tickets. But depending on which brother you got your ticket off, it’s their green room and after-party you’re invited to.

Enjoy unlimited access to 100 million ad-free songs and podcasts with Amazon Music

Sign up now for a 30-day free trial. Terms apply.

ADVERTISEMENT. If you sign up to this service we will earn commission. This revenue helps to fund journalism across The Independent.

Enjoy unlimited access to 100 million ad-free songs and podcasts with Amazon Music

Sign up now for a 30-day free trial. Terms apply.

ADVERTISEMENT. If you sign up to this service we will earn commission. This revenue helps to fund journalism across The Independent.

“So if you’re on Noel’s list but fancy going across to say hello to Liam, it’s going to be a case of trying to blag entry. It seems like they are totally separate events. It’s gutting for people who want to hang out with both of them but it seems they’re keeping it all at a distance.”

“After party’s are for w***ers I’m getting straight of after the gigs get my beauty sleep this level of sexiness doesn’t happen by staying up talking bollox to bellends,” Liam wrote on X/Twitter.

He and his older brother are believed to have performed together for the first known time in 16 years during a top-secret set in London last month.

The once-warring siblings were pictured arriving separately at a London working men’s club – where they apparently filmed a set of songs that will feature in a promotional film for their forthcoming reunion tour.

Speaking toTalkSport Radioahead of the session, Noel, 57, revealed that rehearsals were about to begin and praised singer Liam for being on “tip-top form”.

The Oasis ‘25 tour will coincide with the 30th anniversary of (What’s the Story) Morning Glory? , one of the biggest-selling LPs by a British act of all time."
The Independent announces content partnership with Latitude 2025,https://www.independent.co.uk/arts-entertainment/music/news/latitude-festival-2025-tickets-music-comedy-talks-b2745181.html,,arts_culture_celebrities,independent,"The Independent is pleased to announce its inaugural content partnership with Latitude for 2025, bringing exclusive discussions to festival fans in the build-up to the event and live on stage in Suffolk.

Through June and July, weekly interviews will be broadcast on Instagram Live, with some of The Independent’ s top journalists in conversation with some of the brilliant musicians, authors and comedians on this year’s Latitude lineup .

Each talk will focus on one of the main pillars that Latitude is celebrated for , weaving in insight and expertise from The Independent’ s journalists.

Beginning on 9 July with a Music discussion, the Instagram Live interview series will then cover Comedy (16 June), Debate (23 June), Wellness (30 June) and Literature and Theatre (7 July).

The evening Instagram Lives will be available to watch on both The Independent and Latitude channels, allowing festival fans an early preview of what to expect at the main event.

Guests for the Instagram Live talks will be announced in the coming weeks.

At the festival itself, which takes place between 24 to 27 July, a writer from The Independent will host a talk with a much-loved and soon-to-be-announced act on the Listening Post stage.

Among the artists on this year’s eclectic lineup are Sting, Fatboy Slim , Snow Patrol , Sigrid , Basement Jaxx and Elbow , as well as a top comedy roster featuring Reggie Watts, Greg Davies and Bridget Christie.

Latitude will also host a number of science debates at the newly announced The Cosmic Shambles Forest of Science and Culture, starring renowned speakers including Dr Helen Czerski, Dame Dr Maggie Aderin-Pocock and Dr Erica McAlister.

Chloe Hubbard, UK Editor for The Independent, said: “Latitude really is a special festival – it's a truly unique event and a personal favourite of mine. We're delighted to be a part of it this year, kicking off the Latitude magic with brilliant preview conversations in the run up to the festival and joining the action at the beautiful Henham Park.”

Enjoy unlimited access to 100 million ad-free songs and podcasts with Amazon Music

Sign up now for a 30-day free trial. Terms apply.

ADVERTISEMENT. If you sign up to this service we will earn commission. This revenue helps to fund journalism across The Independent.

Enjoy unlimited access to 100 million ad-free songs and podcasts with Amazon Music

Sign up now for a 30-day free trial. Terms apply.

ADVERTISEMENT. If you sign up to this service we will earn commission. This revenue helps to fund journalism across The Independent.

Melvin Benn, Founder and Managing Director of Latitude Festival, commented: “We are thrilled to partner with The Independent on this exciting content collaboration. Latitude has always been a space for discovery, dialogue, and diverse voices.

“With The Independent ’s shared dedication to championing creativity that provokes thought, inspires, and fosters connection, this partnership will extend that vision beyond the festival grounds. Together, we will bring compelling conversations across music, arts, and ideas to an even wider audience both ahead of this year’s festival and on-site.""

Day tickets start from £110 plus booking fees for adults, and £18 plus booking fees for children. Weekend tickets start from £308 for adults plus booking fees, £190 plus booking fees for teenagers, and £28 plus booking fees for children.

Buy tickets here"
Glastonbury fans speculate over Acoustic Stage ‘special guests’ clue,https://www.independent.co.uk/arts-entertainment/music/news/glastonbury-2025-secret-sets-bob-dylan-timothee-chalamet-b2745562.html,,arts_culture_celebrities,independent,"Glastonbury can be a great place for celebrity spotting, as the annual festival attracts Hollywood stars including Paul Mescal , Gwyneth Paltrow and Florence Pugh to the muddy fields of Worthy Farm .

Occasionally, you might even see the odd actor taking to the stage, such as last year when Russell Crowe and his band, Indoor Garden Party, regaled audiences from the festival’s Acoustic Stage .

Some fans now think they’ve spotted a clue that another famous face could be making an appearance on the same stage this year, after the lineup was unveiled last week.

Included alongside the London Community Gospel Choir and The Bootleg Beatles is an act named Not Completely Unknown: A Celebration of the Songs of Bob Dylan and Special Guests.

While the “special guests” have yet to be confirmed, fans are understandably now wondering whether one of them could be none other than Timothée Chalamet, who starred as Dylan in the Oscar-nominated 2024 biopic A Complete Unknown.

“I’m very into this theory,” one fan wrote under a TikTok that promoted the theory that Chalamet would be one of the special guests.

“I thought the same when I saw the Acoustic Stage lineup! imagine!”, another said.

However, it was also pointed out that the next Dune sequel is due to begin filming in June, meaning Chalamet’s schedule might not allow for a Worthy Farm appearance.

Glastonbury 2025 is being headlined by British rock band The 1975 , US pop star Olivia Rodrigo, and Neil Young and his band The Chrome Hearts.

Other acts on the lineup include Brit Award and Grammy-winning star Charli XCX , singer RAYE , Grammy-winning rapper Doechii, British hip-hop artist Loyle Carner, Scottish rock band Biffy Clyro and rapper Busta Rhymes.

Enjoy unlimited access to 100 million ad-free songs and podcasts with Amazon Music

Sign up now for a 30-day free trial. Terms apply.

ADVERTISEMENT. If you sign up to this service we will earn commission. This revenue helps to fund journalism across The Independent.

Enjoy unlimited access to 100 million ad-free songs and podcasts with Amazon Music

Sign up now for a 30-day free trial. Terms apply.

ADVERTISEMENT. If you sign up to this service we will earn commission. This revenue helps to fund journalism across The Independent.

It was announced last year that Rod Stewart would take on the Sunday teatime Legends Slot on the Pyramid Stage.

Further artists set to perform are Nineties-formed electronic pioneers The Prodigy, Canadian artist Alanis Morissette and rock band The Libertines. “Messy” star Lola Young, US pop singer Gracie Abrams, and viral star Shaboozey are also on the lineup.

Among the returning festival favourites are Mercury Prize-winning rock band Wolf Alice, indie duo Wet Leg, Fatboy Slim and Scissor Sisters.

Glastonbury 2025 takes place from 25 to 29 June."
Seventy-two former Eurovision contestants call for Israel to be banned,https://www.independent.co.uk/arts-entertainment/music/news/eurovision-2025-israel-open-letter-b2745466.html,,arts_culture_celebrities,independent,"Seventy-two former Eurovision contestants have signed an open letter calling for Israel and its national broadcaster KAN to be banned from this year’s contest.

The letter seen by The Independent is addressed to the European Broadcasting Union , which organises Eurovision, and blames the uproar that surrounded last year’s event in Sweden for leading to “the most politicised, chaotic and unpleasant in the competition’s history”.

It accuses KAN of being “complicit in Israel’s genocide against the Palestinians in Gaza and the decades-long regime of apartheid and military occupation against the entire Palestinian people”.

Israel vehemently denies that it is committing genocide. Court proceedings at the United Nation’s highest court, the International Court of Justice , are ongoing.

In 2023, KAN reporter Rotem Achihun was filmed joking with Israeli soldiers while appearing to write a “message for Gaza” on the side of a tank shell.

KAN received heavy criticism last year for its delegation’s alleged treatment of contestants.

Irish contestant Bambie Thug accused the network of “inciting violence against me, twice, three times”. The singer withdrew from dress rehearsals over the controversy, prompting the EBU to confirm it had spoken with KAN about its coverage.

Among the signatories of the letter are 2023 UK contestant Mae Muller , Ireland’s 1994 champion Charlie McGettigan, and Portuguese singer Fernando Tordo.

“By continuing to platform the representation of the Israeli state, the EBU is normalising and whitewashing its crimes,” the letter states.

“The EBU has already demonstrated that it is capable of taking measures, as in 2022, when it expelled Russia from the competition. We don’t accept this double standard regarding Israel.

Enjoy unlimited access to 100 million ad-free songs and podcasts with Amazon Music

Sign up now for a 30-day free trial. Terms apply.

ADVERTISEMENT. If you sign up to this service we will earn commission. This revenue helps to fund journalism across The Independent.

Enjoy unlimited access to 100 million ad-free songs and podcasts with Amazon Music

Sign up now for a 30-day free trial. Terms apply.

ADVERTISEMENT. If you sign up to this service we will earn commission. This revenue helps to fund journalism across The Independent.

“We stand in solidarity with this year’s contestants and condemn the EBU’s repeated refusal to take responsibility.”

Eurovision 2024 was plagued by controversy due to Israel’s participation in the contest amid its ongoing attacks on Gaza. Some critics accused the EBU of hypocrisy for refusing to remove Israel from the competition, having previously ejected Russia in 2022 following Putin’s invasion of Ukraine .

“[It] can’t be one rule for Russia and a completely different rule for Israel. You bomb, you’re out,” Thea Garrett, who represented Malta in 2010 and who signed the letter, said.

Israel was ultimately allowed to compete last year with its delegate Eden Golan, despite threatening to withdraw after she was asked to amend her song “October Rain” due to its perceived lyrical references to the 7 October attacks.

This year, Israel is being represented by 7 October survivor Yuval Raphael, who will sing the track “New Day Will Rise” at the event, held in Basel, Switzerland.

“We understand the concerns and deeply held views around the current conflict in the Middle East,” Martin Green CBE, director of the Eurovision Song Contest, told The Independent.

“The EBU is an association of public service broadcasters who are all eligible to participate in the Eurovision Song Contest every year. Additionally, as part of its mission to secure a sustainable future for public service media, the EBU is supporting our Israeli Member Kan against the threat from being privatized or shut down by the Israeli government.

“We are not immune to global events but, together, it is our role to ensure the Contest remains – at its heart – a universal event that promotes connections, diversity and inclusion through music. The EBU remains aligned with other international organisations that have similarly maintained their inclusive stance towards Israeli participants in major competitions at this time.”

The letter is published after broadcasters for three participating countries questioned Israel’s role in the competition earlier this year.

Spanish broadcaster RTVE wrote to the EBU’s secretary-general for a discussion about the issue, while Iceland’s delegation and foreign minister called the country’s participation “strange” and Slovenia’s RTV SLO network backed calls for Israel to be banned.

In response, the EBU said it appreciated there are concerns about the “current conflict in the Middle East” and remains “in constant contact with those participating this year”.

Last year, over 56,000 people signed a petition calling for Israel to be banned while Iceland’s Association of Composers and Lyricists, along with over 1,400 industry professionals across Europe, called for Golan to be suspended.

During the event itself, there were several direct and indirect references to the war. The EBU expressing “regret” that Swedish candidate Eric Saade wore a Keffiyeh on stage. Irish delegate Bambie Thug later hit out at the EBU for “scapegoating” Ireland while refusing to address the “urgent” matter.

The full letter is included below and is to be published along with its full list of signatories on artistsforpalestine.org.uk :

“Exclude Israel from Eurovision: A call from former Eurovision participants”

“We, the undersigned former Eurovision participants, urge all members of the European Broadcasting Union (EBU) to demand the exclusion of KAN, the Israeli public broadcaster, from the Eurovision Song Contest. KAN is complicit in Israel’s genocide against the Palestinians in Gaza and the decades-long regime of apartheid and military occupation against the entire Palestinian people.

“We believe in the unifying power of music, which is why we refuse to allow music to be used as a tool to whitewash crimes against humanity. Last year, we were appalled that the EBU allowed Israel to participate while it continued its genocide in Gaza broadcast live for the world to see. The result was disastrous.

“Rather than acknowledging the widespread criticism and reflecting on its own failures, the EBU responded by doubling down — granting total impunity to the Israeli delegation while repressing other artists and delegations, making the 2024 edition the most politicized, chaotic and unpleasant in the competition’s history.

“Silence is not an option. When authoritarian movements and the far-right are on the rise around the globe, our duty to speak out has only become more pressing. We therefore join together to state that the EBU's complicity with Israel's genocide must stop.

“By continuing to platform the representation of the Israeli state, the EBU is normalising and whitewashing its crimes. The EBU has already demonstrated that it is capable of taking measures, as in 2022, when it expelled Russia from the competition. We don’t accept this double standard regarding Israel.

“We stand in solidarity with this year’s contestants and condemn the EBU’s repeated refusal to take responsibility.

“As singers, songwriters, musicians and others who have had the privilege of participating in Eurovision, we urge the EBU and all its member broadcasters to act now and prevent further discredit and disruption to the festival: Israel must be excluded from Eurovision.”

The Independent has contacted KAN and the European Broadcasting Union for comment."
Robert Downey Jr delivers verdict on Marvel’s Thunderbolts*,https://www.independent.co.uk/arts-entertainment/films/news/robert-downey-jr-thunderbolts-marvel-b2744855.html,,arts_culture_celebrities,independent,"Robert Downey Jr has offered his thoughts on Marvel ’s latest superhero team-up Thunderbolts* .

The 60-year-old Iron Man star is currently preparing to play the villain, Doctor Doom, in next year’s Avengers: Doomsday .

Downey shared a picture on Instagram of himself and some of his fellow cast members attending a Thunderbolts* screening. Included in the group were a host of returning Marvel stars including Thor’s Chris Hemsworth, Ant-Man ’s Paul Rudd, Captain America ’s Anthony Mackie, Shang-Chi ’s Simu Liu and Winston Duke, who plays M’Baku in Black Panther.

Also present were Marvel Cinematic Universe newcomers Vanessa Kirby and Ebon-Moss Bachrach, who star in the upcoming Fantastic Four , and Channing Tatum, who played the X-Men character Gambit in last year’s Deadpool & Wolverine.

Downey captioned the image: “Just wow!!! Dinner and a show with the Old Avengers. So cool, fresh, and deep. Big congrats to the New Avengers (and Bob). #Thunderbolts.”

Starring Florence Pugh , Sebastian Stan , David Harbour , Wyatt Russell, Lewis Pullman , Hannah John-Kamen, and Julia Louis-Dreyfus, the film follows an unconventional group of antiheroes who embark on a dangerous mission.

In a four-star review of Thunderbolts* , The Independent film critic Clarisse Loughrey called it “the best Marvel movie in years.”

“It’s hard not to be cynical about Marvel’s Thunderbolts*, ” wrote Loughrey. “The franchise, having muscled countless independent films out of cinema screens to make more room for its behemoths, now has the audacity to sell their latest instalment as a big-budgeted film with the ‘feel’ of a low-budgeted one, releasing a trailer boasting about how many of its cast and crew have worked on projects released by the average cinephile’s favourite production company , A24. Even its official synopsis declares, with a wink and a nudge, that it’s come courtesy of “a crew of indie veterans who sold out.

“Then again, if you do hire the team behind Netflix’s razor-sharp comedy series Beef (director Jake Schreier, its creator Lee Sung Jin, and one of its writers, The Bear ’s co-showrunner Joanna Calo), and actually allow them the space and tools to work – well, logically, you should end up with something fairly decent.

“And, so, Thunderbolts* is good. Not “ single-handedly save the Marvel cinematic universe ” good, but enough to make those self-declared victims of ‘superhero fatigue’ reconsider that it might not be the genre itself that’s tapped out, but merely the focus on telling stories versus marketing future sequels and the sickly shimmer of nostalgia.”

Marvel fans have been urged to stay seated after the end of the movie as the film has two post-credit scenes."
Conclave author says papal election process is akin to The Traitors,https://www.independent.co.uk/arts-entertainment/films/news/conclave-papal-election-richard-harris-traitors-b2744857.html,,arts_culture_celebrities,independent,"Robert Harris , the author of the novel that inspired the 2024 film Conclave , has said that the process to elect a new pope is the closest thing to a real-life version of the deception game show The Traitor s.

The death of Pope Francis at the age of 88 has drawn renewed attention to the Oscar-nominated film Conclave , which was set within the cloistered world of the Vatican. It follows the days after the death of the Pope, with cardinals (under the age of 80) gathering in the Vatican’s Sistine Chapel for a process to choose the next Pontiff, while the public wait outside for a decision.

In Edward Berger’s adaptation of Harris’s 2016 novel, the election of a new Pope is depicted as a gossipy affair, full of infighting and political manoeuvring by cardinals jostling for power and leverage over their rivals.

Ahead of the conclave process to elect Pope Francis ’s successor on 7 May, Harris has said that the process of deal-making, secrecy and private discussions has a striking resemblance to the hit BBC game show The Traitors.

The programme sees contestants picked as Traitors, who must mislead the rest of the contestants in order to survive and kill, and Faithfuls, who must catch and banish. The result sees participants splinter into different factions and grow suspicious of everyone around them.

“[It’s] the nearest analogy I can come to. Suddenly everyone swings to one person – you can’t see why, particularly, but it happens,” Harris told the BBC of the similarities.

“And in a funny way, a similar dynamic does operate in a conclave, which is why often it produces a surprise.”

Elsewhere in the interview, Harris suggested that political parties electing a new leader could learn from the conclave process.

“To lock the door and say you’re not going to come out until you’ve come up with a result concentrates the mind – and if you look back, the popes have been pretty good.

Watch Apple TV+ free for 7 day

New subscribers only. £8.99/mo. after free trial. Plan auto-renews until cancelled.

ADVERTISEMENT. If you sign up to this service we will earn commission. This revenue helps to fund journalism across The Independent.

Watch Apple TV+ free for 7 day

New subscribers only. £8.99/mo. after free trial. Plan auto-renews until cancelled.

ADVERTISEMENT. If you sign up to this service we will earn commission. This revenue helps to fund journalism across The Independent.

“I didn’t come away from researching the novel thinking this is a terrible idea [and that] I must write a novel to expose how awful it is. In a way, the novel shows a conclave working.”

In the pre-conclave process, cardinals – played by the likes of Ralph Fiennes, Stanley Tucci, and John Lithgow in the film – gather to elect Pope Francis’ s successor, and engage in a discreet dance of dinner parties, coffee meet-ups, and private conversations, all aimed at discerning who possesses the qualities to lead the Catholic Church.

During the voting process, which takes place in the Sistine chapel, cardinals will write down the name of their vote for the next Pope, and then place those votes in a sealed container. Once the votes have been totalled, an official will read them aloud.

If a two-thirds majority is not reached, they will be burned with an additive that produces black smoke that will leave the conclave chimney. It is only when a decision has been reached that the additive will not be used, and the smoke will burn white to announce that a new Pope has been selected."
Thunderbolts* expected to top weekend box office after strong opening,https://www.independent.co.uk/arts-entertainment/films/news/thunderbolts-marvel-box-office-rankings-sinners-b2744903.html,,arts_culture_celebrities,independent,"Marvel ’s latest offering Thunderbolts* is on track to top the weekend box office rankings after making $31.5m (£24m) across Friday and preview screenings from more than 4,000 US cinemas.

The successful release day puts the film, about a misfit squad of Marvel’s antiheroes , in a position to meet projections for a domestic opening weekend between $70m and $75m (£57m).

However, this will still rank the film as drawing one of the lower Marvel openings in history . It is likely to gross less than Disney’s previous Marvel outing, Captain America: Brave New World, which was released in February and had a successful $40.9m (£30m) opening day and made $88m (£66m) over the weekend.

The new release is also likely to stay behind 2021’s Black Widow , which introduced Thunderbolts* stars Florence Pugh and David Harbour , and made $80m (£60m) in its opening weekend.

The film also stars Marvel regular Sebastian Stan, as well as Wyatt Russell, Hannah John-Kamen, Lewis Pullman and Julia Louis-Dreyfus. It has received mostly positive reviews , with The Independent’s Clarisse Loughrey calling it “the best Marvel movie in years” in a four-star review.

Loughrey praised the formula of bringing together a group of squabbling antiheroes, writing: “Take a crew of emotionally repressed characters and have them gradually and tenderly open up and you’ve found a shortcut to drawing in and disarming your audience.”

Variety reports that the film had a production cost of $180m, plus another $100m to market and distribute, meaning that it needs to have significant staying power to make a profit from its cinema rollout.

Elsewhere at the US box office, Ryan Coogler’s vampire horror Sinners had another successful weekend, making $9.5m on Friday, down just 27 per cent from its daily total a week ago.

The film stars Michael B Jordan in dual roles, playing twin brothers who return from Chicago to their hometown in 1930s Mississippi. It recently made history as the first horror film to receive an A rating by the viewer polling company CinemaScore .

Watch Apple TV+ free for 7 day

New subscribers only. £8.99/mo. after free trial. Plan auto-renews until cancelled.

ADVERTISEMENT. If you sign up to this service we will earn commission. This revenue helps to fund journalism across The Independent.

Watch Apple TV+ free for 7 day

New subscribers only. £8.99/mo. after free trial. Plan auto-renews until cancelled.

ADVERTISEMENT. If you sign up to this service we will earn commission. This revenue helps to fund journalism across The Independent.

It has also shown impressive staying power at the box office since debuting two weeks ago, and has already tripled its $48m opening weekend.

In third place at the US box office on Friday was A Minecraft Movie , which is still drawing in large crowds on its fifth weekend of release. The video game adaptation film, starring Jack Black, Jason Momoa and Danielle Brooks, earned another $3.1m on Friday, making its total domestic gross $387.6m (£291m).

In the coming days, it is expected to surpass a $400m (£301m) domestic gross and become one top 50 movies of all time at the US box office.

The film’s popularity has also led to rowdy scenes in cinemas , with multiple cinema chains in the UK reporting disturbances during screenings, primarily involving young audiences partaking in TikTok trends that involve shouting back phrases from internet memes to the screen."
President Trump threatens 100% tariffs on foreign films,https://www.independent.co.uk/arts-entertainment/films/news/trump-tariffs-foreign-films-hollywood-truth-social-b2744904.html,,arts_culture_celebrities,independent,"President Donald Trump has said he will impose “100% tariffs ” on foreign films in what he claims is a bid to aid the Hollywood film industry.

Trump took to social media to brand foreign film production a “National Security threat.”

Posting on his own site, Truth Social , Trump wrote: “The Movie Industry in America is DYING a very fast death. Other Countries are offering all sorts of incentives to draw our filmmakers and studios away from the United States. Hollywood, and many other areas within the U.S.A., are being devastated.

“This is a concerted effort by other Nations and, therefore, a National Security threat. It is, in addition to everything else, messaging and propaganda!

“Therefore, I am authorizing the Department of Commerce, and the United States Trade Representative, to immediately begin the process of instituting a 100% Tariff on any and all Movies coming into our Country that are produced in Foreign Lands.

“WE WANT MOVIES MADE IN AMERICA, AGAIN!”

Last month, China reportedly began weighing up a ban on all US films in retaliation for Trump raising tariffs on Chinese imports.

Trump had introduced ""reciprocal"" tariffs on dozens of countries, including a massive 104 per cent duty on Chinese goods.

Bloomberg News reported that in China, two widely followed bloggers with links to the local authorities shared identical lists of measures that could be introduced by Chinese authorities in response. These included “reducing or banning the import of US films.”

The bloggers, Liu Hong, a senior editor at the Xinhua News Agency, and Ren Yi, grandson of former Guangdong Province Communist Party chief Ren Zhongyi, both attributed the plans to sources familiar with the Chinese state’s planning.

In 2024, US films grossed around $585 million in China. This represents around 3.5 per cent of China's total $17.71 billion box office. A significant proportion of that haul was attributable to the success of Godzilla x Kong: The New Empire, which made $132 million in China.

Watch Apple TV+ free for 7 day

New subscribers only. £8.99/mo. after free trial. Plan auto-renews until cancelled.

ADVERTISEMENT. If you sign up to this service we will earn commission. This revenue helps to fund journalism across The Independent.

Watch Apple TV+ free for 7 day

New subscribers only. £8.99/mo. after free trial. Plan auto-renews until cancelled.

ADVERTISEMENT. If you sign up to this service we will earn commission. This revenue helps to fund journalism across The Independent.

The total US and Canada domestic box office for the same period was around $8.56 billion.

The film sector represents a sizeable US trade surplus with China, as Chinese films do not tend to be as popular overseas. However, in March some American-based Chinese campaigned for animated hit Ne Zha 2 to get an IMAX release in the US.

The animated blockbuster has already landed a release date for 37 territories across Europe, including the UK and Ireland.

Ne Zha 2 , made on an $80 million budget, has already become the highest-grossing animated film in history after making $2.06 billion in China, overtaking last year’s US-made Inside Out 2, which made $1.7 billion worldwide."
Danny McBride shares update on Kanye West biopic,https://www.independent.co.uk/arts-entertainment/films/news/danny-mcbride-kanye-west-biopic-b2745254.html,,arts_culture_celebrities,independent,"Danny McBride was asked about Kanye West ’s suggestion that he could play the lead in a Ye biopic.

Back in 2022, the Eastbound & Down star revealed that the controversial rapper had surprised him with the casting idea in 2018.

During a comedy actor roundtable hosted by The Hollywood Reporter , McBride revealed: “One time, I did get a phone call from Kanye West, and, this is real, he came to my house in South Carolina and wanted me to play him in a movie.”

An incredulous Bowen Yang, who was also taking part in the roundtable, asked: “You to play him ?!”

“Yeah,” McBride confirmed, “He flew down to South Carolina, and I took him out in a boat for the day, and he said that he wanted… me to do a movie of his life, and he wanted me to play him.”

Yang asked if West perhaps intended the film to take inspiration from the Todd Haynes film I’m Not There , in which singer-songwriter Bob Dylan was played by several different actors, including Cate Blanchett, Christian Bale, Richard Gere, Heath Ledger, Ben Whishaw, and Marcus Carl Franklin.

At the time, McBride said simply: “It was one of the most incredible days ever. It was pretty awesome.”

In a new interview with The Hollywood Reporter to mark the finale of his hit HBO comedy The Righteous Gemstones , McBride was asked whether there was a “postscript to that story.”

The 48-year-old comedian replied: “After he left, I sent him a text, just a, ‘Thanks a lot for coming down. I’ll put my head on this, see if I can come up with anything.’

“He wrote back and said that he had a great time and that he’ll remember that day forever. And that was the last time we spoke.”

In a 2020 interview with The Independent , McBride commented on the fact that he was launching The Righteous Gemstones, a comedy about a family of megachurch pastors, at the same time as West was attempting to start his own church.

Watch Apple TV+ free for 7 day

New subscribers only. £8.99/mo. after free trial. Plan auto-renews until cancelled.

ADVERTISEMENT. If you sign up to this service we will earn commission. This revenue helps to fund journalism across The Independent.

Watch Apple TV+ free for 7 day

New subscribers only. £8.99/mo. after free trial. Plan auto-renews until cancelled.

ADVERTISEMENT. If you sign up to this service we will earn commission. This revenue helps to fund journalism across The Independent.

“We were there first!” McBride said, laughing. “Great minds think alike, I guess.”

The Righteous Gemstones earned critical acclaim over its four seasons. The Independent ’s Louis Chilton said the series was McBride’s best work , writing: “What elevates Gemstones above its predecessors, though, is its dramatic ambition, and the sheer depth of comic talent onscreen.

“All the leads are brilliant, taking big, unapologetic swings, while the supporting cast – which includes a spectacularly scene-stealing Walton Goggins as gaudy song-and-dance preacher ‘Baby Billy’ Freeman – are outstanding to a man.”"
New Marvel film Thunderbolts changes title one week after release,https://www.independent.co.uk/arts-entertainment/films/news/thunderbolts-new-avengers-title-change-marvel-b2745058.html,,arts_culture_celebrities,independent,"New Marvel film Thunderbolts * has changed its title days after release.

The film sees Florence Pugh , Sebastian Stan and David Harbour reprise their Marvel Cinematic Universe ( MCU ) roles, forming an unconventional group of antiheroes .

Thunderbolts* has become a hit since its release earlier this month, earning rave reviews and shooting to the top of the global box office . In a four-star review, The Independent ’s film critic Clarisse Loughrey called it “the best Marvel movie in years”.

The film’s box office domination will undoubtedly be extended following an intriguing marketing decision to change the film’s title due to events seen in the film.

*Spoilers follow – you have been warned*

At the end of Thunderbolts* , CIA director Valentina Allegra de Fontaine (Julia Louis-Dreyfus) announced the group’s rebrand as The New Avengers . A graphic on screen after the film’s post-credits scene then informs cinemagoers that “The New Avengers will return”.

Now, posters for Thunderbolts* appearing in cinemas and on billboards around the world have been updated to reveal its new title: The New Avengers .

Hours after photos surfaced on social media, Marvel released an official video showing the cast unveiling the new title – as well as clips of Bucky Barnes actor Stan taping up posters with the New Avengers title in Los Angeles.

This development also reveals the meaning of the asterisk featured at the end of the original title, which was part of a carefully orchestrated publicity stunt.

While many have expressed excitement at the title change, as it clearly sets the stage for the next phase of the MCU , others are complaining that the stunt has spoiled the film.

“Isn’t this a spoiler??? They should have probably waited like a week before doing that,” one film fan wrote, with another stating on X/Twitter: “Advertising a movie you want people to watch using a different name, and one that spoils the movie? Seems like a mistake.”

Watch Apple TV+ free for 7 day

New subscribers only. £8.99/mo. after free trial. Plan auto-renews until cancelled.

ADVERTISEMENT. If you sign up to this service we will earn commission. This revenue helps to fund journalism across The Independent.

Watch Apple TV+ free for 7 day

New subscribers only. £8.99/mo. after free trial. Plan auto-renews until cancelled.

ADVERTISEMENT. If you sign up to this service we will earn commission. This revenue helps to fund journalism across The Independent.

One Marvel fan wrote: “Um… spoilers? I’ve seen the movie but this is just desperation – why would you ruin it for everyone like that?”

However, others defended Marvel, calling it a “perfect” example of marketing.

Robert Downey Jr has shared his thoughts on the film after viewing it with the cast of Avengers: Doomsday , which will see the Iron Man actor return as the film’s primary villain.

Downey shared a picture on Instagram of himself and a host of Marvel stars, including Chris Hemsworth, Paul Rudd, Anthony Mackie, Simu Liu and Winston Duke.

Downey captioned the image: “Just wow!!! Dinner and a show with the Old Avengers. So cool, fresh, and deep. Big congrats to the New Avengers (and Bob). #Thunderbolts.”

Thunderbolts* – or The New Avengers – is in cinemas now."
Trump’s roadmap for Hollywood tariffs revealed by Jon Voight,https://www.independent.co.uk/arts-entertainment/films/news/jon-voight-trump-hollywood-tariffs-b2745467.html,,arts_culture_celebrities,independent,"Further light has been shed on Donald Trump ’s desire to impose tariffs on foreign-made films, with Jon Voight reportedly providing the president with a partial roadmap to aid the Hollywood film industry.

On Sunday (4 May) Trump took to social media to brand foreign film production a “National Security threat”.

Posting on his own site, Truth Social , the US president wrote: “The Movie Industry in America is DYING a very fast death. Other Countries are offering all sorts of incentives to draw our filmmakers and studios away from the United States. Hollywood, and many other areas within the USA, are being devastated.

“This is a concerted effort by other Nations and, therefore, a National Security threat. It is, in addition to everything else, messaging and propaganda! Therefore, I am authorising the Department of Commerce, and the United States Trade Representative, to immediately begin the process of instituting a 100 per cent Tariff on any and all Movies coming into our Country that are produced in Foreign Lands.

“WE WANT MOVIES MADE IN AMERICA, AGAIN!”

Details about the controversial plan have been scarce following Trump’s rant, but Deadline has now reported that a team comprised of Voight, special adviser Steven Paul, and SP Media Group/Atlas Comics president Scott Karol has submitted a proposal to Trump at his Mar-A-Lago resort, detailing how film production in the US can be boosted.

Their idea is said to involve federal tax incentives, tax code changes, co-production treaties with other countries, as well as infrastructure subsidies for cinema owners, film and television production companies and post-production companies. The trio’s plan also includes notes on job training, and “tariffs in certain limited circumstances”.

In a video released on X/Twitter , Voight, who was named as one of Trump’s “special ambassadors” to Hollywood, claimed: “Our industry recently has suffered greatly over these past few years, and many Americans have lost jobs to productions that have gone overseas.”

Highlighting the seriousness of the situation, Voight added that “people have lost their homes” and “can’t feed their families”.

“The president loves the entertainment business and this country, and he will help us make Hollywood great again,” said Voight, who won an Oscar in 1979 for his performance in Coming Home .

Watch Apple TV+ free for 7 day

New subscribers only. £8.99/mo. after free trial. Plan auto-renews until cancelled.

ADVERTISEMENT. If you sign up to this service we will earn commission. This revenue helps to fund journalism across The Independent.

Watch Apple TV+ free for 7 day

New subscribers only. £8.99/mo. after free trial. Plan auto-renews until cancelled.

ADVERTISEMENT. If you sign up to this service we will earn commission. This revenue helps to fund journalism across The Independent.

In addition to Voight’s comments, Deadline reports that Paul said: “The American film industry, and Hollywood, is a beacon for teaching the American Dream to the world and is an engine for job growth and career opportunity. It’s essential that we preserve America’s leadership in film and television production.”

Karol echoed these thoughts, stating: “We’ve spent months meeting with top leaders across the film and television industry, and there is broad agreement that runaway production has become a serious issue that needs to be addressed now. This plan is about levelling the playing field so that producing right here in America is not only a competitive option but the first choice.”

On Sunday, the White House appeared to play down the severity of the tariffs, with spokesperson Kush Desai telling the Hollywood Reporter: “Although no final decisions on foreign film tariffs have been made, the administration is exploring all options to deliver on president Trump’s directive to safeguard our country’s national and economic security while Making Hollywood Great Again.”

At the time of writing no meetings between Trump and studio producers have been scheduled. One source told Deadline : “We don’t even know when this is supposed to happen – it was sprung on us this morning when Trump made the announcement.”"
Star Wars fans point out the irony of JD Vance’s prequel fandom,https://www.independent.co.uk/arts-entertainment/films/news/jd-vance-star-wars-prequels-b2745578.html,,arts_culture_celebrities,independent,"JD Vance has raised the eyebrows of Star Wars fans and Donald Trump supporters alike after he revealed that he is a fan of the sci-fi franchise’s much-maligned prequel trilogy.

Vance has shared his thoughts on the prequels, released between 1999 and 2005, after wading into a debate about the films with conservative commentator Jack Posobiec.

“The prequels suck because they were poorly made by George Lucas who only had a small role in the original series,” Posobiec wrote on X/Twitter.

“The sequels suck because they are abominations made by Disney committees and JJ Abrams simps,” he added.

JD Vance replied to Posobiec by saying: “Prequels were underrated!”

The Star Wars prequel trilogy consists of The Phantom Menace (1999), Attack of the Clones (2002) and Revenge of the Sith (2005) . Although there has been some revisionist apprecation of the films in recent years, the popular consensus is that they were of a poorer quality than the original trilogy and were jam-packed with shoddy CGI and divisive characters such as Jar Jar Binks.

Another big criticism of the prequels revolved around the complicated plot point of trade taxations imposed by the Galactic Republic on the “Trade Federation”.

In the real world, the US also imposed trade tariffs on various countries earlier this year at the behest of Trump, in an effort to increase homegrown production and reduce trade imbalances.

The similarities between the prequels and the US’s current economic situation thanks have not gone unnoticed by Star Wars fans ,who were more than happy to point out the irony in Vance’s position.

Author G Elliot Morris noted: “The Star Wars prequels are all about how an unfair and severe galactic tariff policy causes instability in the multi-planetary political order that ultimately enables an authoritarian to seize power under the guise of restoring peace and prosperity to the republic. Deja vu…”

Watch Apple TV+ free for 7 day

New subscribers only. £8.99/mo. after free trial. Plan auto-renews until cancelled.

ADVERTISEMENT. If you sign up to this service we will earn commission. This revenue helps to fund journalism across The Independent.

Watch Apple TV+ free for 7 day

New subscribers only. £8.99/mo. after free trial. Plan auto-renews until cancelled.

ADVERTISEMENT. If you sign up to this service we will earn commission. This revenue helps to fund journalism across The Independent.

Another person said: “The prequels are about how pro-tariff policies and authoritarianism are joined at the hip and will ultimately lead to the collapse of civilisation”.

“Hoo boy,” joked a third while sharing an image of The Phantom Menace’s opening crawl which explains the turmoil caused by the taxation on the trade routes.

The Trump administration has become entangled in a series of Star Wars controversies in the last few days, after the White House shared an AI-generated image of the president clutching a lightsaber in front of a backdrop of US flags and a pair of bald eagles.

It was posted to mark Star Wars Day , celebrated on 4 May (or “May the fourth”) as a nod to the film series catchphrase: “May the force be with you.”

However, fans of the sci-fi film and television franchise pointed out that Trump’s red lightsaber in the image marks him out as a villainous Sith Lord himself.

Trump faced further backlash from Luke Skywalker actor Mark Hamill who joked that Trump is “full of Sith”."
Sebastian Stan admits he didn’t get fan-favorite Thunderbolts* joke,https://www.independent.co.uk/arts-entertainment/films/news/sebastian-stan-thunderbolts-bucky-dishwasher-joke-b2745836.html,,arts_culture_celebrities,independent,"*Warning — potential ‘ Thunderbolts *’ spoilers to follow*

Sebastian Stan was initially skeptical about one particular joke about his Marvel superhero that’s included in the new Thunderbolts* movie .

The moment, which left fans in hysterics after it was featured in the film’s first trailer released last year , sees Stan’s Bucky Barnes in his kitchen enjoying a chili dog. As he’s eating the snack, he spills some of the sauce on his clean white shirt as well as his prosthetic Vibranium arm. Frustrated by the mess, Bucky cleans it up by throwing the arm, which he was gifted in the fictional world of Wakanda, into the dishwasher.

While the scene quickly became a fan favorite, with many labeling it “hilarious,” Stan revealed in a new interview with Entertainment Weekly that he initially suggested to director Jake Schreier that it be cut.

“I immediately said to Jake, ‘I don’t understand why this is funny. You do not need this. This is silly,’” the Oscar-nominated actor said. “But Jake was like, ‘But maybe you could be eating something and then it can just go everywhere.’ And I go, ‘Really? That’s what’s going to [happen]?’”

He has since had a change of heart about the detail, saying: “I get it now. I mean, it is funny, I have to admit.”

Stan, 42, makes his return as the Winter Soldier, alongside Florence Pugh ’s Yelena Belova, in Thunderbolts* , which follows their characters as they join other unconventional antiheroes on a dangerous mission.

The film, out in theaters now, has been touted by critics as being “Marvel’s best movie in years.”

“ Thunderbolts* does feel different to what’s come before, not because of those indie credentials, but because it’s the first of its kind to seem genuinely self-aware,” The Independen t’s Clarrisse Loughrey wrote in her four-star review , labeling it as “the ultimate Marvel film for now.”

At the end of the movie, CIA director Valentina Allegra de Fontaine (Julia Louis-Dreyfus) announced the group’s rebrand as The New Avengers . A graphic on screen after the film’s post-credits scene then informs theatergoers that “The New Avengers will return.”

Promotional posters for Thunderbolts* have now begun to appear with the movie’s new title: The New Avengers . Marvel has also released an official video showing the cast unveiling the new title, in addition to footage of Stan taping up posters with the New Avengers title in Los Angeles.

This development ultimately reveals the meaning of the asterisk featured at the end of the original title, which was part of a carefully orchestrated publicity stunt. Yet, while many fans have expressed excitement at the title change, as it clearly sets the stage for the next phase of the MCU , others have complained that the stunt has spoiled the film ."
A$AP Rocky calls himself ‘Black Tom Cruise’ after doing own stunts,https://www.independent.co.uk/arts-entertainment/films/news/asap-rocky-stunts-tom-cruise-spike-lee-b2745881.html,,arts_culture_celebrities,independent,"A$AP Rocky didn’t hold back when it came to doing his own stunts in Spike Lee ’s new film , Highest 2 Lowest .

Directed by Lee and written by William Alan Fox , Highest 2 Lowest features Rocky acting opposite Oscar- winner Denzel Washington . The film is debuting at the Cannes Film Festival in a matter of days. Rocky plays Yung Felon , an aspiring rapper.

For the forthcoming film, the Grammy nominee told Variety in a new interview that his experience filming was “lit.”

“I had some bungee wires on, so it was safe,” Rocky, 36, told the publication of his stunts. “It was action-packed, and I was on my Black Tom Cruise s***.”

When asked if he wanted to do action movies, Rocky said he’s “down for whatever.”

“I think I need to be the new Black James Bond,” he added.

Rocky also gushed about his experience working with Washington on the film, which is a reinterpretation of Akira Kurosawa ’s 1963 crime thriller High and Low, calling it “a dream come true.”

“But trust me, it was difficult to not fan the f*** out every millisecond of the f***ing duration,” Rocky added.

“It was crazy — it’s f***ing Denzel, man,” he continued. “I don’t give a f*** how successful [I am]: I’m always gonna be a student and a fan of certain people, and I’m always going to give them their flowers. I’m never going to be too big to be able to say that I had to hold my composure from not fanning out.”

Born Rakim Mayers, Rocky started rapping at age 8. While he’s perhaps best-known for his music, he’s also become a fashion figure, serving as co-chair of the 2025 Met Gala , where his partner, Rihanna, debuted a growing baby bump — marking the couple’s third child together. Rocky also has a new album, Don’t Be Dumb , slated for release this year.

Highest 2 Lowest hits theaters August 22 and lands on Apple TV+ September 5."
Whoopi Goldberg calls out Donald Trump’s movie tariffs,https://www.independent.co.uk/arts-entertainment/films/news/whoopi-goldberg-donald-trump-movie-tariffs-b2746025.html,,arts_culture_celebrities,independent,"Whoopi Goldberg has heard enough from Donald Trump on a potential new 100 percent tariff on movies made overseas .

During Tuesday’s episode of The View , the 69-year-old talk show told the 47th president of the United States to forget about it.

“Okay, look, you can’t do that,” she said. “What that equates to is, you’re going to tell me how to write the story I want to write if it happens in Europe? Look, could you please lower the price of eggs before you start this?”

When “you go over to another country to work, you work with the people who are there. We don’t import our folks to go over there. Who are you going to put this tariff on? The production? The studio? What are you talking about?” Goldberg continued.

“Please stop. The bottom line is tax incentives. If you want to change, you have to change it in the states, and make it available for people to shoot here. Don’t stop us from going over and shooting overseas, because then you’re limiting us,” she emphasized.

“And also, not for nothing, the movies teach people English,” the EGOT winner pointed out. “We teach people who will never get to America what America is all about. We show them who we are. If you impose a tax like this, you’re saying that we’re not good enough, and that’s not the case. We’re the best in the world.”

Goldberg’s comments followed Trump’s unexpected post on social media earlier this week, revealing he had given both the U.S. Trade Representative and the Commerce Department the green light to begin steps toward imposing the new tariff on films produced outside of the U.S.

The White House, however, subsequently published a statement to clarify that “no final decisions” were made on movie tariffs.

Trump’s U.S. ‘special ambassador’ to Hollywood Jon Voight and actor Steven Paul submitted a statement to Variety shortly after the president posted his plan, suggesting that the two of them had submitted a solution to help the entertainment industry.

Watch Apple TV+ free for 7 day

New subscribers only. £8.99/mo. after free trial. Plan auto-renews until cancelled.

ADVERTISEMENT. If you sign up to this service we will earn commission. This revenue helps to fund journalism across The Independent.

Watch Apple TV+ free for 7 day

New subscribers only. £8.99/mo. after free trial. Plan auto-renews until cancelled.

ADVERTISEMENT. If you sign up to this service we will earn commission. This revenue helps to fund journalism across The Independent.

“The plan includes federal incentives for production and post-production, co-production treaties with foreign countries, as well as infrastructure subsidies for theater owners and production companies, job training, and changes to the tax code. The plan also calls for tariffs in ‘certain limited circumstances,” Voight said.

“The president loves the entertainment business and this country, and he will help us make Hollywood great again,” Voight added.

Regarding the future of film under a Trump tariff directive, The Independent ’s Sean O’Grady writes : He “wants to bring back the golden age of Hollywood that he remembers. In reality, he’s on a mission impossible.”"
Director says sequel to iconic Heath Ledger film in development,https://www.independent.co.uk/arts-entertainment/films/news/10-things-i-hate-about-you-director-sequel-heath-ledger-b2746172.html,,arts_culture_celebrities,independent,"10 Things I Hate About You director Gil Junger has revealed that the iconic Heath Ledger -starrer might be getting a sequel – or three.

Based on Shakespeare ’s The Taming of the Shrew , the original 1999 teen romcom saw the late Ledger starring as the broody Patrick Verona, who has to try and convince the antisocial Kat Stratford, played by Julia Stiles , to date him, so that new student Cameron James, played by Joseph Gordon-Levitt can date Kat’s sister, Bianca, played by Larisa Oleynik.

The film went on to become a cult classic as well as a breakthrough film for Ledger, Stiles, and Gordon-Levitt .

In a recent interview, Junger confirmed that a sequel is “definitively in the works” and that it is being developed as a trilogy – 10 Things I Hate About Dating , followed by 10 Things I Hate About Marriage , and 10 Things I Hate About Kids .

“1 0 Things I Hate About Dating is definitively in the works as a feature film. We're developing it right now,” Junger told People magazine.

He added that while the project hasn’t been green-lit yet, he is co-writing the script with Naya Elle James, and the original film’s producer, Andrew Lazar, is also involved. Together, he said, they have “some pretty good ideas”.

The sequel will be based on the 1666 satirical play by Molière, The Misanthrope .

On bringing back the original cast, Junger sounded very enthusiastic.

“I would love to work with Julia again . She shaped the lives of millions of women. That Kat character really spoke to young women in a very powerful way,” he said.

“If it resonates with [the original cast] and I can have some cameos or even real parts, I'd love [that].

“I'd love Larry Miller to come back, because he's so great,” he added, referring to the role of Walter Stratford, the single, overprotective parent to Kat and Bianca.

Watch Apple TV+ free for 7 day

New subscribers only. £8.99/mo. after free trial. Plan auto-renews until cancelled.

ADVERTISEMENT. If you sign up to this service we will earn commission. This revenue helps to fund journalism across The Independent.

Watch Apple TV+ free for 7 day

New subscribers only. £8.99/mo. after free trial. Plan auto-renews until cancelled.

ADVERTISEMENT. If you sign up to this service we will earn commission. This revenue helps to fund journalism across The Independent.

However, the original lead, Ledger, died in 2008 at 28 . When asked if the new films would somehow honour him, Junger called it a “beautiful idea”.

“I think that’s a beautiful idea, and the answer is now going to be yes .... He deserves to be loved.”

A Broadway adaptation of the film is also reportedly in the works, starring Carly Rae Jepsen and Ethan Gruska working together on the score, and Lena Dunham and Jessica Huang working on the book.

In 2020, Stiles had responded to the idea of a sequel with enthusiasm , but added that she wasn’t sure how or if a cast reunion would work."
Discover Orlando’s hidden treasures beyond the parks,https://www.independent.co.uk/travel/north-america/usa/orlando-not-as-you-know-it-b2422352.html,,arts_culture_celebrities,independent,"Orlando’s reputation as a theme park destination is renowned and well deserved. But travellers are waking up to the fact that outside of the amusements halo lies a world of ecotourism adventures, cultural experiences and innovative eateries that make it a worthy destination in its own right.

Take the buzzing urban hotspots of Mills 50, Thornton Park and the Milk District. These neighbourhoods are home to a young and diverse population that are helping Orlando to emerge with an exciting and surprising identity, with a down-to-earth, friendly vibe and pride in celebrating all sorts of different communities.

Heavy investment has been made in arts and culture attracting an influx of creative talent into the city, and these days residents are choosing atmospheric hipster dive bars over glitzy clubs and independent eateries over burger chains.

Think the closest Orlando comes to culture is a pair of Mickey Mouse ears and some Lego merch? Don’t be quick to scoff. Orlando is home to independent and international galleries, theatres and museums, a ballet, a philharmonic orchestra, and world-class touring musicals. At the Rollins Museum of Art you’ll find everything from an ancient wooden sarcophagus to contemporary installations and 5,600 works of art. Street art adorns many buildings in the Milk and Mills 50 districts – don’t miss Victor Ving’s iconic ‘Greetings from Orlando’ masterpiece on North Orange Avenue.

With local musicians and bands galore there’s also a popping live music scene centred around venues like The Social and Tin Roof. Over at alternative movie theatre Enzian, you can watch independent and foreign films and attend film festivals, while the Timucua Arts Foundation hosts everything from prog rock fusion to wellness programmes.

Read more: Best Orlando hotels

During the searing heat of a Florida summer, getaways to nearby lakes and springs are enticing for locals and visitors. The crystal clear waters and overhanging palm trees make a jaw-droppingly scenic place to enjoy tubing and swimming – certainly a wildly different experience from the version offered by the theme parks.

There are also lots of wetlands to enjoy – much of Florida was built on a swamp, after all – with humid mangroves perfect for exploring. Watch out for those alligators, though – wildlife safaris by airboat might be a more controlled way of interacting with the local animal population. Nature parks abound, with the urban oasis of Shingle Creek Regional Park a particular highlight. Located at the headwaters of the Florida Everglades, it offers walking and biking trails amid spectacular verdant scenery.

A city made of diverse communities such as Orlando is guaranteed endless exciting cuisines to stick one’s fork, fingers or chopsticks into. Indeed, Orlando is a paradise for lovers of good Asian food. Many refugees from Vietnam settled in the Mills 50 neighbourhood – sometimes called ‘Little Saigon’ – in the 1970s, and today the diaspora are doing some exciting (and delicious) things along with other Asian communities that have gathered here. From cold cut banh mi, bun cha and pho to pan-fried noodles, dumplings and spicy tonkotsu, you’ll find it all – along with tasty Mexican, Jamaican, Puerto Rican, Vietnamese and Ethiopian joints too.

Meanwhile no city break is complete without a few brunch spots, and the likes of the Waterfront, Se7en Bites and the White Wolf Café do not disappoint – nor do the all-you-can-eat tapas and bottomless mimosas at Café Tu Tu Tango.

If you’re staying in the city for a while or fancy stocking up your suitcase with a few jars of something local, the Winter Garden Farmers Market is held every Saturday of the year, as is The Winter Park market over on the corner of New York Avenue and Morse Boulevard. You’ll find everything from locally farmed meat and seafood to salsas and sauces. Meanwhile many coffee aficionados consider the city home to some of the state’s very best coffee, with independent roasters like Foxtail Coffee Co and Lineage Coffee Roasting keeping everyone ticking along."
Memphis to Maryville: Urban Adventures in Tennessee,https://www.independent.co.uk/travel/north-america/usa/tennessee-memphis-maryville-nashville-knoxville-b2439138.html,,arts_culture_celebrities,independent,"With a huge mix of recording studios, live-music venues and neon-lit honky-tonks, it’s easy to see what gave Nashville its ‘Music City’ reputation. Any trip here should include a visit to the Country Music Hall of Fame – home of RCA Studio B, where Elvis Presley, Dolly Parton and many more made their mark – and the Ryman Auditorium, the “Mother Church of Country Music”.  For history, the Bell Meade plantation is well worth a visit, as is the tree-lined Bicentennial Capitol Mall State Park, set beneath the impressive State Capitol building. The city’s culinary scene is also one of its biggest draws, offering everything from James Beard-awarded restaurants to laid-back spots serving spicy ‘hot chicken’, fuelled by its handful of whisky distilleries.

The birthplace of blues and rock ‘n’ roll, Memphis isn’t short on music-bragging rights. Take a tour of Graceland to see the former home of the “king of rock ‘n’ roll” and pay a visit to Sun Studio to stand on the spot where he first recorded. Beale Street is the beating heart of the city’s live music scene with its slew of bars and clubs, and there’s plenty in the way of good food too – the city is famous for its barbecue joints, including Charlie Vergo’s Rendezvous, opened in 1948. Beyond the music scene, you can hop on a paddlewheel boat to explore the Mississippi River, or learn more about the region’s history at the National Civil Rights Museum. Built on the site where Martin Luther King Jr was assassinated, the museum gives a powerful, moving glimpse into the city’s ties to the movement.

The state’s third-largest city, Knoxville might sit in the shadows of its bigger siblings, but that’s all part of the charm. The city’s Urban Wilderness has 1,000 acres of forest, including more than 50 miles of hiking and biking trails, a handful of swimmable lakes and a zip-line that takes you soaring 60 feet over the trees. Back in the centre, the State Botanical Garden at the University of Tennessee is well worth a wander, while the pedestrian-friendly Market Square offers shops, restaurants, cafes and a farmers’ market, and hosts regular live music performances. Also well worth a visit is Blount Mansion – the ‘birthplace of Tennessee’ and the former home of William Blount, one of the signatories of the US constitution.

Located in south-eastern Tennessee, this off-the-beaten-track mountain town is a hotspot for families with its slew of child-friendly attractions, from the Tennessee Aquarium to Chattanooga Zoo. There’s plenty to lure adults too; head to the Lookout Mountain for panoramic views over the surrounding valley, and duck underground to explore Ruby Falls – a series of waterfalls that cascade down illuminated caves. While you’re here, pay a visit to Rock City Gardens, where you can cross a 180 ft-high suspension bridge amid ancient rock formations, and climb aboard the Incline Railway funicular to see it from another perspective. Downtown, the Chattanooga Choo Choo offers restaurants, shops, a festive ‘Winter Wonderland’ and various other draws on a complex that was once a train station. There’s a vibrant arts, food and live music scene across the city too – what else would we expect from Tennessee?

Just south of Knoxville, Maryville has its own unique set of lures – not least its proximity to Great Smoky Mountains National Park. It’s all about small-town charm here, with quaint boutiques, breweries and Southern comfort-food restaurants scattered across its historic downtown area, first settled in the 19 th century. There are several sites worth checking out; don’t miss Maryville College, the Clayton Center for the Arts and the Sam Houston Historic Schoolhouse, which gives a glimpse into school life in the early days of the United States.

For more information and to start planning your next trip to the United States, visit visittheusa.co.uk"
Sounds of the South: Exploring the Evolving Music Scene of Atlanta,https://www.independent.co.uk/travel/north-america/usa/evolving-music-scene-attlanta-georgia-b2438984.html,,arts_culture_celebrities,independent,"Opening in 1911, the Tabernacle started out as a house of worship before becoming a concert venue to entertain punters during the 1996 Olympic Games. Since then it has become one of the city’s most well-known venues, hosting Kendrick Lamar, Guns N’ Roses and Bob Dylan, to name just a few. Given that Atlanta is set to be a host for the 2025 FIFA World Cup, sports fans flocking in from out of town should look up the Tabernacle as a place to go for alternative entertainment.

This unique, interactive arts space pays tribute to pioneering and emerging trap artists through colourful, eye-catching displays and immersive experiences. A subgenre of hip-hop, ‘trap’ was pioneered in Atlanta in the early 2000s and this museum documents its journey from niche fringes to the mainstream. First opening its doors in 2018 , The Trap Music Museum is an homage to homegrown talent such as Migos, Lil Baby and Jeezy, and has some intriguing items in its collection. Look out for the bright pink car used to promote 2 Chainz’s 2017 album ‘Pretty Girls Like Trap Music’, and don’t leave without trying the museum’s escape room: Escape The Trap.

This ornate former cinema became a music venue in the 1930s after going bankrupt, and became an iconic part of the city’s entertainment landscape. The Fox has hosted some memorable incidents in 20th century musical history, including a sell-out run by Elvis Presley and a secret show by the Rolling Stones. It almost closed in the 1970s but was saved from demolition after a high-profile public campaign whose backers included members of Lynyrd Skynyrd. The Fox was declared to be a National Historic Landmark in 1976, and when you visit you’ll see why - its minarets, turrets and exquisite blue ceiling make it a feast for the eyes as well as the ears.

For those whose musical tastes are more guitar-based, Eddie’s Attic is both an event space and a ‘listening room’ where punters are subject to a strict no-phones policy. The sparse arrangement of tables, chairs and stools means the emphasis is on intimacy and appreciation, and attendees over the years have soaked up the vibes of an eclectic range of artists, from Sheryl Crow to Justin Bieber.

One of the city’s oldest second-hand record stores is still going strong thanks to the recent vinyl revival. Although it sells a range of music memorabilia, from CDs and DVDs to posters and stickers, the majority of Fantasyland’s business comes from record sales. The odd celebrity client has also been spotted, from Eric Clapton to Elvis Costello.

Opening in 2021, the Eastern is one of Atlanta’s youngest music venues. Designed to regenerate the Atlanta Dairies, a former industrial plant in long decline, it sits in the city’s historic eastern area and has been hailed as a state-of-the-art event space with a huge indoor capacity and great views from its rooftop bar. It’s set to host artists such as Keane, the Charlatans and Two Door Cinema Club in the coming year .

For more information and to start planning your next trip to the United States, visit visittheusa.co.uk"
Art Me Up: A Gallery Guide to Miami’s Thriving Arts Scene,https://www.independent.co.uk/travel/north-america/usa/miami-gallery-guide-arts-scene-b2436494.html,,arts_culture_celebrities,independent,"Kick off your trip with a visit to PAMM, located in the heart of Downtown. One of the city’s most iconic galleries, this cultural hub specialises in 20 th and 21 st -century international art, with a permanent collection of more than 3,000 pieces by the likes of Gerhard Richter, Sam Gilliam and Jenny Holzer. Browse works by Latin American, Caribbean and African artists, and stroll through the gardens after to glimpse contemporary sculptures set beneath lush hanging plants.

Head north to the artsy Allapattah neighbourhood to explore the Rubell Museum – home to one of the largest private collections of contemporary art in the US. Set in a converted warehouse, the museum showcases more than 7,000 paintings, sculptures and photographs by artists including Andy Warhol, Jeff Koons, Keith Haring and Yoshitomo Nara; expect 53,000 square feet of gallery space plus a sculpture garden, library and restaurant.

Just across the street from the Rubell Museum, you’ll find SuperBlue – an immersive, interactive gallery that opened in 2021. Wander its brightly coloured rooms to explore digital walls covered in blooming flowers, clouds made from soap bubbles, a maze filled with mirrors and a host of other installations by the likes of James Turrell, Es Devlin and various other experiential artists.

Close by, the Wynwood district has long been known for its arts scene – and at its heart is Wynwood Walls, an outdoor museum where murals by international street artists cover six buildings, with regular pop-ups and sculptures in the surrounding area. While you’re here, visit the Museum of Graffiti to learn more about the history of street art, and stop by Arlo Hotel Wynwood to see murals by Miami-based artist Hoxxoh.

There’s more in the way of al fresco art just north, in Miami’s Design District. Here you’ll find installations like Fly Eye’s Dome – a giant fibreglass sphere by architect Buckminster Fuller – alongside high-end fashion boutiques, trendy restaurants and eclectic galleries; among them Locust Projects, a non-profit space where emerging artists are given wild reign on their exhibitions. But the district’s crowning glory is the Institute of Contemporary Art – a striking, metallic behemoth showcasing works by giants such as Pablo Picasso and Roy Lichtenstein alongside local, Cuban-born and Latin American artists.

When you’re done exploring the city’s urban centre, head to Miami Beach – home of the annual Art Basel. Central to the island’s art scene is The Bass, a contemporary gallery that underwent a £10 million renovation in 2017. Housed in a striking Art Deco building, the museum hosts regular exhibitions, with interactive murals, soundscapes and sculptures scattering the nearby Collins Park as part of its ‘Art Outside’ trail. Rising stars are regularly showcased at the museum, giving a voice to those who don’t always get the limelight, and further establishing Miami’s reputation as a trailblazer in all things art – and a must-visit if you’re looking to dig a little deeper into the region’s cultural scene.

For more information and to start planning your next trip to the United States, visit visittheusa.co.uk"
The 60 greatest film actors of the 21st century (so far),https://www.independent.co.uk/arts-entertainment/films/features/best-actors-list-21st-century-b2672366.html,,arts_culture_celebrities,independent,"H ow do you even begin to rank the best actors of the 21st century? The world of cinema is so broad and diverse; attempting to assign any kind of definitive numerical value to an actor’s career is ultimately arbitrary and subjective.

Nonetheless, that’s exactly what The Independent ’s culture team have attempted to do. We’re doing this both as a means of paying tribute to some of the actors we most admire, and because it’s the kind of arbitrary, subjective exercise that many movie fans enjoy reading – even (or especially ) if they vehemently disagree with the decisions.

To make this list, however, it was clear that parameters needed to be established. Here were ours: first, this list must only take into account films, not TV series or stage performances. Second, it should only take into account films released post-2000. If you’re wondering why this or that actor was omitted from the list, the year 2000 cutoff might well be the reason. (Some of the greatest living actors, such as Meryl Streep, Al Pacino, and Gene Hackman, are casualties of this rule.)

There are many factors that an actor is judged upon – range, consistency, depth, choice of roles – but no exact formula. Some of these inclusions, and omissions, may not be to everyone’s liking, but they were not arrived at flippantly – and there was plenty of disagreement even among the writers of this piece.

With all that said, please enjoy The Independent ’s ranking of the 60 greatest actors of 21st-century cinema (so far)...

60. Tom Cruise

When it comes to the craft of acting, Tom Cruise’s best work belongs to the previous century – with arguably his two finest performances ( Eyes Wide Shut and Magnolia ) coming in 1999. Over the past quarter-century, however, Cruise has ossified as one of the last thoroughbred Movie Stars, a sort of hallowed statesperson for cinema itself. On camera, meanwhile, he’s a force of nature, throwing himself into audacious physical stuntwork with a steel-eyed zeal. Like Mission: Impossible ’s Ethan Hunt, his best-known character, Cruise might well be “the living manifestation of destiny” – an actor without precedent, beyond knowability, and impossible to stop. Louis Chilton

59. Amy Adams

Amy Adams began this millennium quietly, with bit-parts in teen dramas; in the years since, she’s carved out a reputation as one of Hollywood’s most nuanced actors, reliably delivering lived-in, authentic performances in everything from Junebug to The Master . The word “luminous” gets thrown around a lot when describing actors, especially female ones, but it goes some way to capturing her appeal in six (yes, six) Oscar-nominated roles. Her best work to date is 2016’s Arrival , a gut-punch portrayal of grief wrapped up in what’s ostensibly a sci-fi movie – a performance that sneaks up and leaves you bereft for days. Katie Rosseinsky

58. Stephen Graham

Watch Stephen Graham on screen, and you might feel your heart rate quicken. A building sense of unease. Or you might get the urge to wrap him up and take care of him.  With his career-defining role in This Is England as a pugilistic National Front skinhead, Graham showed he could be explosive and frightening; his vulnerability was exquisite in the one-shot film Boiling Point. He’s an actor of rattling intensity, but also considerable range – whether it’s baring his comedy chops in Pirates of the Caribbean and Matilda: The Musical or holding his own as an American gangster in the Scorsese epic The Irishman opposite Robert De Niro and Al Pacino. Ellie Harrison

57. Hugh Grant

Modern appraisal of Hugh Grant tends to focus on his turn to onscreen villainy – the eerie menace of Heretic , the grandiose flamboyance of Dungeons & Dragons: Honor Among Thieves , and the seminal Paddington 2 . But there’s been a comic mean streak in Grant’s characters for much of the 21st century, threads of appealing sleaze and pomposity. There were the Bridget Jones films, the marvellous About a Boy ; nothing screams Y2K Hugh Grant more than pairing him off as an ageing cad with an exasperated American girl-next-door type. If anything’s changed in the Grant discourse today, it’s that people have woken up to how great he’s always been – even if Grant himself, forever his own harshest critic, may disagree. Adam White

56. Catherine Keener

If you’re in need of a great supporting actor, who can fill in the blanks of an opaque side character by sheer force of presence, you go to Catherine Keener. Her power on screen – as a sharp, empathetic Harper Lee in Capote , or the teacup-wielding family matriarch in Get Out – lies in her ambiguity, that sense of a person who is guarded and secretive, but rich in inner life. The filmmaker Nicole Holofcener has always captured it best, giving Keener repeated – and rare – starring roles in the likes of Lovely & Amazing and Friends with Money , often as conflicted wives and mothers, women who are neurotic and restless and ever so slightly delusional. That she works so sparingly, and rarely does interviews, only adds to her mystique: who is Catherine Keener? And why is she always so good? AW

55. Matthew McConaughey

If you’d told someone back in the mid-2000s that Matthew McConaughey would feature on a list of the Best Actors of the Century, you would have been laughed out of town. But such was the force of the “McConaissance” – the Texan actor’s 2010s career revival, encompassing indie darlings ( Mud ), an Oscar win ( Dallas Buyers Club ) and a stint as a formidable A-list leading man ( Interstellar ) – that now it seems almost a given. It’s unsurprising that McConaughey was unable to maintain the juggernaut momentum of his initial comeback, but he’s continued to show his distinctive worth as an actor in projects such as Harmony Korine’s cult gem The Beach Bum. No one does laid-back Southern charm quite like him. LC

54. Sally Hawkins

There is a special place in acting heaven reserved for people who graduate from shoddy British TV ( Casualty , Doctors , Little Britain ) to the hallowed halls of Hollywood. And Sally Hawkins has done just that. A fruitful relationship with legendary director Mike Leigh culminated in her performance as cheerful learner driver Poppy in 2008’s Happy-Go-Lucky – a role that demonstrated Hawkins’s infectiously endearing screen presence, leading to her casting as appealingly domestic figures in films like Paddington and Wonka . But Hawkins is more exciting when allowed to stretch her talents: she is Oscar-nominated twice, as guileless Ginger in Woody Allen’s Blue Jasmine and as the swooningly romantic mute protagonist of Guillermo del Toro’s The Shape of Water . Nick Hilton

53. Ralph Fiennes

With his aquiline features, Ralph Fiennes will be associated for some with his incarnations of evil: the Nazi commandant in Schindler’s List last century, as well as Lord Voldemort in the Harry Potter films. But in recent years, his famous intensity has given way to a series of roles that demonstrate his comic ability: frustrated assassin overlord Harry in In Bruges , tortured Golden Age director Laurence Laurentz in Hail, Caesar! and foppish concierge Gustave in The Grand Budapest Hotel . He works, consistently, with some of the best directors in the business – and it is no surprise they want to work with him too. NH

52. Lesley Manville

Manville’s talent could have taken her anywhere. She could have been a soprano, a triple threat in musical theatre or even a soap queen (she was in 80 episodes of Emmerdale ) before finding her mojo in the late Seventies at the Royal Court Theatre. This century, however, Manville has come into her own as a screen actor, gaining a reputation as Mike Leigh’s muse because she appeared in so many of his films. But being cast in Phantom Thread (2017) finally brought her deserved wider recognition. Director Paul Thomas Anderson was so stunned by her performance as the indomitable sister of Daniel Day-Lewis’s highly strung couturier that he came to an inescapable conclusion: “Put the camera on Lesley Manville. She can do no wrong; you could ask her to do anything, and she could do it.” Anyone who’s seen the film will surely believe it. Chris Harvey

51. Andy Serkis

The face of Andy Serkis may be one of the least recognisable on this list – but that’s no slight on the British actor’s work. For the past three decades, Serkis has been a hugely significant pioneer of motion-capture acting, pushing the technology into uncharted territory. As The Lord of the Rings’s scraggy jewellery obsessive Gollum, he redrew the limits of what CGI characters could do; as Planet of the Apes ’ indomitable primate Caesar, he redrew them again, managing a depth and emotional precision that no one would have thought possible from a CGI ape. Add to this a range of punchy character performances both in and out of mo-cap ( The Adventures of Tin Tin ; Sex & Drugs & Rock & Roll ), and there’s no knocking Serkis’s credentials. LC

50. Olivia Colman

Watching Olivia Colman enjoy Hollywood success over the past few years has sometimes felt like seeing your favourite little-known band suddenly hit the big time: you’re thrilled for them, obviously, but you keep wanting to remind everyone that you’ve been a fan since the early days. After years as Peep Show ’s long-suffering Sophie, Colman got her film breakout in Tyrannosaur (2011) with her wrenching turn as a woman in an abusive relationship. As with all her best performances, there’s a real warmth to her work in this indie movie, but also an emotional acuity that’s sometimes hard to watch. Director Yorgos Lanthimos clearly saw something special in her, casting her first in his dystopian dark comedy The Lobster and then in topsy-turvy period drama The Favourite as Queen Anne. It was a role that allowed Colman to show her full range, comically grotesque one moment, heart-rendingly vulnerable the next. KR

49. Sandra Hüller

In 2024, Sandra Hüller became the first German woman to be nominated for the Best Actress Oscar since Luise Rainer in 1937, and just the third ever. Not much fuss was made of this – perhaps because her performance, as a complicated writer accused of mariticide in the chewy legal drama Anatomy of a Fall , was so plainly and obviously great that it felt, to some, a foregone conclusion. But in truth, it may not even be Hüller’s best: she’s a vision of venal evil in Holocaust drama Zone of Interest (2024), heartbreakingly unhappy in the tragicomic Toni Erdmann , and potent and stirring as an epilepsy sufferer in Requiem (2006). LC

48. Tom Hanks

Tom Hanks may have peaked in the Nineties, but his post-2000 body of work is nothing to be scoffed at. He’s given tremendous mid- and late-career performances in a slew of films from major directors: Steven Spielberg ( Catch Me if You Can ; Bridge of Spies ), Robert Zemeckis ( Cast Away ), Clint Eastwood ( Sully ), Marielle Heller ( A Beautiful Day in the Neighbourhood ) and Wes Anderson ( Asteroid City ) among them. If you’re after big, showy swings, he’s surely delivered – look at the assortment of roles he plays in the Wachowskis’ Cloud Atlas . If you’re after something subtler, he’s got that too. The breakdown at the end of naval thriller Captain Phillips may be the finest acting Hanks has ever done. LC

47. Léa Seydoux

Where some European actors seem to pivot their careers on a concerted effort to “make it in Hollywood”, Paris’s Léa Seydoux has always seemed to drift between continents on a whim – popping over to the US for films such as Inglourious Basterds and Mission: Impossible – Ghost Protocol , jetting back to France to hoard acclaim for her turn in explicit lesbian romance Blue is the Warmest Colour , then sauntering back over the Atlantic for supporting roles in auteurist pet projects. There’s a reason it seems this way, of course – Seydoux is a hugely consistent but malleable actor, able to adapt her style for action thrillers ( Spectre ), black comedy ( The Lobster ), austere sci-fi ( Dune: Part Two ), or whatever else is thrown her way. It’s no wonder she’s in demand pretty much everywhere. LC

46. Lupita Nyong’o

One of Hollywood’s greatest recent discoveries, Lupita Nyong’o seemed to emerge fully formed, granting heart, desperation and tragic poise to her very first feature film character: the shackled Patsey in 12 Years a Slave . Since winning her Oscar, there has also been an experimental playfulness to her choices that leans into her theatrical training. She’s been a disembodied voice in three Star Wars films, mostly silent in A Quiet Place: Day One , and played a wolf and a robot elsewhere. She makes bold decisions. Us , Jordan Peele’s terrifying doppelganger chiller, may be Nyong’o’s finest hour so far: she unlocks a haunted strength in one half of a pair of sibling duplicates, and an eerie, grisly sadism in the other. AW

45. Kate Winslet

There are plenty of stars that would allow themselves to be happily pigeonholed after the colossal success of a blockbuster like Titanic , but Kate Winslet is not one of them. Yes, she’s donned corsets for period dramas since then, but she’s also excelled in off-beat sci-fi, playing a woman who opts to get her memories removed after a failed romance in Eternal Sunshine of the Spotless Mind , in real-life drama, bringing emotional heft to Steve Jobs , and even in festive romance (would The Holiday be a seasonal must-watch without her?).  There’s a bracing lack of vanity to her work and no one plays a complicated woman bristling against expectation like she does. The Reader may have earned her an Oscar in 2009, but I’d argue that her other release from that year, Revolutionary Road , is her best film performance yet, playing a housewife whose ambitions are relentlessly shattered. KR

44. Robert Downey Jr

That Robert Downey Jr will likely go down in cinematic history as Iron Man is unfortunate – not because he’s not good as the silver-tongued superhero (he’s great – and you could easily argue that the entire landscape of modern blockbuster cinema would look different without him), but because the sheer magnitude of that role threatens to obliterate everything else, not least Kiss Kiss Bang Bang . The 2005 LA thriller was Downey Jr’s comeback after years of personal troubles As a small-time crook turned crime-buster, he was totally believable – and watchable, funny and flippant; perfectly at home within Shane Black’s caustic script. Robert Downey Jr’s recent Oscar win for Oppenheimer , meanwhile, was recognition of his heavyweight talents after more than a decade stuck in the Marvel machinery. Annabel Nugent

43. Andrew Garfield

With apologies to Bill Murray and Chris Pratt, there’s only room for one Garfield on this list – and we’re going with Andrew, hands down. The British actor has always been a shrewd and likeable presence on screen, ever since breaking through in The Social Network – a film that required he master the tricky rapidity of an Aaron Sorkin script. What’s impressive is how he’s continued to push himself, giving increasingly strong, and varied, performances in films such as the neo-noir oddity Under the Silver Lake , religious Scorsese epic Silence , and bittersweet musical Tick, Tick… Boom! . In the otherwise dismal Spider-Man: No Way Home , Garfield is, incongruously, deeply moving, while the 2024 weepie We Live in Time sees him anchor a two-hander with Florence Pugh – no mean feat. LC

42. Tom Hardy

There is no other movie star quite like Tom Hardy, who embraces masculinity just as vehemently as he rejects it. For Christopher Nolan, Hardy has played the noble pilot in Dunkirk (2017); the could-be James Bond with a mischievous smirk in Inception (2010); and, in The Dark Knight Rises (2012), the hulking villain who now, on reflection, sounds uncannily like the viral video of the Australian man’s arrest (“eating a meal… a succulent Chinese meal!”) played through a supermarket tannoy. His accents are pure witchcraft, sourced from unexpected places, and he finds ways to upend and weaponise his physique in ways few others would dare. He’ll turn feral and near-silent for Mad Max: Fury Road (2015), subtle and grounded as a man whose life falls to pieces over the course of a single car journey in Locke (2013), theatrical, violent, and pompous as notorious British prisoner Charles Bronson in Bronson (2008). Hardy can do it all – but he will do it in his own way. Clarisse Loughrey

41. Irrfan Khan

It’s Irrfan Khan’s eyes, hooded and deep brown, that will live eternally. They granted him the ability to weave magic, to recite poetry without moving his lips. After decades in Bollywood  – a term he criticised, for tethering the Indian film industry to American ideas – Khan made a major breakthrough with British director Asif Kapadia’s debut The Warrior (2002), as a fighter who tries to make peace with his violent deeds. In this, he was all stoic fortitude; it was intensity he brought, later, to Maqbool (2003), an adaptation of Macbeth set in the Mumbai underworld. And it is tenderness he found as a widower in The Lunchbox (2013). Known to the English-speaking world through roles in Slumdog Millionaire (2008), Jurassic World (2015), and The Darjeeling Limited (2007), Khan died in 2020 at age 53, the world at a loss. CL

40. Javier Bardem

Is there an actor more simmering with machismo and raw power than Javier Bardem? I’m not sure. He was a chilling, milk-chugging psychopath in the Coen brothers’ No Country for Old Men , his deep-seated rage and thirst for slaughter all the more terrifying for his calm, icy exterior. And his mercurial artist in Vicky Cristina Barcelona was seductively, unapologetically primal – more panther than man. Stretching out, like a feline in the warmth of the sun, his claws catching on Penelope Cruz and Rebecca Hall. Even his camp, Nordic-baddie style Bond villain, Raoul Silva, had a sinister potency – all smiles and strange stories about cannibalistic rats. When Bardem’s on the screen, he burns rights through it. EH

39. Viola Davis

Viola Davis has less than 10 minutes of screentime in Doubt , the 2008 film set in a Catholic school, but her brief turn as the mother of a boy who may or may not have been abused by his teacher is a masterclass in simmering emotion; even her tears seem somehow controlled and understated, falling drop by drop as she goes toe to toe with Meryl Streep. This short but unforgettable role catapulted her already successful career into the big leagues. Davis is an actor of incredible subtlety; watching her face off in 2016’s Fences with Denzel Washington, one of very few performers on her level, was utterly exhilarating, and she brought impressive nuance to her role as the wife of a career criminal in Steve McQueen’s explosive Widows . KR

38. Viggo Mortensen

Just how unusual is Viggo Mortensen? When the American actor accepted the role of Aragorn – the roguish and heroic would-be-king in Peter Jackson’s Lord of the Rings trilogy – he seemed set for blockbuster leading man stardom. He nailed the role, of course, imbuing the character with every ounce of grit and grace required. But then he refused the call to action, retreating away from studio money and towards gnarlier indie projects (including several, mostly fantastic, collaborations with David Cronenberg). In an industry of showpeople, Mortensen has the surety and single-mindedness of a bona fide artist . LC

37. Jason Schwartzman

Few actors have mastered the art of understatement quite like Jason Schwartzman. In six post-millennium collaborations with deadpan auteurist Wes Anderson, the American actor has only deepened and evolved as a character actor, apexing with a heartbreaking turn in Asteroid City . But Schwartzman is more than just an able Anderson mannequin. His forays elsewhere – the prickly, neurotic Listen Up Philip ; cult gem Marie Antoinette – are roundly great; a wonderfully schlubby turn in the recent Queer (2024) showed he still has more to reveal. LC

36. Adèle Haenel

To watch Céline Sciamma’s Portrait of a Lady on Fire (2019) is to fall in love with Adèle Haenel. She may play a woman observed – the aristocratic subject of a painted portrait by artist Marianne (Noémie Merlant) – but when she turns her hardened gaze on us, the corners of her mouth pulled gently down into a scowl, we feel suddenly scrutinised, unpacked. With two César Awards in her native France, Haenel has brought that same disarming steadfastness to her roles in queer dramas Water Lilies (2007), Sciamma’s debut, and BPM (Beats per Minute) (2017). In 2022, she announced that she had stepped away from film, an industry that continues to uphold the “capitalist, patriarchal, racist, sexist world of structural inequality”. We can only hope that, one day, it will finally transform into a place worthy of her talents. CL

35. Robert Pattinson

Admittedly, it’s trite to begin a tribute to Robert Pattinson with Twilight , but it feels important to remember that early role when regarding a film like The Lighthouse . In the latter, an arthouse flick of the most artsy kind, Pattinson holds his own against heavyweight weirdo Willem Dafoe  – showing off just how far he’s come since making tween girls swoon as a 104-year-old vampire. Sexy, this lighthouse keeper is definitely not. In fact, Pattinson appears to be constantly fleeing the mainstream comforts his conventional good looks might offer, running instead into the arms of directors like Claire Denis, Christopher Nolan, David Cronenberg, and the Safdie brothers, with the same intensity he instils in all his characters. More than anything, Pattinson takes risks – take his deliciously camp French accent in The King , his emo-boy take on The Batman , or Christopher Hitchens-inspired sidekick in Tenet . AN

34. Michael Stuhlbarg

In just a few minutes, towards the end of Call Me by Your Name , Michael Stuhlbarg, one of America’s finest supporting presences, destroyed his audience. “Right now, there’s sorrow, pain,” the father tells his son, of first love. “Don’t kill it and with it the joy you’ve felt.” Exquisite writing, sure, but it was Stuhlbarg’s trademark combination of quasi-academic poker face and latent sensitivity that makes it work. His finest performance, though, is another character in emotional turmoil: hapless university lecturer Larry Gopnik in the Coen brothers’ A Serious Man . Released in 2009, it precipitated a series of castings – Lincoln , Steve Jobs , The Post , The Shape of Water – that have made Stuhlbarg one of Hollywood’s most reliable performers. NH

33. Mark Ruffalo

There’s something peculiarly offbeat about Ruffalo’s sensibility, a kind of volatile softness that makes him such a curious fit for roles such as In the Cut ’s sexed-up police detective, or the devil-may-care sperm donor in The Kids Are All Right . But Ruffalo was excellent in them, as he seemingly always is – Zodiac , Shutter Island , Foxcatcher , and Spotlight all drew deft, affecting work from him; Poor Things saw him thrive in a comic turn as a blustering, cuckolded fop. Even his multi-film run as Marvel’s Incredible Hulk contains some interesting touches – particularly in the first two Avengers films. LC

32. Frances McDormand

Frances McDormand may forever be associated with the extremely pregnant, wonderfully uncool Minnesotan police chief of 1996’s Fargo , but the 21st century has seen her age into a giant of the industry. McDormand’s startling ability to telegraph several emotions and motivations at once is used to brilliant effect in her more recent roles, whether playing an avenging mother ( Three Billboards Outside Ebbing, Missouri ) or an overbearing one ( Almost Famous ). Her naturalism and empathy found yet another home in Chloe Zhao’s Nomadland – an apotheosis for one of today’s best living actors. After all, three Oscars don’t lie. AN

31. Ryan Gosling

This is the actor who, in Barbie , managed to turn a plastic doll with a smoothed-over crotch into a genuinely revealing portrait of a misguided modern man – and the funniest person in that film to boot. But Ryan Gosling’s not just Ken. That performance was the latest of many – from The Nice Guys to Lars and the Real Girl to Crazy, Stupid, Love – in which Gosling showed his quirkiness and willingness to look ridiculous. But he’s also one of the most resonant dramatic movie stars of his generation – just look at his brooding stoic in Drive , or the tragic lovers he’s played in his two collaborations with Derek Cianfrance ( Blue Valentine and The Place Beyond the Pines ) . This man will pierce your heart. And do it all with a lopsided smile. EH

30. Rachel McAdams

The 21st century’s reluctant movie star, Rachel McAdams does some of the funniest and most memorable acting you’ve ever seen, then burrows herself away for years in parts unknown. Or, y’know, somewhere in her native Canada. Unusually for somebody so publicly offline, it’s the internet that seems to keep her work alive: every one of her borderline sociopathic line deliveries in Mean Girls now exists in meme form, likewise her deadpan exclaim of “Oh no, he died” in the cult comedy Game Night . Does her queer romantic drama Disobedience even exist outside of that gif of Rachel Weisz spitting in her mouth? More than anything, though, McAdams is just lovely to watch on screen: warm and empathetic in the likes of The Notebook and Are You There God? It’s Me, Margaret ; steely and self-assured in Spotlight and Red Eye . AW

29. Mahershala Ali

Mahershala Ali possesses the quiet command of Old Hollywood stardom, a sense that no word is wasted, no gesture made without careful intent. His reserve can transform into calculated hostility when he wills it, such as his villainous turn as Cottonmouth in Marvel’s Luke Cage , or into something more graceful, more contemplative, as so beautifully demonstrated in his Oscar-winning performances in Moonlight (2016) and Green Book (2017). These roles catapulted him from a steady, but unassuming place in the industry, into its very heart – as he became the first Muslim actor to win an Oscar and the only Black actor since Denzel Washington to win two. In Moonlight , Ali haunts the screen despite his relatively contracted screen time as Juan, a local drug dealer who takes young Chiron (Alex R Hibbert) under his wing and shows him the gentle nature of the world. CL

28. Saoirse Ronan

She was just 12 in Atonement , but the pre-teen Saoirse Ronan already had the striking intensity that she’d bring to future roles; her turn as Briony, alternately naive and precocious, sets up the film’s moral thorniness. Since then, Ronan has established herself as an industry favourite who values interesting creative choices over blockbuster fame. She seems to have found her dream collaborator in Greta Gerwig, who has directed her in two of her best performances: as the “titular role” in Gerwig’s coming-of-age movie Lady Bird and as Jo March in Little Women , a casting decision that managed to please even the most devoted fans of Louisa May Alcott’s classic. “I hope we get to be old ladies together making movies about old ladies,” Gerwig has said of the star. KR

27. Paul Giamatti

As Paul Hunham, the curmudgeonly teacher-turned-caretaker in Alexander Payne’s The Holdovers , Giamatti reminded audiences that he is a major screen talent. Too often pigeon-holed as a ‘character actor’ (a Hollywood euphemism for people who don’t look like your average pin-ups), Giamatti has stretched his range across blockbusters ( Planet of the Apes , The Amazing Spider-man 2 , The Hangover Part II ), awards fare ( 12 Years a Slave , Saving Mr Banks , The Ides of March ) and big, glossy TV shows. But it’s tender indies such as Win Win , Private Life and Barney’s Version that have best displayed Giamatti’s everyman talent, not to mention his canonical role as wine snob Miles in 2004’s Sideways , a performance so powerful it crashed sales of Californian merlot. NH

26. Joaquin Phoenix

Being the younger brother of a major heartthrob, and nascent serious movie star, can’t have been easy for Joaquin Phoenix. But, over the years, he has stepped out of the shadow of his brother’s legacy – and tragedy – with a series of roles that show how easily he manoeuvres between threat and vulnerability, an internal conflict he’s been mastering since 2000’s Gladiator . Chief in some minds will be his Oscar-winning turn in Joker , but his performances in films such as Two Lovers , The Master , Her , Inherent Vice and C’mon C’mon are far more interesting. In fact, Phoenix’s filmography is so riddled with deep, complex performances, that it’s hard to pick a favourite: not only does he almost always deliver a multilayered performance, he is a judicious picker of enticing projects. NH

25. Carey Mulligan

Mulligan was a fresh-faced 23-year-old when she received her first Oscar nod in 2010, for a performance in An Education that nimbly balanced the naivety, earnestness and put-on sophistication of a 16-year-old girl on the brink of adulthood. Then came roles that plunged into the darkness – a ground-down wife in Drive , a suicidal singer in Shame , a raging folk artist in Inside Llewyn Davis . Her second nomination was in 2021 for Promising Young Woman , a film that arrived with the velocity and colour palette of an explosion at a bubble gum factory. As a woman forever changed after her friend was raped, Mulligan was vengeance itself – scheming, merciless, insatiable, and dripping with pure pain. Her third came in 2024 for her beautifully brittle Felicia Montealegre Cohn in Maestro , the actor and activist wife of composer Leonard Bernstein. So many roles, and to all of them she brings such aching humanity. EH

24. Jesse Plemons

Who would’ve thought the bowl-cut kid from Like Mike would grow up to be one of the 21st century’s finest actors? From those humble beginnings, Jesse Plemons continues to forge one of the most interesting paths for a character actor to date – traversing prime-time TV ( Friday Night Lights ; Breaking Bad ), spiky arthouse films ( Kinds of Kindness ; I’m Thinking of Ending Things ), Oscar winners ( Killers of the Flower Moon ; Power of the Dog ), and silly comedies ( Game Night ). The one consistent? Plemons making off with scenes, by virtue of his sheer naturalism. He is the sort of actor who feels as though he’s just stumbled off the street and onto the screen – lending every role (even the bonkers Kinds of Kindness ) a rare, coveted believability. AN

23. Penélope Cruz

Cruz walked into our lives in a red dress carrying a suitcase down a dusty road in Jamón Jamón in 1992. The intensity she brought as an 18-year-old to her debut film role was just a foretaste of what was to come in a scintillating career now in its fourth decade. She won an Oscar and a Bafta for her 2008 role in Woody Allen’s Vicky Cristina Barcelona , yet Cruz has arguably done her best work in the films of Pedro Almodóvar, for whom she has been a fixture in classics such as Volver (2006), Broken Embraces (2009), and Parallel Mothers (2021). The director finds the range and emotional depth in the performances of this daughter of a hairdresser and a car mechanic from the Madrid suburbs, who made the leap from European arthouse to Hollywood blockbuster with ease opposite Tom Cruise in Vanilla Sky (2001) and Adam Driver in Ferrari (2023). Cruz takes complex, multifaceted characters and sets them ablaze with inner fire. CH

22. Adam Driver

We have much to thank Lena Dunhan’s Girls for, not least introducing the world to Adam Driver. As the show’s boorish artist boyfriend, he proved himself a fount of untapped talent – every scene a vehicle for his oddball magnetism. On the big screen, he’s all coiled emotion, a six-foot-two loaded spring ready to go off – in which direction is anybody’s guess. Driver is an actor of contradictions. He is kind and cruel, charming and disgusting, loveable and loathsome. He’s also strange, lending each role a certain can’t-look-away eccentricism, no matter if it’s arthouse like Annette or as mainstream as Star Wars. In the words of Lena Dunham: “He’s a freakin’ weirdo.” AN

21. Tony Leung

The sensual king of Hong Kong film, Leung has a kind of magnetism that could start international conflicts. The New York Times once called it a “ravishing sadness”, all parting glances and inscrutable yearning – captured best by Wong Kar-wai in his majestic romance In the Mood for Love . Then Leung switches it up: an assassin in Zhang Yimou’s Hero , a battered undercover cop in Infernal Affairs, an inscrutable (if impossibly handsome, duh) traitor in Ang Lee’s Lust, Caution . Few stars burn with such naked, intoxicating charisma. And throw him into a rare English language film, such as Marvel’s Shang-Chi , and the balance is almost hilariously off: he is a hydrogen bomb, everybody else a coughing baby. AW

20. Tilda Swinton

Swinton is one of cinema’s great chameleons, as believable when playing a mother with a slowly dawning horror about her impossible-to-reach child in We Need to Talk About Kevin (2011) as she is the besotted elderly dowager Madame D in The Grand Budapest Hotel (2014). It might be easy perhaps to associate her regal poise with being the daughter of a Scottish noble, yet she sometimes conveys almost unfathomable depths beneath the porcelain-cool exterior that she presents to the cameras. There’s heat and emotion there, too, as in the portrait of an attorney who sanctions a cover-up killing in Michael Clayton (2007) – for which she won an Oscar, opposite George Clooney. Swinton is a risk-taking actor who almost never disappoints. CH

19. Kirsten Dunst

A rare fusion of boundless ability and absolutely impeccable taste, Kirsten Dunst could be the owner of the most impressive filmography on this list if we were ranking on sheer diversity. Look at the material: the teen boppery of Bring It On and Get Over It ; the comic book thrill of Spider-Man ; the modern classic that is Eternal Sunshine of the Spotless Mind . Dunst is very good at a kind of piercing, complex sunniness, the kind that masks disappointment, self-loathing or – as in dark comedies like Bachelorette or Sofia Coppola’s haunted soufflé of a movie, Marie Antoinette – rampant insecurity. And she’s absolutely sensational as women adrift in despair, an ache that fuels her characters in Coppola’s The Beguiled and The Virgin Suicides , Jane Campion’s The Power of the Dog and Lars von Trier’s breathtaking Melancholia . Kirsten Dunst, the thinking millennial’s favourite movie star. Long may she reign. AW

18. Michelle Williams

From Dawson’s Creek smartarse to inveterate Academy Award nominee, Michelle Williams’s career has been one of slow but steady recognition. It was her performance as an overlooked, betrayed housewife in 2005’s Brokeback Mountain , her first Oscar-nominated role, that propelled her out of the memory of Nineties teens and into the acting mainstream. Since then, it is performances in films such as Blue Valentine , Manchester by the Sea and The Fabelmans that have exhibited her power for quiet heartbreak, whilst other roles, such as Emily Tetherow in Meek’s Cutoff and Marilyn Monroe in My Week With Marilyn , have demonstrated her enormous range. NH

17. Leonardo DiCaprio

Sometimes, the desperate desire to win an Academy Award – or even, the perception that such a desire exists – can derail an actor’s promising career, tipping them towards safe, pandering sludge in an effort to please voters. DiCaprio, one of the biggest stars on the planet, was seen to have spent much of the 21st century pining for the Academy’s recognition. Though it finally arrived in 2016 (for the punishing wilderness western The Revenant ), this pursuit of Oscar glory only ever pushed DiCaprio into bolder and more daring territory. He is outstanding in his six collaborations with Martin Scorsese (particularly Wolf of Wall Street ) but his best work may have come with Quentin Tarantino – as explosive irredeemable slave-owner Calvin Candie in Django Unchained , and washed-up actor Rick Daltonin Once Upon a Time… in Hollywood . The fresh-faced kid from Titanic is long gone – the man who’s replaced him is far more interesting. LC

16. Kristen Stewart

A movie star made in an instant, thanks to the Twilight series, Kristen Stewart has for a long time been treated as caricature in the popular imagination. Lip bite. Hair twirl. Stammer. But her genius as an actor is that, while others clamoured for her to fade away, tics, mannerisms and all, she saw them for what they truly were – a marker of humanity at its most honest. Even when in the act of imitation, carefully replicating the bashful head-tilt and murmured entreaties of Princess Diana in Pablo Larraín’s Spencer (2021), Stewart finds deep and restless parts of herself in these characters. Nothing is suppressed. She is available, entirely, to the camera, inviting in new conditions and perspectives. Then, she allows those emotions to explode outwards like fireworks, in Olivier Assayas’s Personal Shopper (2016), Kelly Reichardt’s Certain Women (2016), David Cronenberg’s Crimes of the Future (2022), or Rose Glass’s Love Lies Bleeding (2024). To Stewart, there is only truth in cinema. CL

15. Jennifer Lawrence

The speed with which Jennifer Lawrence ascended in the 2010s was all the more impressive considering the impoverished outsiders she’s so good at playing: the reluctant warrior of The Hunger Games , the backwoods quasi-orphan of Winter’s Bone , the battle-wary drifter of Causeway . There is a grit to Lawrence’s greatest characters, who possess a strength that’s taken root only because their circumstances insist upon it. Even while becoming one of the most famous women on the planet, Lawrence’s creative choices – the Oscar-winning mania of Silver Linings Playbook ; the hard-to-watch chaos of Darren Aronofsky’s Mother! – have rarely felt glamorous. Her one proper comedy vehicle, 2023’s No Hard Feelings , similarly brims with subversion: there’s no nudity in her sexy skinny dipping scene, but an eye-popping full-frontal when she’s violently beating up a pack of teenagers for stealing her clothes off the beach right after. AW

14. Christian Bale

One of Britain’s best modern actors, Christian Bale is a performer of both gravitas and versatility. He’s always proved willing to transform himself aesthetically for a role – becoming skeletally thin for sections of The Machinist (2004) and putting on 40lb (and some prosthetics) to play Dick Cheney in Vice (2018). If there’s an air of showiness or gimmickry to this sort of practice, then there’s nothing gimmicky about Bale’s actual work on screen. He is a full-body actor, capable of elevating mediocre fare to vibrant watchability ( The Big Short ) and, as with American Psycho or The Prestige , coaxing greatness out of stronger material. It’s a credit to Bale’s artistry that he was able to play Bruce Wayne in a trilogy that many believe to be cinema’s definitive Batman adaptation – while never letting the role define him. LC

13. Isabelle Huppert

What a fearless actor Huppert is. The great French screen diva is now in her seventies and has trod a thrilling path since her 1972 debut in the romance Faustine et le Bel Été (in which Isabelle Adjani, long considered her rival, also appeared). She’s simply unforgettable in Michel Haneke’s The Piano Teacher (2001) as a sexually repressed woman who acts upon her sadomasochistic fantasies with one of her students – for which she won the Best Actress award at Cannes but went unrecognised at the Oscars. They finally did notice her uncompromising performance in Paul Verhoeven’s controversial rape-fantasy Elle in 2016. Huppert is prepared to take any role right to the edge; there’s no one like her. CH

12. Natalie Portman

Once George Lucas has made you look like a terrible actor three times over in Star Wars prequels of varying shoddiness, I suppose things can only get better. That’s presumably what happened to Natalie Portman, who began the 21st century floating around space in a barrage of insane outfits, before becoming one of Hollywood’s boldest, bravest movie stars. Portman loves a big swing, and performance choices that always feel perilously close to tumbling off a cliff edge into horridness – the brittle baby voice in Black Swan , the arch, old-money register of Jackie , her smack-talking bravado in Vox Lux , the eerie uncanniness of her ruthless TV star in May December . It’s rare today to find an actor who doesn’t seem interested in naturalism, who understands that some of the most exciting acting is when you feel as if you’re watching someone throw big, heavy objects at the wall just to see what happens. AW

11. Willem Dafoe

That great sinewy face of Willem Dafoe’s can be twisted into something ghoulish or comedic, a monstrosity or a beacon of mundanity. He’s oddly timeless as a performer, as at home in high-camp period horror such as The Lighthouse or Nosferatu as he is in comic book movies (The Green Goblin in Spider-Man !), rough-edged indies such as The Florida Project or the most conventional, commercial features around ( The Fault in Our Stars ). He has been a vampire and a vampire hunter; the weirdest person you’d ever encounter and the most shatteringly human. Auteurs adore him. He’ll do absolutely anything for a paycheck ( Aquaman , anyone?). He is always sturdy, interesting, dependable. What a cruel world it’d be without him in it. AW

10. Florence Pugh

The youngest person on this list, Florence Pugh has already shown herself to be a generationally gifted actor. There were those who almost called it from her breakout role in the dark period drama Lady Macbeth ; others only clocked it when she stole every scene in Little Women as the bratty Amy March. She’s got tremendous range – playing a northern wrestler in Fighting with My Family , an American opioid addict in Zach Braff’s A Good Person , and a chef with cancer in We Live in Time – but also great depth. As when she played Jean Tatlock in Oppenheimer , Pugh makes even small roles feel major. LC

9. Colin Farrell

The reason people wang on about Colin Farrell’s early time in the spotlight is primarily because it’s just such a cool story: swaggering Irish party boy with a sex tape suddenly becomes an incredibly respected character actor, zeroed in on by auteurs and geniuses, the power of his superhuman charisma used for good instead of evil. It’s important to give credit where credit’s due: Farrell was very good at the early Noughties movie-star thing, bringing a degree of cocksure sweatiness to the likes of Phone Booth , Miami Vice and Minority Report . But he’s at his best when he lets his defences down. His work with Yorgos Lanthimos ( The Lobster ), Sofia Coppola ( The Beguiled ) and, most significantly, Martin McDonagh ( In Bruges , The Banshees of Inisherin ) orbits around his blemished, luckless vulnerability, that crack in the armour that makes him so unexpectedly sweet on screen. He just seems fundamentally decent, doesn’t he? AW

8. Cate Blanchett

To say the Australian actor has range would be understating things almost to the point of irony. Blanchett has an almost bewildering breadth of talent that allows her to forge one memorable character after another. She’s celestially pure as Galadriel in the Lord of the Rings trilogy (2001-3); implausibly Dylanesque in I’m Not There (2007); deeply romantic in Carol (2015); imperious in Tár (2022); the list goes on. Blanchett is a subtle and intelligent actor, always precise, and blessed with a charisma that allows her to step with ease into blockbuster territory, from her KGB agent Irina Spalko in Indiana Jones and the Kingdom of the Crystal Skull (2008) to her Goddess of Death Hela in Thor: Ragnarok (2017). Rumours of retirement sometimes swirl around her; let’s hope they’re not true. CH

7. Song Kang Ho

Western audiences will know Song Kang Ho, most likely, for his role in the 2020 Best Picture winner Parasite . But it’s in his first collaboration with Bong Joon Ho, Memories of Murder (2003), that you’ll find a single shot that best captures the magnificent irony at the heart of his work – that Song, more than any other, can project helplessness with complete precision and control. The actor is one of the best-known faces of New Korean Cinema, beloved by Bong, Park Chan Wook and Kim Jee Woon. In Memories of Murder , he plays a detective in rural South Korea, thwarted in his attempts to catch a serial killer. He returns, years later, to the crime scene, to be confronted with a witness, a small girl, who can only describe the man as “ordinary”. Song looks, wild-eyed and desperate, to the audience – the film was inspired by a real killer, who at the time had yet to be caught. Could he have returned here, to this film, to look upon his evils? Song’s features speak plainly to those fears. CL

6. Daniel Kaluuya

After Steve McQueen cast Daniel Kaluuya in his 2018 thriller Widows , he said of the actor: “He has that gift you don’t see often, a presence even in his stillness. You feel what he is feeling, you see what he is seeing.” In that film, Kaluuya plays the relatively minor part of a mob enforcer but it is his beautiful intensity, his determination to intimidate, his eyes (those eyes!) that are the most memorable thing about it. Those very eyes were the same, wide, tear-spilling pools that made the world wince in Get Out , one of the best and most important films of the 21st century. So much of Kaluuya’s work – from Queen & Slim to Judas and the Black Messiah to Black Panther , to Nope – is deeply humanistic, taking complex Black characters and presenting their experiences undiminished and undimmed. A truly radical star. EH

5. Nicole Kidman

You can’t deny that Nicole Kidman has range. For proof, you only have to rewind to her consecutive Best Actress Oscar nominations at the Academy Awards in 2001 and 2002, which recognised two roles that could hardly be more different: her dazzling all-singing, all-dancing turn as a consumptive showgirl in Baz Luhrmann’s Moulin Rouge! and her winning portrayal of Virginia Woolf towards the end of her life in The Hours . She’s not afraid to go to places that other actors might baulk at  – playing a woman convinced that her dead husband has been reincarnated as a 10-year-old boy in Birth , for example – and when it comes to her movie work, her filmography is so eclectic that there’s no such thing as a typical “Nicole Kidman role” (although arguably the opposite is true if you look at her TV resumé). No one throws themself into a role quite like Kidman does, whether that’s adopting an outlandish accent, a prosthetic nose or an intriguing wig; on a more serious note, though, her commitment to working with female filmmakers, collaborating with 15 over the past seven years, is admirable. The film industry is a far more interesting place with her in it. KR

4. Denzel Washington

Few actors hold as much weight in Hollywood as Denzel Washington: the name itself seems to puff out its chest and jut its chin. That is, though, what you get when you’ve spent the last four decades, as Washington has, turning in some of the most indelible performances in recent memory. Washington brought his powerhouse Nineties star quality into the 21st century with films like American Gangster and Out of Time . That said, he doesn’t need high-flying action to shine. Just look at his crackling turn in Joel Coen’s The Tragedy of Macbeth for proof of that. As the tormented general, he’s understated and quicksilver in his ability to move through emotions. Between Macbeth , the fiery ending of Training Day , and most recently Gladiator 2 , one thing is clear: the man knows how to monologue. And who knows? The best may still be yet to come. AN

3. Daniel Day-Lewis

Ever since his performance as the Irish writer and artist Christy Brown, who was born with cerebral palsy, in My Left Foot (1989), Daniel Day-Lewis has become synonymous with a commitment to method like no other actor (though he would be unlikely to be offered that part today). This side of the millennium, he has taken the breath away with his screen portraits of 19th-century Protestant gangster Bill the Butcher in Scorsese’s Gangs of New York (2002) and ruthless oilman Daniel Plainview in There Will Be Blood (2007). Day-Lewis is adept at letting you foment pure hatred for his characters, though he took a different route into America’s Civil War president in Spielberg’s Lincoln (2012). He announced that his capricious, controlling 1950s society fashion designer Reynolds Woodcock in Phantom Thread would be his final role (he’d spent a year learning how to make a haute couture dress). The news that he intends to return next year in a film directed by his son Ronan is exciting, to say the least. CH

2. Emma Stone

Is there a more exhilarating image than that of Emma Stone thrashing, thrusting and twirling her way across a Victorian ballroom in Poor Things ? Perhaps the moment she gleefully spattered her love rival in The Favourite , Rachel Weisz, with the blood of a pigeon. Or when she danced at dusk in La La Land. At 36, Stone is one of the youngest actors on this list, but the pathos and mirth she invests in her roles suggests a long and rich life lived. Her transition from parts that made the world fall for her, in romcoms such as Easy A and Crazy, Stupid, Love , to her more recent foray into black comedy and gothic fantasy, show the Oscar winner masterfully subverting her girl-next-door origins with raw and fearless work. Her choices are always risky, always hungry – and always nourishing. EH

1. Philip Seymour Hoffman

It’s a testament to Philip Seymour Hoffman’s sheer undeniable brilliance that this pick for the top spot almost feels too obvious. But obvious or not, there’s simply no overselling the late American actor’s body of work between 2000 and his death in 2014. He was staggeringly adaptable – shrewd and effete in Capote , domineering and fallible in The Master , jaded to a nub in A Most Wanted Man . When the material was flawed, he still found a way to spin it into genius – as the window-smashing spy in Charlie Wilson ’s War , or the lead of the maudlin, offbeat God’s Pocket . But when the material was great – and it so often was – Hoffman rose to the occasion. In the headline of his obituary, The New York Times described Hoffman as an “actor of depth”. It seems like faint praise, perhaps, but it’s also profoundly true. He was an actor of seemingly fathomless empathy; not a second passed when you didn’t believe him. LC"
"The 26 greatest movie openings of all time, ranked",https://www.independent.co.uk/arts-entertainment/films/features/best-movie-openings-films-beginnings-b2723196.html,,arts_culture_celebrities,independent,"A great ending can almost save even some of the worst films from total oblivion – making you either question everything you have seen up until that point or perfectly wrapping up the narrative with a neat little bow.

A great opening , however, is something that can truly make or break a movie. Those first few minutes are essentially an audition for the movie to impress its audience and intrigue everyone for what is about to come.

Whether it’s setting the tone through shock and excitement or introducing us to a key character with engrossing dialogue, a great opening isn’t just about spectacle: it’s about storytelling.

Here are 26 openings that effortlessly grabbed the viewer’s attention and left them wanting more.

26. Shogun Assassin (1980)

Here’s a rarity – a movie opening that was made famous by the opening song of an album. Liquid Swords , the seminal second studio album by Wu-Tang Clan rapper GZA, uses practically the entire intro of the violent samurai film Shogun Assassin – a spliced-together telling of the first two Lone Wolf and Cub films intended for Western audiences. Visually, the opening scene – a series of shots of the titular assassin at work – isn’t overly remarkable, but the voice dubbing by Gibran Evans is what has created its cult status. The naivety and vulnerability that Evans manages to evoke not only raises the movie’s stakes but merges its brutality, atmosphere, and mythic storytelling.

25. Blade (1998)

After a brief sequence depicting the birth of the titular day-walking vampire, gory 1998 superhero film Blade launches into a truly spectacular curtain-raising sequence, as an adult Blade (Wesley Snipes) hunts down his foes at a vampiric nightclub. The nightclub itself – creatively called “Club Blood” – is an ingenious location, a place where blood sprays from sprinklers to the sound of Pump Panel’s remix of “Confusion” by New Order. Such was the scene’s cult reputation that a venue full of New York revellers gathered in 2015 to re-enact the scene at a real nightclub, allowing themselves to be drenched as fake blood rained from the ceiling.

24. The Thing (1982)

The Thing deals with the Lovecraftian fear of the unknown, and the paranoia and isolation that envelops the film is evident from the get-go. A seemingly innocent dog is hunted by Norwegian scientists, who frantically shoot at the poor pup from a helicopter in Antarctica. The terrified dog reaches another research facility, run by Americans, who are baffled as to why the Norwegians are trying to kill the pooch. Both the American researchers and viewers have no idea why the dog is so dangerous, instantly creating intrigue before the actual horror erupts. That’s no dog...

23. The Spy Who Loved Me (1977)

A good Bond movie always needs a great opening and the franchise has had plenty to choose from over the years. From Sean Connery blowing up a cache of drugs in an unidentified Latin American country in Goldfinger to Pierce Brosnan’s death-defying bungee jump sequence in GoldenEye , the films rarely fail to grab viewers’ attention in the opening few minutes. If you want something that is quintessentially Bond then look no further than 1977’s The Spy Who Loved Me, where in the opening four minutes, a nuclear submarine is hijacked, and Bond is seen fornicating with his latest lady of choice before being pursued over mountain tops in a ski chase and eventually diving over a cliff, saved only by his Union Jack parachute. It’s ridiculous and sublime in equal measure, and like the song says: “Nobody does it better.”

22. The Incredibles (2004)

Animation studio Pixar has had its fair share of great openings over the years – more than a few of which have had the power to emotionally devastate. The opening to The Incredibles – a succession of talking-head TV interviews with the core adult characters in their crimefighting prime, before we get a look at Bob and Helen Parr’s action-packed wedding day – doesn’t have the emotional impact of, say, Up or Finding Nemo , but it’s an exercise of extraordinary elegance in scene-setting, establishing the specifics of the film’s retro-futurist world with a lightness of touch that is, dare I say, incredible.

21. Zoolander (2001)

“Is Derek Zoolander real?” “Why are all these very famous people (Donald Trump, Victoria Beckham, Natalie Portman) talking about him?” “Why haven’t I heard of him?” These are the questions that you might ask yourself when you first watch Ben Stiller’s Zoolander , a satirical take on the fashion industry and early 2000s culture. Not only is it fun and convincing, but it’s executed with such stylish panache that it wouldn’t feel out of place on an MTV documentary.

Watch Apple TV+ free for 7 day

New subscribers only. £8.99/mo. after free trial. Plan auto-renews until cancelled.

ADVERTISEMENT. If you sign up to this service we will earn commission. This revenue helps to fund journalism across The Independent.

Watch Apple TV+ free for 7 day

New subscribers only. £8.99/mo. after free trial. Plan auto-renews until cancelled.

ADVERTISEMENT. If you sign up to this service we will earn commission. This revenue helps to fund journalism across The Independent.

20. No Country for Old Men (2007)

The Coen brothers’ Oscar-winning film is a rare example of an opening and closing scene practically mirroring each other. “I don’t wanna push my chips forward, and go out and meet something I don’t understand,” says Tommy Lee Jones in one of the directors’ now trademark voiceover intros, played over idyllic shots of the Texas landscape. As he becomes more philosophical we are introduced to the film’s demonic antagonist Anton Chigurh, who comes to represent the evil at its core. The simplicity of the opening only really hits home as Jones’s character delivers a devastating monologue at the end of the film, where he speaks of a symbolic vision of hope he witnessed in a dream in the face of uncertain darkness.

19. Birth (2004)

All of British director Jonathan Glazer’s four feature films include remarkable openings, from Sexy Beast to Under the Skin to 2023’s Zone of Interest . But there’s something singularly hypnotic about Birth , in which the camera follows a man as he jogs around Central Park, before he collapses of a heart attack. It is an event that sets in motion the events of this sad, bewildering and often funny film, in which Nicole Kidman believes her husband has been reincarnated as a young child. And it’s an opening that seems to be everything at once: poetic, haunting, mysterious.

18. Princess Mononoke (1997)

Hayao Miyazaki’s 1997 epic is a high point in the legendary Japanese animator’s career and is filled with some of the best action sequences ever drawn. But there’s no topping the exhilarating opening, in which the film’s hero Ashitaka slays a rampaging demon to save his village, and is cursed in the process. It’s incredibly dynamic, intricately designed, and, like much of the film, tonally complex – so much more than just a rote good guy vs bad monster battle scene.

17. Trainspotting (1996)

The pounding drums of Iggy Pop’s “Lust for Life” and Ewan McGregor’s legendary “Choose Life” monologue at the start of Danny Boyle’s Trainspotting kicks off what would become a phenomenon and an inescapable piece of British 1990s culture. Buzzing with the type of electricity and swagger that seemed to be reverberating through the country at the time, Trainspotting’s dark humour and cynicism are captured perfectly in its opening 90 seconds. Furthermore, it sets up the central themes of addiction, escapism, and the clash between societal expectations and personal destruction.

16. Star Wars (1977)

An opening so good that they tried to remake it 40 years later. Let’s be honest: if the first Star Wars film hadn’t gotten off to a rip-roaring start, would it have even spawned the behemoth that is still dominating entertainment today? The answer is almost definitely yes, but Darth Vader might not have been so imposing if he wasn’t given one of the coolest and most intimidating introductions in movie history. 2016’s Rogue One provided a nice little prequel to the scene, depicting Vader as a terrifying, almost unstoppable force.

15. Sunset Boulevard (1950)

The noir genre has given birth to plenty of classic opening sequences, from Kiss Me Deadly to Double Indemnity . Sunset Boulevard – which opens with its narrator face down, dead, in a Hollywood swimming pool, is perhaps the finest and most lasting example – a “you’re probably wondering how I got here” for the ages.

14. Vertigo (1958)

The strange and unsettling world of Vertigo is established superlatively in its opening scene, which sees Jimmy Stewart’s copper John “Scottie” Ferguson embark on a rooftop chase that claims the life of a fellow police officer. The scene features Hitchcock’s first use of the memorable dolly zoom effect, to evoke the effects of Vertigo – a camera movement as impactful and famous as just about any in the history of cinema.

13. Scream (1996)

The late, great Wes Craven reinvented the horror genre several times during his blood-soaked career, but the opening to Scream might go down as his greatest achievement. The film opens lightheartedly as Drew Barrymore’s Casey receives a series of wrong-number phone calls. However, the stranger is persistent and the two eventually start talking about horror movies in a meta wink and nod to the audience. As the lingering sense of doom ramps itself up, the audience slowly realises that Scream isn’t abiding by the usual horror tropes – it’s creating a whole new rule book.

12. The Dark Knight (2008)

Christopher Nolan’s seminal 2008 superhero blockbuster may have borrowed many of its moves from the 1995 heist movie Heat – but when the results are this good, you don’t ask for receipts. The Batman-less opening sequence sees a gang of clown-masked criminals stage a violent bank robbery, leading up to the ultimate reveal of Heath Ledger’s Joker. It’s expertly paced, thrillingly tense, and morbidly amusing – setting the stage for a film that would reinvent an entire genre.

11. The Matrix (1999)

“That’s impossible,” says a police officer who has just watched Trinity (Carrie-Anne Moss) and an agent effortlessly jump over a street from one building to another. Those two words sum up what it feels like watching that opening scene (and the rest of The Matrix for that matter) for the first time. There are more memorable scenes in the film than this one but seeing the bullet time special effect for the first time is truly mind-blowing.

10. Touch of Evil (1958)

If you thought complex long takes were a new gimmick invented by Netflix, then think again. In a single take Orson Welles shows us a ticking time bomb being placed into the boot of a car. As the car moves through the bustling streets, the camera subtly introduces two main characters played by Charlton Heston and Janet Leigh. They walk along the same path as the doomed car, unaware of the danger nearby. The scene is filled with movement and ambient noise – people talking, music playing, cars passing – adding to the immersive tension. The explosion immediately shifts the film into its central mystery: who planted the bomb? This inciting incident brings in Hank Quinlan (Welles), the corrupt police captain, and sets off the film’s noir plot about crime, corruption, and morality.

9. All That Jazz (1979)

The brilliant opening to Bob Fosse’s autobiographical musical All That Jazz is a masterpiece of editing. We get a snatch of the film’s overriding montage style and are introduced to Joe Gideon’s (Roy Scheider) frazzled, barbiturate-dazed morning routine, before the film drops us in a theatre auditorium, where Gideon is auditioning a mess of dancers for a new show. As they strut and pirouette to the sounds of “On Broadway”, we get a musical number that is both spectacular and uniquely real – we know immediately that All That Jazz is going to be a musical like no other.

8. The Godfather (1972)

Here’s an offer I can never refuse: whenever I stumble upon The Godfather on television, I have to keep watching until the entire opening sequence is over. Director Francis Ford Coppola has made great openings elsewhere – including the iconic beginning to the Vietnam war drama Apocalypse Now – but there’s no beating the first Godfather . The wedding sequence is the perfect introduction to the film’s characters, dynamics and themes, an immersive and patient piece of intricate scene-setting.

7. Inglourious Basterds (2009)

Quentin Tarantino’s 2009 war film is one of his strongest efforts, elevated to greatness by two phenomenal set pieces. The first of these is the opening, a piano wire-taut interrogation scene, in which Nazi investigator Hans Landa (Christoph Waltz) slowly coaxes a dairy farmer (Denis Ménochet) into giving up the Jews hiding under his floor. It’s one of the finest, tensest, and most memorable sequences in Tarantino’s entire career – and that’s no mean feat.

6. There Will Be Blood (2007)

There’s more than a little something primordial about the opening to There Will Be Blood , which follows Daniel Plainview (Daniel Day-Lewis) as he discovers silver in the depths of a mine. Watching Plainview drag his injured body out of the pit is a perfect microcosm of the film at large: a man reduced to his basest rudiments thanks to his own remorseless avarice. That the scene unfolds so cleanly without any dialogue is a testament to the clarity of director Paul Thomas Anderson’s storytelling.

5. Goodfellas (1990)

If Goodfellas is a cautionary tale about romanticising the lifestyle of a gangster then its opening scene communicates this in the most shocking way possible. A made man in the mafia is brutally beaten, stabbed and stowed in the boot of a car by Henry Hill (Ray Liotta), Jimmy Conway (Robert De Niro), and Tommy DeVito (Joe Pesci). As the violence dissipates, Hill says the legendary line: “ As far back as I can remember, I always wanted to be a gangster.” The opening treads the fine line between the glamour of mafia life and its raw violence, mirroring Henry’s journey in the film.

4. Blade Runner (1982)

There is an awe-inspiring type of horror that greets you in the opening scene of Ridley Scott’s iconic Blade Runner . Flames erupt from towers scattered across an unrecognisable Los Angeles skyline; flying cars scream past your point of view; Vangelis’s ethereal score almost threatens to cause a sensory overload. The jaw-dropping spectacle is all in aid of what is essentially an over-the-top establishing shot for the imposing Tyrell Corporation building. Few sci-fi films have ever come close to replicating an introduction quite like this – so much so that Blade Runner 2049’ s opening felt more like a homage than an upgrade.

3. Raiders of the Lost Ark (1981)

There are great character introductions, and then there is Raiders of the Lost Ark , which immediately creates a legend out of Indiana Jones. In what is essentially a mini-adventure, Spielberg tells us everything we need to know about the character and the movie we are about to watch. Everything from the idol swap to the rolling boulder and Indy’s wit and sarcasm is an exhilarating spectacle and arguably the pinnacle of the franchise.

2. 2001: A Space Odyssey (1968)

Nothing quite like Stanley Kubrick’s 2001: A Space Odyssey has been made before or since, and there isn’t anything that has matched the weird magic of the opening. After a slow, dramatic aligning of planets, set to “Also sprach Zarathustra” composed by Richard Strauss, we are transported into a prehistoric earth, where apes roam the land, discover a strange black monolith, and invent tools – or, rather, weapons. Incredible design; incredible costumes; incredible editing; and all in service of a story that is jaw-dropping in scope and significance.

1. Once Upon a Time in the West (1968)

The phrase “silence is golden” is a pure cliche, but few directors utilised minimal dialogue – or the absence of dialogue entirely – better than Sergio Leone. Somehow after the success of The Dollars Trilogy with the steely Clint Eastwood, Leone managed to make a western that was even grittier, this time with Charles Bronson in the central role. Its 10-minute opening scene in a deserted railway station, where three gunmen are waiting for their target, is a masterclass in slow-burn tension and visual storytelling. Instead of immediate action, Leone lingers on the mundane: creaking wood, buzzing flies, dripping water, and the rustling wind. As boredom almost threatens to get the best of them, Bronson’s “Harmonica” arrives playing his namesake instrument. We know instantaneously that this man is a force to be reckoned with and, after what feels like an eternity, the shootout is over in a matter of seconds. Leone’s patience creates a hypnotic opening that tells you “this isn’t your average western”."
15 films that traumatised us as children,https://www.independent.co.uk/arts-entertainment/films/features/traumatic-films-movies-children-b2718540.html,,arts_culture_celebrities,independent,"C ommon sense tells us that the fastest way to break a young person’s brain is to show them horror movies and scenes of abject violence. But this is also a bit misleading: screen-based trauma doesn’t exclusively stem from an early diet of Freddy Krueger and Hostel . You could plonk your children in front of the most innocuous, PG-rated fluff and still give them long-lasting nightmares.

How else to explain the plight of The Independent ’s Culture and Lifestyle desks, who’ve curated a list of the films that traumatised them as youngsters. Is there a Jeepers Creepers in the list? A Saw ? No! Instead there are numerous entries from the Disney canon and a cosy childhood romance film that inexplicably ends with one of the young lovers being stung to death by bees.

Here are 15 films that, for mostly confusing reasons, penetrated and permanently altered our fragile psyches.

“You know Dinah, we really shouldn’t be doing this!” Alice says while shoving her entire body down a hole in a tree, which reveals itself to be a long pipe into hell. Disney’s original Alice in Wonderland is horrible enough to maim even the most psychologically sound of adults. It’s a hallucinogenic little fable that warns innocent kids not to follow their curiosity. Nothing in this film is even momentarily pleasant. Characters? Between a rabbit with an anxiety disorder and a cat with schizophrenia, they’re all demented. The SFX? Grim and nightmarish. The script? Cryptic and sinister. Only a real freak like Walt Disney would have the impulse to turn a Lewis Carroll story into a kids’ movie. Hannah Ewens

When my mum took me to see Babe: Pig in the City when I was seven, she had no idea that George Miller had snuck nightmare fuel past studio bosses. I was wary immediately: gone was the warm glow of the original film, that I’d worn out on video already. In its place was a grim tale of animal poverty featuring an evil clown played by Mickey Rooney. I may have lasted the course but my popcorn didn’t. It was flung in the air as I shielded my eyes from a visual that is to this day seared into my brain: a dog, dangling from a bridge by his leash, struggling to breathe as his head is trapped underwater. Jacob Stolworthy

One of Disney’s more obscure animated films, The Black Cauldron was also the first to receive a PG rating. Watching it today, an 18 seems more appropriate. Loosely based on author Lloyd Alexander’s Welsh mythology-inspired series The Chronicles of Prydain , it follows “assistant pig-keeper” Taran, who dreams of becoming a famous warrior, as he tries to keep his oracular pig Hen Wen from the clutches of the evil Horned King. The film is bonkers enough, made more so by a litany of oddball characters, a dark colour palette and a sinister soundtrack by Elmer Bernstein. In its worst scene, the adorable character Gurgi sacrifices himself to save Taran by jumping into the cauldron. It gave me and my younger brother nightmares for weeks, and haunts me to this day. Roisin O’Connor

I’m aware that there’s something morally horrible about being lightly traumatised by an entire person – rather than a single movie or cartoon character – but good God, did Liza Minnelli bother me as a child. The spidery eyelashes. That breathless, somewhat uncanny voice of hers. The way she seemed to glide across rooms as if her legs weren’t quite real. Liza Minnelli was my Babadook, my Slender Man, my creature at the end of the bed. My parents had a Cabaret poster on our living room wall that I actively avoided looking at whenever I was in there alone, and to this day – and to the continued outrage of numerous people in my life – I have not actually seen Cabaret , so deep is my visceral aversion to it. (Joel Grey’s emcee can get in the bin, too, while we’re here.) Adam White

The constant threat of death looms over Mrs Tweedy’s concentration camp-cum-egg farm in Aardman’s Chicken Run . The sombre mood is reflected in the film’s muted grey colours – like The Lord of the Rings: The Two Towers but with more poultry. As a child, it always sent me spiralling into a deep melancholy that only a few episodes of The Wild Thornberrys could remedy. Tom Murray

There are few things more terrifying to a young girl than The Child Catcher from Chitty Chitty Bang Bang . Robert Helpmann peering around every nook and cranny of the fictional kingdom of Vulgaria – prosthetic nose first – will forever haunt my brain. Not to mention his sinister skipping and eerie cries of “ice cream”. It took me a long time to trust a Mr Whippy after that. Lydia Spencer-Elliott

I’ve always felt the world was on the verge of ending. Yes, the climate crisis, war, and the general deterioration of society, but also because of The Day After Tomorrow , which left an indelible impression on my 13-year-old mind. Extreme weather events including snowstorms and tornadoes usher in a new ice age, changing the world forever. I have a general outlook of nihilistic optimism (“Why not do x ,” I say, “the world is going to end anyway?”), which may have started with that film. Maira Butt

Sure, Free Willy has a happy ending. Free Willy tells the uplifting tale of orphan Jesse (Jason James Richter) who befriends the titular Orca and releases him into the wild from the clutches of an evil theme park owner. It has a very happy ending. But that triumphant storyline was lost on me as a child – I was completely rattled watching Willy’s mistreatment throughout the film, which seemed to be repeated on Film4 every weekend. All I could think about were those bleak scenes of the killer whale trapped in a gigantic tank and/or fishing net, soundtracked by Basil Poledouris’s melancholy string quartet score. I found the whole thing distressing. I didn’t care if Willy was free or not: my brain couldn’t let go of those dark, dark images. Ellie Muir

This cult animated classic from 1982 features an all-star cast of voices, including Mia Farrow and Jeff Bridges. It also features a plot so trippy and terrifying that me and my sister remain traumatised 30 years later. The story follows the last unicorn (Farrow) on a quest to find her brethren – but along the way she encounters a horrific freakshow carnival, a flaming, raged-filled entity known only as the Red Bull, and the bitterness of human mortality, thwarted love and bone-crushing grief. In short: it’s a lot to unpack for an eight-year-old. Helen Coffey

In the first half of The Lion King , evil uncle Scar warns us to “be prepared”, because he’s cooking up a truly awful plan. It’s safe to say that three-year-old me, watching the musical for the first time on VHS, was not remotely prepared for the emotional trauma I was about to undergo a few minutes later, when Scar chucks his brother, the luxuriantly maned king Mufasa, off a rock to be trampled to death by wildebeests. The words “long live the King”, which Scar hisses into Mufasa’s ear before committing lion fratricide, can still activate my fight-or-flight mode (Charles’ Coronation weekend was a difficult time).

Worst of all, though, is young cub Simba’s response to his dad’s death, desperately lifting up Mufasa’s paw only for it to flop to the ground, heavy and lifeless; his little cartoon face is horribly expressive. I’m pretty sure watching The Lion King was the first time I learned about death. Up to this point, my toddler cultural diet had pretty much consisted of wall-to-wall Rosie and Jim : great for learning about how canals work, less enlightening on, say, the pain of mourning a parent. And the other traumatising part? Those revolting squishy grubs that Timon and Pumbaa procure from under rocks to eat as snacks. I’m a vegetarian now. Katie Rosseinsky

The last (and final) time I attempted to watch Mrs Doubtfire , the tears were simply too much. I couldn’t breathe. Sure, in that moment it might’ve been down to my hormones. But that film has traumatised me since I was child. Why? Because I come from a broken home and while I can’t relate to a father going above and beyond to try and get closer to his children (mine moved to America when I was four), it’s something I’ve never been able to separate from my own experience. Maybe because I wish I had a father who’d done the same. It doesn’t help that I’m also a huge fan of Robin Williams, who coincidentally lived in the same area of northern California as my dad before his untimely death by suicide in 2014. Now, on the rare occasions when I visit my dad, we drive over the Golden Gate Bridge before going through a tunnel with a painted rainbow over the top. Since 2014, it has officially been known as the Robin Williams tunnel. Olivia Petter

As Kevin McCallister, the cherubic, eyebrow-wiggling face of the 1990 smash Home Alone , the young Macaulay Culkin was the toast of fledgling millennial pranksters. Evidently, as a six-year-old, I didn’t quite realise that he was acting ; to me he was Kevin, this wisecracking, parent-defying scamp who could outwit Joe bloody Pesci, a man who had previously scared the hell out of me in Moonwalker (no, I hadn’t seen Goodfellas back then). Imagine my horror, then, when Culkin – our adorable little Kevin – reappeared as Anna Chlumsky’s heartthrob in My Girl (1991), only to be stung to death by a swarm of bees. Having dragged my parents to see it at the Whiteleys in Bayswater, I left my seat reduced to hot, gulping sobs, my heart indelibly shattered, my head forever reminded that there is nothing as futile as “happily ever after”. Plus, I’ve never been able to listen to The Temptations. Patrick Smith

There were a few things about Wolfgang Petersen’s The NeverEnding Story that unnerved me as a child. There was Falkur, a dragon who somehow had both pearly scales and ivory fur. There was also the fact that it was my first taste of existentialism as I watched Atreryu try to save the magical realm of Fantasia from a vague disease called The Nothing – which is what happens when “people lose their hopes and forget their dreams”. But most harrowing of all was the slow, slow death of Artax, the film’s gallant white horse, who sinks beneath muddy darkness in the Swamp of Sadness while his little boy companion watches on in horror, grasping on to a rein that eventually connects to nothing. The scene instilled in me both a love of horses and an irrational lifelong fear of quicksand. Annabel Nugent

As a relatively sheltered boy of 10 or 11 years old, was I too young to watch One Flew Over the Cuckoo’s Nest ? Probably, but in the scheme of kids being shown age-inappropriate fare, we’re hardly talking about Bone Tomahawk here. Nonetheless, the multi-Oscar-winning film left a deep imprint on me – specifically the scene at the end, whereupon the nervous Billy Bibbit (Brad Dourif) is found in a pool of blood, having taken his own life. I suppose some of the credit, traumatising-a-child-ingly speaking, must go to Dourif, a truly phenomenal and underappreciated character actor whose wiry and brilliant debut performance here made the scene all the more devastating. I still find the scene gruesome and disturbing when watching it as an adult; for a child, the sad, bloody tragedy of it is downright bewildering. I’d have been better off watching Chucky . Louis Chilton

It’s often said that pets are a good way for children to learn about death. But in the absence of actual, furry, cuddly pets, it turns out animated rabbits will teach these lessons almost as well. I didn’t have pets as a kid, but we did have a telly and one day, Watership Down – overflowing with beautiful, heart-wrenching scenes of bunny carnage – appeared upon it. It would be melodramatic to say I was never the same again but, to this day, I can’t hear Art Garfunkel’s “Bright Eyes” without my bottom lip wobbling slightly. Phil Harrison"
Queer’s Drew Starkey on Daniel Craig: ‘We were so comfortable with our love scenes’,https://www.independent.co.uk/arts-entertainment/films/features/drew-starkey-daniel-craig-queer-b2662707.html,,arts_culture_celebrities,independent,"W hisper it, but Drew Starkey looks better on camera. But only because in Queer , his ayahuasca-fuelled romantic drama with Daniel Craig , Starkey is positively glowing. His trousers are pressed and immaculate. His features are soft and dewy. A loose curl of hair dangles perilously off the edge of his scalp. He is such a vision of pretty but seraphic masculinity that all that’s missing is a halo around his head.

“And I don’t look like that at all,” the actor says today, with a laugh. The 31-year-old’s face is currently lit by the ceiling bulbs and floor lamps of a five-star hotel in London. It’s enough to confirm that, yes, Starkey is incredibly good-looking, but not the kind of “sweet holy Moses, I’m-going-to-doom-myself-to-a-life-of-sad-gay-pining-if-I-don’t-have-you” good-looking that he embodies in Queer . There, Craig’s sozzled novelist William Lee – an analogue for the writer of the film’s source material, beatnic icon William S Burroughs – is completely enraptured by the beauty of Starkey’s Eugene Allerton, a pansexual hustler who drifts through the bars and cafés of Fifties Mexico City. He throws Lee into an existential crisis that spans decades. And when Starkey first saw the completed Queer this summer at the Venice Film Festival – where it drew raves – he couldn’t help but marvel at one key element. He had been blessed with some very, very good lighting.

“Our director of photography, Sayombhu Mukdeeprom – he says he doesn’t light for scenes, but for people,” Starkey explains. “And it’s true! He’s right at your face with the light metre constantly. So in a way, there’s a bit of a disconnect when I watch the film – it just doesn’t look like me up there.”

If you’re a TikTok-scrolling young’un between the ages of 14 and 20, the North Carolina-born Starkey is one of the biggest stars in the world right now – a cast member on Netflix’s soapy teen smash Outer Banks , in which he plays one of its resident sun-kissed hunks. But for everybody else, it’ll be Queer that marks Starkey’s proper arrival. The film, from Challengers and Call Me by Your Name director Luca Guadagnino , luxuriates in Starkey’s newness. Craig’s Lee practically wilts in his presence, bodied by Allerton’s poise, youth and sexual ease, which only seems to exacerbate his own crumpled melancholy.

Guadagnino sought Starkey out after seeing his audition tape for an unrelated project. A single meeting later, Starkey had the Allerton role. He still doesn’t understand how it happened. “I was riddled with anxiety about it all,” he says. “I had no idea what I was doing.” That Allerton is a mostly abstract character – he doesn’t say a ton, and is typically seen exclusively through Lee’s eyes – only made it that much trickier. But there’s an elegant kind of confidence to Starkey’s performance in the film, something as intimidating as it is alluring. You understand why a depleted and restless man of a certain age would project onto him entire universes.

“This has been the hardest thing I’ve ever had to do,” Starkey says. “As an actor, I always want to emote and go big, and for this I had to restrain myself a lot. It all came down to Luca, though, and just having this willingness to give yourself over to him, and trust that even if you feel like you’re doing very little in the moment, you’re doing something on camera.”

Starkey is keen to emphasise that he’s not entirely new to all of this – he graduated from Western Carolina University with a theatre degree in 2016, and had pottered around Los Angeles and Atlanta, Georgia, for several years before Outer Banks , filming minor roles in teen films such as The Hate U Give , and appearing briefly in TV series including Ozark . His success has been steady and incremental, and he wants to keep it that way. “You hear people saying ‘this is big, this is huge’, but I’m staying away from that noise as much as possible.”

It’s tougher to do at the moment. Starkey is at the centre of a press blitz and generally exhausted, reclining lazily in a hotel chair in loose, wide-leg trousers. He has a choppy haircut (gone is the curl that so besots Lee), and a silver hoop ring in his ear. He’s arrived in London straight from Los Angeles by way of New York, Toronto and Venice, having been promoting Queer and the new season of Outer Banks at the same time. And with Craig unavailable for Queer ’s London premiere, Starkey has to carry the bulk of the film’s UK press alone. “I need a vacation,” he laughs.

This is the life of the newly famous, though. Yes, Starkey had Outer Banks , but it debuted during the pandemic, meaning he experienced the first flushes of recognition while largely housebound. “I think it was a good thing,” he says now. “It happens a lot, especially with younger actors, where you get on a project and all of a sudden you’re thrown into the world. So weirdly Covid helped ease me into attention a lot softer than it could have been otherwise. We had this safety cushion.”

Watch Apple TV+ free for 7 day

New subscribers only. £8.99/mo. after free trial. Plan auto-renews until cancelled.

ADVERTISEMENT. If you sign up to this service we will earn commission. This revenue helps to fund journalism across The Independent.

Watch Apple TV+ free for 7 day

New subscribers only. £8.99/mo. after free trial. Plan auto-renews until cancelled.

ADVERTISEMENT. If you sign up to this service we will earn commission. This revenue helps to fund journalism across The Independent.

Queer , on the other hand, is an entirely different beast. It’s not just that it’s a Guadagnino movie – Starkey’s role requires him to take part in a number of surprisingly graphic sex scenes with the man many still see as 007. “I’m very happy with those scenes,” Starkey says, proudly. “Before we shot them, we talked about them a lot, and what we wanted to accomplish with them, and we were all so comfortable with them. Working with Daniel, too, was so easy. It wasn’t a big deal at all.”

Does he ever worry about where those scenes will end up, though? I mention that the actor Paul Mescal once recalled being accosted by a woman on a hen do who had pictures of his Normal People nude scenes on her phone. Starkey looks horrified. “I guess that’s what happens now,” he says. “We live in the age of the internet, and even scenes that aren’t sex scenes get taken out of context. The whole point of the love scenes in our movie is that it’s these two characters having this deep emotional connection and then having this enormous release. That’s what makes those scenes beautiful.”

He goes silent. “I mean, I’m not looking forward to people coming up to me in bars and showing me screenshots, that’s for sure. I hope that doesn’t happen. But I guess you do put yourself out there as an actor and people are going to receive your work in different ways. You just can’t think about it too much.”

There’s a lot Starkey is eager to avoid. “I’m trying to keep my professional expectations at a normal level,” he says. “Otherwise I think I’d go insane.” And that’s why a holiday is exactly what he needs right now. “After this, I’m gonna go home and take a week or two with my brother and just f*** off somewhere.”

He stifles a yawn, as if to hammer home the point.

“All of this is incredible, but I also want to be a human being for a second. I want to live my life a little bit.”

‘Queer’ is in cinemas from 13 December"
Nickel Boys’ Brandon Wilson: ‘There’s no logic to racial structures’,https://www.independent.co.uk/arts-entertainment/films/features/nickel-boys-brandon-wilson-ramell-ross-b2705698.html,,arts_culture_celebrities,independent,"H ow would you react if a film you starred in was unexpectedly nominated for Best Picture at the Oscars ? By popping a bottle of champagne, jumping up and down, or bragging on social media, maybe. But Brandon Wilson, who leads RaMell Ross’ adaptation of Colson Whitehead’s Pulitzer Prize -winning novel Nickel Boys alongside Ethan Herisse , did none of these things when the drama got the nod alongside titles including Anora , The Brutalist , Conclave , The Substance and Wicked last month. “I was excited,” the 31-year-old actor promises ahead of the awards show this Sunday. “[But] it’s funny. It’s like that expression: ‘Once you’ve seen how the sausage is made’. I don’t care about the sausage anymore.”

While awards may be frivolous, Nickel Boys is nevertheless remarkable. Wilson plays Turner, a teenager with an abundance of effortless charm despite living in the hellish reform school Nickel Academy. It’s here – where children are routinely beaten and abused – that he befriends his bookish classmate Elwood (Herisse) who’s unfairly incarcerated after unknowingly hitching a ride in a stolen Chevy convertible. Turner, a long-term resident, shows Elwood how to make their cruel reality marginally more bearable with afternoons spent listening to music or swimming in the pool at a local woman’s house where they’ve been sent to paint her porch. While Elwood quietly collects evidence against the racist institution to take the organisation down and set himself free, Turner is more resigned to his fate. “He works within his box,” Wilson says. “He believes in the reality of his cage. But he’s smart enough to furnish it to his likings.”

We chat over Zoom in late January while relentless wildfires continue to rip through Los Angeles, leaving the ruins of burned homes and palm trees in their wake. Wilson sits on the floor of his bedroom in nearby Burbank, 15 miles from the worst of the destruction. “The smoke was surrounding us but we were clear of the fire’s direct path,” he explains, sipping on tea, eyes still sleepy for the 9am call. Despite flames still burning across the county, the actor notes how alarmingly fast Hollywood normality has resumed. “Everything’s on fire and it’s these moments that reveal the fragility of [life],” he says. “And you’re like, ‘well, all right, I guess we’re just gonna keep going’… I don’t want to talk flippantly about it.”

Wilson was born in Atlanta, Georgia, moving to California with his mum and brother at the age of nine – after his father died. With showbiz ambition that Wilson admits is a mystery to him now, he told his mother he wanted to become an actor when he was just six years old. “It is young, and it’s strange,” he reflects. Still, his mum enrolled him in the John Robert Powers talent academy programme and Wilson quickly began to land small roles in low budget films. Notably, the western Set Apart alongside Richard Roundtree in 2009, the football biographical drama Pelé: Birth of a Legend in 2016 and sports drama The Way Back with Ben Affleck in 2020. “I was mostly just a basketball player in that one,” says Wilson, who concedes acting alongside the Argo star was “cool” but “he’s just a person”.

It’s when talking about the making of Nickel Boys that Wilson, softly spoken, unshakably relaxed, appears truly proud. Set in the 1960s South and based on the story of the now-closed Dozier School for Boys in Marianna, Florida, where dozens of unmarked graves were uncovered on the property in the last decade, the film serves as a legacy for those who lost their lives at the institution. “It makes you more connected to those people who could just remain stories or statistics,” Wilson says. “[Ross] wanted to show that everyone back then felt the same range of emotions we do today. To give them a full life.”

Shot over two and a half months in Louisiana, Nickel Boys is executed from the first person perspective; meaning every horrifying plot development is witnessed through Turner or Elwood’s eyes. Because we’re a country of David Mitchell and Robert Webb addicts, this technique has been often somewhat inappropriately likened to the much-loved Channel 4 POV comedy Peep Show . “I watched an episode!” says Wilson when I apologetically ask about the comparison. “My manager is from the UK and when he heard about Nickel Boys , he immediately said ‘It’s Peep Show ’. I do like that humour sometimes,” he admits. “I think Turner uses humour as a survival tactic.”

Like Mitchell and Webb, Wilson and Herisse were often acting straight into the camera, standing nearby the operator, or had equipment rigged up to their chest to create the perspective effect. “You don’t get to look into someone’s eyes,” Wilson reflects of the acting challenge. “But there’s still life in the camera lens. You can still feel the person’s presence…I knew it was gonna be beautiful.”

Nickel Boys looks gorgeous, yes, but the content is hard to stomach. Boys, who still delight in catching lizards, playing with army figures and eating ice cream, have been snatched from their families and are routinely beaten. The film’s whipping scenes are somehow all the more harrowing for happening off screen. We hear the violence in brutal detail and see the scars on the boys in the shower. “The third time I watched [the film] that part hit me harder,” Wilson says, apologising for the pun. “The reality of what some of those boys had gone through… I think the way that [violence] is shown is still so effective.”

When Elwood remarks on the horrors of Nickel Academy, Turner tells him that at least it’s more honest than the faux civility happening between white and black people in free society. “Out there, in here, it’s the same,” he says. “It’s just in here, nobody has to act fake anymore.” Wilson empathises with this perspective. “It’s even more ludicrous to be in a place like that and pretend that everything makes sense. Like there’s some sort of logic to these racial structures. To hide your emotions,” he says. “It takes so much energy to conceal the things you’re feeling on the inside… So, I definitely resonated with that.”

Watch Apple TV+ free for 7 day

New subscribers only. £8.99/mo. after free trial. Plan auto-renews until cancelled.

ADVERTISEMENT. If you sign up to this service we will earn commission. This revenue helps to fund journalism across The Independent.

Watch Apple TV+ free for 7 day

New subscribers only. £8.99/mo. after free trial. Plan auto-renews until cancelled.

ADVERTISEMENT. If you sign up to this service we will earn commission. This revenue helps to fund journalism across The Independent.

Wilson notes there was much-needed empathy on set when he and Herisse were winding down from filming the most harrowing scenes. “It was heavy,” he says, revealing he suffered migraines during the shoot. “But there was a lot of trust, a lot of emotional awareness on that set that didn’t feel common. People could see that I needed some space and it didn’t feel judgemental.”

Additionally, the star never felt uneasy around his fellow cast members, Hamish Linklater and Fred Hechinger, despite the fact they played a corrupt superintendent and school employee who oversee Nickel’s deplorable convict labour scheme. “They’re very powerful and moving actors,” says Wilson.” So, you definitely feel it [but] there’s still a part of my brain that knows we’re playing. It never became like, ‘that was too good, you’re probably really racist.’ There was no discomfort that lingered afterwards.”

In terms of what’s next, Wilson desperately wants to act again – in any capacity. “We’ve been doing press for Nickel Boys for the past four months,” he says. “Makes one feel insane. You’re speaking to people for four minutes, everyone’s asking the same questions, and you don’t get to have a conversation with a real person because you’re just selling the film,” he explains. “It feels crazy. I’ve never gotten delirious so fast. So, yeah, I want to go and play again. I like to write scripts… maybe go and direct if all the movements happen organically. Yeah, that seems OK,” Wilson adds, self-effacing to the last."
Jon Voight’s plan to fix Hollywood includes a ‘cultural test’,https://www.independent.co.uk/arts-entertainment/films/news/jon-voight-hollywood-plan-trump-b2746279.html,,arts_culture_celebrities,independent,"Further details have been published on Jon Voight ’s plan to “make Hollywood great again”, which is also expected to impact the television industry.

On Sunday (4 May), Donald Trump declared his desire to impose tariffs on foreign-made films, with the plan reportedly being spearheaded by Voight, the Oscar-winning actor who was named as one of the president’s “special ambassadors to fix Hollywood” earlier this year.

Details about the controversial plan have been scarce following Trump’s declaration, but Deadline r eported on Monday that a team comprised of Voight, 86, special adviser Steven Paul, and SP Media Group/Atlas Comics president Scott Karol has submitted a proposal to Trump at his Mar-A-Lago resort, detailing how film production in the US can be boosted.

A draft of the plan has now been published by Deadline, which includes details of a 10 per cent federal tax incentive for all film and television productions as well as demanding that productions meet a minimum threshold American “cultural test”.

A similar test is currently in place in the UK where a film must pass the UK Film Council's cultural test, based on requirements such as whether or not the story reflects British culture, or is part of an official co-production. As the US is the largest producer of entertainment and culture in the world, this has not previously been considered a problem for the country’s industry.

Another key detail in Voight’s plan is a 10 per cent federal tax credit that would be “stackable” on what states such as California, Georgia and New York already provide. A 20 per cent credit would be provided for states without a current incentive to make films or TV shows. Separate incentives would be offered for cinema owners, production facilities, visual effects, and AI teams.

In contrast, if a US-based production, such as Avengers: Doomsday , which is currently filming in the UK, “could have been produced in the US, but the producer elects to produce in a foreign country and receives a production tax incentive therefor, a tariff will be placed on that production equal to 120 per cent of the value of the foreign incentive received”, claims the draft.

Voight, who won an Oscar in 1979 for his role as paraplegic war veteran Luke Martin in the film Coming Home , is also targeting streamers and television companies as he wishes to restore the Financial Interest and Syndication Rule, otherwise known as fin-syn rules, which were abolished more than 30 years ago by the Federal Communications Commission.

These rules prevented the major networks from owning their prime-time programming. Voight wants to reimpose that restriction and apply it to streaming services, eradicating what he calls “draconian licensing terms”, which the likes of Netflix currently benefit from.

Watch Apple TV+ free for 7 day

New subscribers only. £8.99/mo. after free trial. Plan auto-renews until cancelled.

ADVERTISEMENT. If you sign up to this service we will earn commission. This revenue helps to fund journalism across The Independent.

Watch Apple TV+ free for 7 day

New subscribers only. £8.99/mo. after free trial. Plan auto-renews until cancelled.

ADVERTISEMENT. If you sign up to this service we will earn commission. This revenue helps to fund journalism across The Independent.

Deadline adds that the plan will not only affect major film and TV studios and streaming services but also cable television companies and digital platforms like YouTube.

On Sunday, the White House appeared to play down the severity of Trump’s tariffs, with spokesperson Kush Desai telling the Hollywood Reporter: “Although no final decisions on foreign film tariffs have been made, the administration is exploring all options to deliver on president Trump’s directive to safeguard our country’s national and economic security while Making Hollywood Great Again.”

Midnight Cowboy and Runaway Train actor Voight is the father of fellow Hollywood icon Angelina Jolie, who has distanced herself from Voight for most of her adult life. Up until her mother’s death from ovarian cancer in 2007, Jolie had been estranged from her father. They reconciled after her death, and in 2017, Jolie told The Hollywood Reporter that she and her father now have a good relationship, stating that they “have gotten to know each other – through grandchildren now”.

Their relationship appears to be strained again, after Voight slammed his daughter’s views on the Israel-Hamas war and accused her of spreading “lies” on social media.

The Girl, Interrupted actor, 49, formerly a special envoy of the UN High Commission for Refugees, shared a post where she accused Israel of “deliberately bombing children, women, families, deprived of food, medicine, and humanitarian aid” in violation of the international law.

In response, Voight said he was “disappointed that my daughter... has no understanding of God’s honour, God’s truth” in a fiery video statement shared on X/Twitter on 4 November 2023, before adding: “The Israeli army must protect thy soil.”"
"How to watch Conclave, streaming now about electing a new Pope",https://www.independent.co.uk/arts-entertainment/films/news/conclave-how-to-watch-streaming-b2746378.html,,arts_culture_celebrities,independent,"The process to elect a new pope was shrouded in secrecy until recently, when it was presented in the Oscar-winning film Conclave .

Across the globe, there is now speculation circulating about who will replace Pope Francis, who has died aged 88 .

The Vatican leader was known for his charm and progressive values , and interest in his replacement arrives at a sensitive time for the Church as geopolitical issues and the climate crisis are as prevalent as ever.

The events of Conclave , which stars Ralph Fiennes, is set to take place in real life , with a replacement usually selected about a fortnight after the Pope’s death.

Conclave follows the sequestering of cardinals, ministers and other religious figures at the Vatican as they elect their new leader after the death of a fictional pope.

The film unpacks the political machinations that occur behind the scenes as the religious leaders battle their faith, conscience, and their duty to the Church and the legacy of their most recent leader. It documents the process as the electors proceed to the Sistine Chapel for the official conclave and take an oath of absolute secrecy before sealing the doors.

Only those under the age of 80 are eligible to vote in the conclave. The number of cardinal electors – those who partake in the secret vote – is limited to 120.

Starring alongside Fiennes in the film are Stanley Tucci, John Lithgow and Isabella Rossellini. Based on the book by Robert Harris, the film gained acclaim and received eight Oscar nominations – and Peter Straughan won the trophy for Best Adapted Screenplay.

Conclave is now available to watch online on Amazon Prime Video free with subscription, Apple TV (£4.99 to rent, £9.99 to buy) and Sky Store (£4.99 to rent, £9.99 to buy)."
20 brilliant films that should have won the Oscar for Best Picture,https://www.independent.co.uk/arts-entertainment/films/news,,arts_culture_celebrities,independent,CONTENT_NOT_FOUND_CONTAINER_MISSING
20 brilliant films that should have won the Oscar for Best Picture,https://www.independent.co.uk/arts-entertainment/films/news/academy-awards-best-picture-oscar-winners-b2680739.html,,arts_culture_celebrities,independent,"It’s easy to get caught up in awards season excitement as the Oscars approach – the glitz and glamour of the red carpet generating global talking points , memes and pub chatter for weeks on end.

But when it’s really broken down, the Oscars are essentially just a microcosm of Hollywood. It’s a depressing fact that films directed by previous winners appear to have more chances of being nominated than those directed by newcomers.

Because of this, the best film in any given year almost never wins the evening’s most coveted prize – in fact, it’s sometimes not even nominated in the first place. Parasite’ s victory in 2022 was a recent rare exception .

Over the decades, there have been countless glaring omissions – films that were nominated but were beaten by far inferior films and classic films that failed to secure a single nomination.

As the 2024 Oscars approach, we’ve run through 21 brilliant films that you would have expected to have won Best Picture winner – but didn’t.

Citizen Kane (1941)

Long revered as one of the greatest films ever made, Orson Welles’ debut – a film following newspaper tycoon Charles Foster Kane – was just another nominee back in the day, losing out to the admittedly brilliant How Green Was My Valley .

The Searchers (1956)

The Searchers may be considered John Ford’s greatest film, but it was not treated as such back in the 1950s. In fact, the western starring John Wayne failed to earn a single nomination. Around the World in 80 Days turned out to be more the Academy’s cup of tea.

Vertigo (1958)

The fact that Alfred Hitchcock never won a Best Director Oscar, despite receiving five nominations, is criminal. But the fact that his classic Vertigo , which won Sight & Sound ’s once-a-decade greatest films of all time poll in 2012, never even got a Best Picture nomination is simply outrageous. Vincente Minnelli’s strangely throwaway musical Gigi took home that year’s trophy.

The Graduate (1967)

One of the films that kickstarted the New Hollywood Cinema era, The Graduate may have won director Mike Nichols an Oscar, but it ultimately lost out to Norman Jewison’s In the Heat of the Night .

Watch Apple TV+ free for 7 day

New subscribers only. £8.99/mo. after free trial. Plan auto-renews until cancelled.

ADVERTISEMENT. If you sign up to this service we will earn commission. This revenue helps to fund journalism across The Independent.

Watch Apple TV+ free for 7 day

New subscribers only. £8.99/mo. after free trial. Plan auto-renews until cancelled.

ADVERTISEMENT. If you sign up to this service we will earn commission. This revenue helps to fund journalism across The Independent.

2001: A Space Odyssey (1968)

Stanley Kubrick’s sci-fi classic remains one of the most influential pieces of cinema there is. The Academy didn’t agree. The Academy nominated Kubrick for Best Director and awarded the visual effects in favour of considering 2001 for Best Picture (it didn’t even get nominated). That year’s winner was Oliver! , the musical by Carol Reed.

Taxi Driver (1976)

Despite Taxi Driver ’s failure to win the main award, its nomination in four categories showed the Academy had good intentions. That All the President’s Men and Network also lost out to eventual winner Rocky shows that, ultimately, it never really stood a chance.

Apocalypse Now (1979)

Francis Ford Coppola’s ambitious Vietnam War epic Apocalypse Now received a grand total of eight nominations, but only went home with two prizes (for cinematography and sound) losing out to drama Kramer vs Kramer .

Raging Bull (1980)

Of all the Oscar blows dealt to Martin Scorsese over the decades, none landed harder than Raging Bull losing out to Robert Redford’s weepie Ordinary People , an oversight many consider one of the Academy’s most egregious.

Do the Right Thing (1989)

Spike Lee’s Do the Right Thing failing to win Best Picture at the 1990 Oscars is one thing – losing out to Driving Miss Daisy is another thing altogether.

Goodfellas (1990)

Having awarded both The Godfather and The Godfather Part II Best Picture in 1972 and 1974 respectively, the Academy seemed destined to appreciate Martin Scorsese’s Goodfellas . But no – Kevin Costner’s directorial debut Dances with Wolves was the most appealing choice for voters.

Pulp Fiction (1994)

New talent on the block Quentin Tarantino’s second feature Pulp Fiction won him the coveted Palme d’Or at Cannes in 1994 – a success he failed to match back on home turf. While he won an Original Screenplay Oscar, his film was beaten by Forrest Gump ...

The Shawshank Redemption (1994)

...and it wasn’t the only one. Frank Darabont’s adaptation of Stephen King’s prison-set novella The Shawshank Redemption also fell victim to Robert Zemeckis’ Oscar-friendly Forrest Gump . We don’t see that film sitting atop the IMDb top 250 though, do we?

Heat (1995)

If Heat was released today, there’s no way it wouldn’t be a Best Picture frontrunner. That it was completely ignored in favour of Braveheart is a huge travesty.

Fargo (1996)

You may think it was remiss of the Academy to shun Fargo , but it did come pretty close to winning, its chances bolstered somewhat by seven nominations and two wins (Actress for Frances McDormand and Original Screenplay for the Coen Brothers). It lost out to The English Patient.

Saving Private Ryan (1998)

Having won Best Director five years previous for Schindler’s List, Steven Spielberg was strongly expected to take home the top prizes for his Second World War epic. Cue Shakespeare In Love upsetting everybody.

We Need to Talk About Kevin (2011)

Lynne Ramsay has directed two films that would have been deserving of Best Picture: You Were Never Really Here and this, We Need to Talk About Kevin . It’s easy to see why Hollywood was temporarily more charmed by The Artist , but it’s clear which film will stand the test of time.

Inside Llewyn Davis (2013)

It’s almost unthinkable to recall that the Coen brothers’ Inside Llewyn Davis only scored two Oscar nominations in the cinematography and sound mixing categories, respectively. In the ensuing years, the film has been hailed as one of the greatest of the 2010s, meaning that its no-show at the Oscars will go down as one of the Academy’s biggest omissions. Still, it would have had a hard time winning over 12 Years a Slave .

Boyhood (2014)

For the 2015 Oscars race, you were either team Birdman or team Boyhood . Richard Linklater’s labour of love, shot intermittently over 12 years, ultimately failed to win.

American Honey (2016)

If there’s any justice, Andrea Arnold will one day become an Oscar winner, but in a perfect world, she would have already won for American Honey, a drama deserving of Best Picture if there ever was one.

Get Out (2017)

Horror rarely gets recognised at the Oscars, but Get Out is the closest the genre had come in years. Jordan Peele may have taken home the Best Original Screenplay award, but the stars aligned for Guillermo del Toro’s fantasy The Shape of Water instead.

Roma (2018)

Roma was strongly expected to become the first ever foreign language film to win Best Picture. It had everything going for it, including a standout festival run and universal acclaim. But then Green Book snatched its trophy away in a late stage awards season twist that still seems too ridiculous to be true."
Billy Idol: ‘I’m the sexy sexagenarian!’,https://www.independent.co.uk/arts-entertainment/music/features/billy-idol-interview-age-tour-addiction-b2734279.html,,arts_culture_celebrities,independent,"O n the big cream couch of The Drew Barrymore Show , the proprietor’s rescue mutt, Douglas, nuzzling between them, host and guest are reliving the bad old days. Or trying to.

On a screen above Drew Barrymore and Billy Idol is a photograph of the pair with their arms around each other at New York’s Limelight club in 1986. The actor turned TV chat show host has an angel’s halo fixed above her head, the punk rock veteran a smiley version of his trademark lip-curl-cum-sneer fixed on his face.

“That is where I see us when I think of you in my mind,” says Barrymore to Idol, as the pair crane their necks at the flashback snap and the studio audience whoops. “Back in the old club days. What the hell do you remember from those days?”

“Not very much!” replies Idol in a gravelly, remarkably well-spoken chuckle that recalls a retired squire from the shires. Albeit one with the same hair and wearing much the same clobber as in that four-decade-old pic: spiky bleach-blond thatch, leather jacket, chunky silver necklaces and a shirt open below the nipples, the better to showboat a chest that’s as smooth, hairless and caramel-coloured as the English punk-rocker’s now 69-year-old face.

To be fair, the old pals’ spotty memories are understandable. Barrymore was only 11 at the time of the pic – and, as she later revealed, already had a drink problem, with drug addiction looming fast on the horizon before she was even a teen. Idol, not unfeasibly, was in his own altered state.

“Drew’s mother used to bring her there when she was eight or something,” Idol tells me from his green room in Manhattan’s CBS Broadcast Center immediately following the chat show’s taping. “So we used to hang out there. I responded to her on an equal level,” he adds of his adolescent friend (Idol was 30). “I didn’t play down or speak down to her. I think she liked that.”

Who was the bad influence on who?

“I think we were a good influence on each other,” he demurs of an actor with whom he would later share screen time, playing himself in 1998’s Eighties-set romcom The Wedding Singer (“I played a rock’n’roll cupid”). “Because I treated her as an equal.” Likely, too, as someone who could relate – kind of – to what he was experiencing.

Barrymore was a child star from the age of seven, courtesy of her generationally defining role in Steven Spielberg’s ET , released four years earlier. By 1986, Idol, too, was a bona fide Stateside phenom, albeit of a very different stripe. He had upped sticks to the US in March 1981 after the collapse of his punk combo Generation X, B-list peers of the Sex Pistols and The Clash. Within a couple of years, the London scene’s prettiest punk was a megastar in America.

That was thanks to the chart success of “White Wedding”, “Dancing with Myself” and “Rebel Yell”, FM radio anthems made with Idol’s regular producer partner and fellow Londoner Keith Forsey. And thanks to a sexy, cartoonishly bad-boy roguishness that made this outrider of the Eighties British Invasion catnip for the recently launched MTV.

Enjoy unlimited access to 100 million ad-free songs and podcasts with Amazon Music

Sign up now for a 30-day free trial. Terms apply.

ADVERTISEMENT. If you sign up to this service we will earn commission. This revenue helps to fund journalism across The Independent.

Enjoy unlimited access to 100 million ad-free songs and podcasts with Amazon Music

Sign up now for a 30-day free trial. Terms apply.

ADVERTISEMENT. If you sign up to this service we will earn commission. This revenue helps to fund journalism across The Independent.

Forty-odd years later, both elements – the fist-punching tunes and the nipple-flashing swagger – are impressively present and correct on this grandfather of four’s new album. The nostalgic but defiantly two-fingered Dream Into It is a rollicking nine-song set that features throatily tonsil-to-tonsil collaborations with Joan Jett, Avril Lavigne and Alison Mosshart of The Kills.

Idol’s first album in 11 years is a record that celebrates his Seventies and Eighties excesses – the highs, the lows, the near-fatal motorbike crash (seven operations and a steel rod to repair his shattered right leg) and that time he legged it from rehab for crack cocaine addiction before Forsey could get him out the door. “I said, ‘Let’s just do a hit first.’ And while Keith went off to get someone, I ran away, heh heh!” In the pop-punk ramalam “77”, he enlists sk8r girl Lavigne, born in Canada in 1984, to hymn the thrills of battling skinheads on Chelsea’s King’s Road in the heady summer of 1977: “ You gotta swing first and you better not miss! They show their teeth, we kick them in!”

As may already be apparent, Idol enjoyed the fruits of his embrace by mainstream America. When Barrymore asked whether, back then, he ever stopped being “Billy Idol”, he replied in the negative: “I was 24/7 like this.” Or, as he says to me now, his conversational pace slowly revving up after the TV interview: “Well, yeah, the Eighties was really a seminal period.”

That’s putting it decorously. In summer 1984, Neil Tennant interviewed the leather-clad rock’n’roller, whom Smash Hits lovingly lampooned as Sir Billiam of Idol. The Pet Shop Boy wrote of a character whose “behaviour can be unpredictable, to say the least. After a recent concert in Canada, he serenaded a crowd of fans with an impromptu version of ‘Rebel Yell’, standing naked on his hotel room window ledge… Asked live on Countdown , the Australian equivalent of Top of the Pops , what he’d been doing since his arrival in Australia, he replied: ‘Having sex.’”

Then, a sweary, “threatening” appearance on Radio 1’s singles review show Round Table led to Idol’s expulsion from the studio mid-broadcast. “But the BBC still invited him to wander on to Top of the Pops the next week,” reported Tennant. “‘Billy Idol — what are you doing here?’ asked [DJ and presenter] Steve Wright. And Billy paused for a second, as though he’d been wondering much the same himself. Then he remembered. ‘I’ve come here,’ he declared, clenching his fist, ‘to ROCK AND ROLL!’”

“Heh heh heh!” Idol replies, laughing like Dick Dastardly’s Muttley, when I read that to him. Does that article feel like a fair portrait of the artist in the summer of 1984?

“Well, we were super-living it, really,” is his PR-friendly reply. Then he mentions “Still Dancing”, the album’s autobiographical closer. It’s a picaresque that takes in the man born William Broad’s mid-Seventies homeless squat days, near-weekly fights with teddy boys in Brixton, a penchant for smashing up hotel rooms and, in sum, all-round, what-you-got punk defiance. “I was really committed to what I was doing. You had to fight for your right to be there.” The d***-waving and on-air argy-bargy that Tennant reported, then, were simply a demonstration “of how much I, ah, cared about what I was doing”.

He recalls that period with slightly more punch in “Too Much Fun”. It’s a Killers-esque mea culpa of sex, drugs and rock’n’roll: “I kissed a girl and smoked some H… Half a line turned into five… Fell off stage but didn’t die…” he sings. In raunchy trip-down-mammary-lane “Gimme the Weight”, he rues the days when he “ loved a thousand girls, it only made things worse”.

Writing those songs was a useful way of processing the ups and downs: his “fatal charm”, the relationships and addictions, “the crazy, different events… But it was quite a different time, the Eighties,” Idol continues, warming up. “Even though Aids was on the horizon, it hadn’t affected the heterosexual people yet. It was still the free love, free sex world. A lot of modern fears hadn’t happened yet. So it was quite an unhinged time.”

“By ’92 it all closed down once Magic Johnson got Aids,” he says of the American basketballer’s November 1991 announcement that he had tested positive for HIV. “People realised how serious it was. Everything changed overnight, almost. So we were living those last days of this liberating time, where people felt that they could have sex at the drop of a hat.”

Idol doesn’t think that means musicians now are, necessarily, boring compared to him and his high-on-life Eighties peers. “It’s just that it’s a different world. People have to think about the diseases and the STDs. We thought that they got rid of [all that]. In the Fifties, they cured syphilis, they cured gonorrhoea. But herpes was happening in the Seventies – I caught herpes. I went to some clinic and they gave me some pills, but they didn’t actually tell me what it was.”

The singer is also, perhaps surprisingly, sympathetic to the pressures facing a younger generation of artists who don’t hesitate to cancel tours to protect their mental health. For the man who, between 1984 and 1985, performed some 130 American gigs in 10 months as his career took off, that wasn’t an option. But, he says with a shrug , “it didn’t hurt us”. Nonetheless, “I can see with social media, this landscape has completely changed in lots of ways. There were only a few [media] outlets in the Eighties – compared to today, [that’s] minuscule. [Now] there’s a million because of the internet. He thinks that inevitably puts pressure onto millennials and Gen Z. “For us, it was just a lot of shows. The modern people, it’s a lot of social media. It’s quite different. And that can affect mental health.”

Accordingly, this is one Baby Boomer – a tribal follower who readily fought with rival youth cults just for the right to wear what he liked – who won’t be heard complaining that millennials are snowflakes.

“Not really. My children are millennials, and they’re having babies – they’ve given me my grandchildren. They seem hardworking, and they care about what they do. I don’t see that at all.” Here, certainly, Billy Idol isn’t “living 24/7” the performative “Billy Idol” that young Drew Barrymore knew and loved.

Still, once a punk, always a punk. This year, Idol is up for induction into the Rock & Roll Hall of Fame. He’s one of 14 candidates, half of whom will make it through after public voting ends later this month. I ask for his pitch to undecided voters – why should he be inducted?

“Because I’m just f***ing incredible!” he shouts, before going on to clarify. ‘It’s pretty amazing that I went from something like punk rock in England to mainstream success in the States. I was not only involved in punk, I became a big part of the ’80s New Wave. And then I carried on making the music, living the rock’n’roll life. I’ve also gone beyond what people expect, with things like cyberpunk,” he says of his 1993 album of that name. “I didn’t stay in my lane. I took chances. Even coming to America, I had no idea I was going to do really well. And the risks I took worked. All of that shows an enterprising spirit – a spirit of rock’n’roll.”

Vote Idol! But what of the other class of 2025 nominees – does he think Oasis deserve to be in there?

“Of course. I’m a Liam and Noel fan. I played before Oasis in Italy a few years ago. I’m excited for their comeback. I’m looking forward to seeing them.”

Joy Division and New Order? “Definitely deserve to be in it.”

Cyndi Lauper ? “She’s a great singer, and she’s written some great songs. So she deserves to be in.”

Mariah Carey ? Idol pauses and smiles. “I don’t quite get [this].” But he mentions last month’s iHeartRadio Music Awards in Los Angeles, at which he and Carey both appeared. “They were all bowing down to her as the queen. So maybe there’s an aspect of that. I know sometimes they’re just trying to draw people to the [Hall of Fame] TV show. But she obviously had millions and millions of hits. And she went through a lot with Tommy Mottola, I would have thought,” he says of Carey’s tempestuous marriage to the music industry executive (Mottola wrote in his own memoir that it was “absolutely wrong and inappropriate” for him to become involved with a 19-year-old Carey). “She might have had a bit of a rock’n’roll experience there.”

At the time of our interview, Idol is four weeks out from the start of an arena-scale tour that includes a stop at Wembley in June and stretches towards the end of the year. He admits his midriff is “a little sludgier, but it’s not too bad for my age”. A long-time proponent of a meat-free diet, he’s getting extra gig-fit through exercise and temperance, the former becoming a habit when he moved to LA in 1987. “Working out became a big part of my life. And it helped me get over drug addiction. Caring about your body, eventually that took precedence over the drug addiction. It helped me develop a sense of discipline so I could put the drugs in the rearview mirror.”

Does he allow himself a little drink now and then?

“I’ve actually just stopped drinking. I used to have a glass of wine at a restaurant. I’m just watching out for my liver these days – unfortunately! I’d love to be piling them back! Then again, you put on weight, that’s all that happens with alcohol these days. You just get puffy.” Plus, the hangovers are a killer. “I started getting a really bad headache if I have more than two glasses of wine.” Still, old habits die hard for Mr Too Much Fun. “I still take marijuana and stuff like that, so I’m not completely sober.”

Also in need of some tactical nipping and tucking is that iconic barnet. Again, Idol counts himself pretty lucky. “It’s just about holding on! I just hope I can make it to the finish line. They can make the little bit of hair I’ve got look like a lot! As my hairdresser said: ‘As long as you’ve a little bit of hair, I can work with it.’ With a lot of pomade and dry shampoo, they can do miracles.”

Sir Billiam of Idol will be hoping his signature ’do hangs on until at least 30 November, when he turns 70. There are no big birthday plans currently as he’ll still be on tour, somewhere in the southern hemisphere. But nor will he be going quietly into that good night. “We’ll probably have some wingding South American party.”

Is he looking forward to being 70?

“Errrr… I dunno!” says Idol. “You don’t see yourself ageing. But this one, I might have to celebrate. I’ll be on the road with a load of people I’m enjoying playing with. So we’ll make it fun. It’ll be killer. SEVENTY HERE WE COME!” he shouts, loud enough to frighten Douglas the pooch back on Barrymore’s sofa. Anything else to declare?

“I tell you what: at the moment, I’m the sexy sexagenarian. Then I’m gonna be the sexy septuagenarian, ha ha!”

‘Dream Into It’ (Dark Horse Records) is released on 25 April. Tour tickets available here"
"Daisy Ridley: ‘The fact is, all actors are mainly known for one thing’",https://www.independent.co.uk/arts-entertainment/films/features/daisy-ridley-cleaner-star-wars-interview-b2738723.html,,arts_culture_celebrities,independent,"W hat sort of actor is Daisy Ridley ? Four words might cover it. “I’m not an arsehole!” says the 33-year-old Star Wars alum, in that buoyant, unassuming voice that makes you instantly believe her. “That seems like a funny thing to say, but over time, you realise people [in show business] behave really badly. I’m hardworking; I turn up on time; I know my lines; I know where I need to be.” She pauses. “But in a sort of metaphysical way? I don’t know…”

It’s been over a decade now since Ridley was cast as the lead in 2015’s Star Wars: Episode VII – The Force Awakens , once the third-biggest film of all time. Flanked by John Boyega, Oscar Isaac and Adam Driver, Ridley was the face of Disney’s sequel trilogy , playing the Luke Skywalker-esque Jedi prodigy plucked from sandy anonymity to save the galaxy. From this success came other blockbusters – the Agatha Christie adaptation Murder on the Orient Express (2017), the YA sci-fi Chaos Walking (2021), opposite Tom Holland – as well as more cerebral indie fare.

It’s easy to forget – in the woozy afterglow of two polarising Star Wars sequels, and the wildly inconsistent franchise sprawl that followed for the series – just how much Ridley popped when she made her big-screen debut. Then a near-total unknown in her early twenties, Ridley held her own alongside established stars such as Driver and Isaac; critics and dyed-in-the-wool Star Wars fanatics poured praise on the film, but particularly its young star. Rarely does a new actor engender such immediate enthusiasm – I suppose you would call it charm. I’m reminded of this feeling as Ridley barrels into our video call today, her Zoom account bearing the name Tom Bateman (a British actor, and Ridley’s husband). “I’m so sorry, I cannot change my bloody name on this!” she says, with a sort of sunny bluster. “How incredibly unprofessional. I’m me , for God’s sake.”

Dressed casually and eating determinedly from a bowl of rice, Ridley sits beneath a large image of her own face. It’s the poster for 2024’s Magpie – written by Bateman – in which Ridley plays the mother of a child actor who starts to suspect her husband is having a fling with one of the kid’s co-stars. “That relationship in Magpie literally couldn’t be further from where me and Tom are,” she laughs. “But it’s interesting, we both know people involved in a situation like this, people who have been very hurt by infidelity, who have fabricated things to try and investigate what’s going on.” I tell her how much I liked the film. “Thank you,” she says. “You sound so surprised!”

It’s to Ridley’s great credit that she still has the element of surprise on her side. It was maybe her great asset with Star Wars, of course. But the brilliant Sometimes I Think About Dying (2023) – in which Ridley portrayed an insular (and probably neurodivergent) loner in small-town America – was another delightful revelation, with Ridley showcasing her aptitude for versatile character work. What next? Another hard pivot to the world of gritty, Jason Statham-style thrillers? Well… yes.

In Cleaner , out next week, Ridley is a woman in the wrong place at the wrong time, and the only recourse is violence. Set almost entirely within a London skyscraper – or dangling around the outside of it – the up-tempo thriller sees Ridley play an army-trained window cleaner who has to save her autistic brother from a group of eco-terrorists who’ve taken control of the building.

If the name “John McClane” is ringing in your ears, you’re not the only one. Ridley has taken to referring to the film as “Dry Shard”, an allusion to the London skyscraper that was its originally intended setting. (I’m not certain what the “dry” part alludes to.) “Of course I felt the Die Hard comparisons,” Ridley says, “but ultimately it’s a different story. For one thing, this is a person trying to fight their way in .” The character of her brother also adds another dimension, she adds. “It’s a kind of specific relationship in a way that you sometimes don’t get in films like that. “I really wanted to honour all of the nuances.”

To prepare, Ridley binged all the recent women-led action movies she could get her hands on: Atomic Blonde , Hanna , the Korean action flick Ballerina among them. “Of course, there’s not as much of it,” Ridley says. “It’s like 5 per cent of the male action out there.” The fighting, particularly towards the end of Cleaner , is crunchy and frenetic; the high point of the film is an indelibly tactile scrap between Ridley’s character and an enemy goon – “full aggression, no holds barred”, she says. “It’s funny: I’ve done a lot of action movies, but this felt like the first action movie I’ve done.”

At a glance, Ridley doesn’t really seem like the obvious choice to head up material like Cleaner – though really, a spry woman in her early thirties ought to be an infinitely more credible foe for terrorists than, say, a seventysomething Liam Neeson. In classic stunt-movie style – Ridley at one point mentions Michelle Yeoh’s famous story of death-defying injury on the set of Supercop – Cleaner didn’t skimp on the physical demands. “Good God, my body,” she exclaims. “I was battered and bruised: I still have a scar on my arm; I wrenched my shoulder; I bruised my bone so badly I thought I broke it.”

Watch Apple TV+ free for 7 day

New subscribers only. £8.99/mo. after free trial. Plan auto-renews until cancelled.

ADVERTISEMENT. If you sign up to this service we will earn commission. This revenue helps to fund journalism across The Independent.

Watch Apple TV+ free for 7 day

New subscribers only. £8.99/mo. after free trial. Plan auto-renews until cancelled.

ADVERTISEMENT. If you sign up to this service we will earn commission. This revenue helps to fund journalism across The Independent.

You might assume that a smorgasbord of aches and pains isn’t exactly what Ridley had in mind during her teenage years. The daughter of a photographer and a communications professional, Ridley entered a school for the performing arts at the age of nine, having gained entry on a scholarship. (Go a little further up Ridley’s family tree and you’ll find Dad’s Army star and playwright Arnold Ridley and John Harry Dunn Ridley OBE, erstwhile head of engineering at the BBC.) She attended Birkbeck, University of London, but dropped out partway through to pursue an acting career in earnest.

Early roles were scattershot while she worked in bars to get by: fans of Matt Berry’s surreal cult comedy Toast of London may have spotted the future Jedi in a blink-and-you’ll-miss-her cameo, playing a stagehand. “I hold a trident,” she grins. “I was so thrilled – I love that show so much.” Oftentimes, today and in general, Ridley can come across as sweetly earnest; it seems almost strange to picture her watching something as eccentric and mocking as Toast . Perhaps this attests to a side of herself she likes to keep more private.

When the first auditions for The Force Awakens were held, in November 2013, it seemed like every young female actor under the sun threw their hat in the ring for Rey (given, at that stage, the rather more prosaic name “Rachel”). Actors such as Elizabeth Olsen, Lupita Nyong’o, and Saoirse Ronan were reportedly among the thousands in contention; some, such as Glass Onion ’s Jessica Henwick, made it through six months of auditions before losing out to Ridley at the final hurdle. Ultimately, though, it’s hard to imagine anyone else doing quite the same job.

Rey, for her part, is a deceptively tricky role to pull off: part ingenue, part gladiator, with just a hint of feralness, as if raised by a pack of wolves with a particularly sophisticated moral code. “ Force Awakens was such a physical thing to have to prepare for, and I mean, going on to a film for the first time anyway, I didn’t have any idea what that would look like,” Ridley says. She has spoken in recent years of the toll that Star Wars took on her health, including stomach ulcers induced by stress. “I don’t think it was Star Wars itself that caused stress,” she clarifies. “It was being a 20-year-old who was cast in something that a lot of people watch – suddenly standing in a spotlight.”

That spotlight’s wattage would only increase as the franchise moved on to its second entry: 2017’s Episode VIII – The Last Jedi , an outstanding and consummately made sci-fi blockbuster that split the Star Wars fanbase down the middle, and became ground zero for a never-ending wave of infernal pop culture discourse. Rian Johnson, the film’s director, was vilified by sections of the fanbase; a trilogy of further Star Wars films he had signed on to direct has quietly de-materialised.

On the furore, Ridley is diplomatic. “Being an actor, you are at the behest of the person telling the story,” she says. “It’s their version of the story. Of course you want everyone to be happy, and to feel like their feelings have been taken into account. But also, when the people who are making the film love the film so much, it’s only coming from a good place.

“There is room for a lot of opinions – and that’s not a bad thing,” she adds, carefully. “It’s weird, because people talk so much about this ‘discourse’. However, being in a convention centre with real Star Wars fans, you’ve never felt people who were more together with their love for this world.”

A little inevitably, the next few years involved some professional feet-finding for Ridley, particularly when The Rise of Skywalker (2019) was met with muted disappointment. For a moment, it seemed as if Chaos Walking could be the start of something promising: an adaptation of a bestselling teen sci-fi novel, which paired Ridley with one of Hollywood’s most popular young male leads in Tom Holland. They were cast in mid-2016; a full five years (and substantial reshoots) would pass before the film saw the light of day.

When Chaos Walking did arrive, it was in the thick of the pandemic. “The world was in the most intensely awful place at that time,” she recalls. “I don’t really think of it in a negative way, I suppose, because real life was much more important for us. People were literally fighting for their lives.”

And besides, she adds, it’s not as if there’s too much long-term strategising when it comes to her career. “I’ve always felt very OK with my yeses and my nos,” she says. “There were a couple of things that I wasn’t able to do, and they turned out to be massively successful, and I thought, ‘Oh my God.’ But what are you going to do? The minute someone takes on a role, that’s their experience.”

We know of at least one big recent yes, a project floating over Ridley’s horizon like one of Tatooine’s twin suns: in 2023, it was announced that she will return as Rey in a new Star Wars sequel. (That film, like most of the franchise’s in-development projects, remains in ironclad secrecy.) “Time has not changed how I feel [about Star Wars],” she says. “If I didn’t feel excited by the story, I wouldn’t be doing it.”

But what about that famous curse, I ask? Star Wars has become known for derailing as many careers as it’s fostered: from Mark Hamill and Carrie Fisher to prequel stars Hayden Christensen and Ahmed Best, actors have often struggled to escape from the all-consuming association with George Lucas’s sci-fi phenomenon. “I don’t think I’ve been pigeonholed,” Ridley says, swallowing the last few forkfuls of lunch. “Honestly, I think Star Wars has given me choices. It’s why I have the career I have.

“The fact is, all actors are mainly known for one thing – even if you’ve done 100 others. I was listening to a podcast with Robert De Niro, and it’s always gonna be the Scorsese films he’s remembered for. And he’s done 300-odd things!” No matter how many more projects like Cleaner emerge, for Ridley, that “one thing” is, was, and probably always shall be Star Wars. And she’s got absolutely no problem with it.

‘Cleaner’ is on Sky Cinema from 2 May"
London exhibition of Bob Dylan’s paintings allows a peek into his soul,https://www.independent.co.uk/arts-entertainment/art/reviews/bob-dylan-point-blank-halcyon-paintings-review-b2743846.html,,arts_culture_celebrities,independent,"The one Bob Dylan show for which you will not need to queue for tickets is an extraordinary display of 97 new paintings opening next weekend in London – as intimate, resonant and reflective as anything the Nobel Prize-winning music star has created.

Almost everything Bob Dylan sings enraptures, and has done for almost seven decades, but what he paints is a revelatory turn of the key into his soul. He has always drawn, even during his childhood in Duluth, Minnesota, where the clank and clang of cargo ships being welded and hammered in the Midwest led to his obsession with iron and steel structures and the romance and nostalgia for an America viewed through that railroad filter.

His new paintings – shown in Bob Dylan: Point Blank at the Halcyon Gallery – share a Kerouac echo of being on the road: exploring, sensing and interpreting a vision of America. We are shown glimpses, triggered memories and vistas.

We see a cowboy with a pistol hanging from his belt; a saxophonist moodily playing; cityscapes, hard and epic and echt-America; even a painting called “Stairway to Heaven” in the form of sweeping wooden steps. He is what Baudelaire saw as the purpose of an artist: to be a flaneur, a walker and a watcher.

“My dreams are made of iron and steel, with a big bouquet of roses hanging down from the heavens to the ground” are lyrics from his 1974 song “Never Say Goodbye”. And his pictures about to be shown unfold an intimate vision of who and what he sees and imagines while on the road between Europe and the Americas. There are also revelatory words on his interpretation of the role and purpose of the artist.

He reflects that the process of drawing allows him moments when he can “reload and refocus a restless mind”. Some of these paintings take as their base past drawings, to which he has added a layer of vibrant colour. Hints and insights into his inner and outer life are shared through the ordinary, from a set of saucepans to even a Sellotape holder. Dylan elevates these objects through his interpretive forms and colours as he seeks to give them a significance and life of their own.

So what is his art like? There are elements of Edward Hopper and Hockney, with a dash of William Blake’s spirituality and a tip of the hat to Van Gogh. All his art is triggered by a passion to make the everyday remarkable and extraordinary.

Dylan’s artworks are testimony to his poetic vision, channelled and chiselled. Monochrome in his new show has been turned into colour. Railways and roads, faces and folk make up Dylan’s personal odyssey through Americana. It is restless and ruminating and romantic, but always iron-hard in focus and form. The titles of the pictures are like song titles, from “Mr Soup Can” to “Railroad Excavator”. To quote the man himself: “The idea was not only to observe the human condition, but to throw myself into it with great urgency.”

There are other intense quotes projected onto the wall, almost like a private art tutorial from inside the studio of Dylan: “Take one colour and emphasise the structure, truth and deception of it, whatever it might be. Blazing reds, blues as in the echo of a dream. Muted browns, neon pink, funeral black, green as in love letters, where one colour would emphasise melancholy, loneliness, tenderness, nostalgia etc.”

This is Dylan opening up, the enigmatic poet who seldom explains, as the veil is lifted a little more. We are allowed into his world. The everyday and the personal, with titles as varied as “Nightfall”, “Shake Dancer”, even “Peruvian Potatoes”. He is the poet and painter making all he sees vivid, making it radiate a significance for having been in his life. These images are warm and accessible, but conjured from an obsessive ability to look and decipher.

Just over 20 years ago, Dylan said: “What would I draw? Well, I guess I would start with the typewriter, a crucifix, a rose, pencils and knives and pins, empty cigarette boxes. I’d lose track of time completely.” His gift of time, our gain of timelessness.

‘Bob Dylan: Point Blank’ will open at 148 New Bond Street on 9 May. The exhibition is open daily and is free to enter"
"The 14 best UK music festivals, from Glastonbury to Mighty Hoopla",https://www.independent.co.uk/arts-entertainment/music/features/music-festivals-2025-glastonbury-mighty-hoopla-tickets-b2742469.html,,arts_culture_celebrities,independent,"I t’s time to dust off your summer wardrobe and stock up on sun cream: summer festival season is almost upon us.

As with every year, the sheer amount of choice can feel overwhelming. That’s why The Independent’s culture team has rounded up some of the best UK music festivals for 2025, assessing both the lineup and what else is on offer at each of our picks.

This year, that means an eclectic and joyous celebration of some truly prodigious talent at Meltdown Festival , which this year has been carefully curated by Mercury Prize-winning rapper Little Simz, and the fabulously first-class experience of music, gourmet food and spa experiences at Wilderness .

For something a bit more down-to-earth, you could try the splendour of the Brecon Beacons, which serves as the location for Green Man Festival , or the beautiful woodlands of Larmer Tree Gardens, where End of the Road takes place.

Seeking sun and fun? The Great Escape festival is a mecca for anyone who loves to be “first” when it comes to the hottest new bands, rappers or singer-songwriters and happens to take place on the bustling Brighton seaside. If it’s bigger names you’re after, Victorious is hosting some major rock bands right next door to a pier and funfair in Portsmouth.

Whichever one (or more) you choose, you’re destined for a rollicking good time.

When: 14-17 May

Where: Brighton

The UK’s biggest new music festival returns to the (hopefully) sunny seaside in Brighton, where fans can spend their time ducking in and out of venues exploring the freshest sounds in rock, pop, hip-hop, folk and even country. The Independent is once again partnering with The Great Escape and will host its usual stage at the Old Market, which this year will be headlined by radical rock pioneers Skunk Anansie, supported by the brilliant duo SpaceAcre . You can also catch singer Skin in a keynote conversation about her astonishing career with yours truly on the Friday morning. See you there! Roisin O’Connor

When: 31 May - 1 June

Where: London

London’s joyful celebration of all things pop has, this year, pulled off perhaps the UK’s first ever all-female lineup of headliners. Whether you’re charmed by the adventurous stylings of former Little Mix star turned solo artist JADE, or the vocal powerhouse that is Eurovision champion Loreen, there’s plenty to keep you dancing through the weekend.

Further fun arrives in the shape of Queertopia, a specially crafted stage that will host up and comers within the queer space, from Turkish artist INJI to electronic artist Hannah Diamond. ROC

When: 12-22 June

Where: London

Londoners, rejoice. The Mercury Prize-winning artist Little Simz has selected a swelteringly good lineup for Meltdown, her 11-day festival at the Southbank Centre this summer. The programme is a refreshing and carefully curated collection of some of the best British and international talent, including grime legend Ghetts, American musician Jon Batiste, The Streets and “Messy” star Lola Young .

Enjoy unlimited access to 100 million ad-free songs and podcasts with Amazon Music

Sign up now for a 30-day free trial. Terms apply.

ADVERTISEMENT. If you sign up to this service we will earn commission. This revenue helps to fund journalism across The Independent.

Enjoy unlimited access to 100 million ad-free songs and podcasts with Amazon Music

Sign up now for a 30-day free trial. Terms apply.

ADVERTISEMENT. If you sign up to this service we will earn commission. This revenue helps to fund journalism across The Independent.

They’ll be joined by British R&B star Mahalia, Nigerian singer Tiwa Savage, Canadian jazz/hip-hop collective BADBADNOTGOOD, Mercury Prize-winning musician James Blake and British-Colombian singer-songwriter Sasha Keable. And fear not: Simz herself will be performing with the Chineke! Orchestra for an unmissable concert on the festival’s closing night. You just have to be there. Ellie Muir

When: 14-15 June

Where: Manchester

Manchester’s biggest music event has thrown together a typically eclectic lineup that merges some of the biggest names in rap and R&B with alt-pop and electronic heavyweights. It also tends to go against the grain when it comes to its headliners. So yes, the inescapable Charli XCX is topping the bill, but she’s being joined by veteran US hip-hop star 50 Cent in a rare UK performance. Elsewhere, you’ll find bratty Gen-Z pop from Lola Young and pop-poetry from Manchester’s own Antony Szmierek. ROC

When: 25-29 June

Where: Somerset

Britain’s premier music festival remains in a league of its own, still resembling a tiny galaxy of grass, lights and hippie mess, taking place across 1,200 massive acres of lush field. This year’s headliners (The 1975, Neil Young and Olivia Rodrigo ) would have killed in 2021 and each feels a tad underwhelming in 2025, something not helped by the absence of Chappell Roan or a genuine pop behemoth (Rihanna, Beyoncé or Gaga, where are you?) – but real heads know that to judge Glastonbury solely by its headliners is a fool’s errand.

The rest of the bill is characteristically stacked: Charli XCX , Rod Stewart, Loyle Carner, Kneecap, Doechii, Gracie Abrams, Wet Leg, Busta Rhymes and Alanis Morissette are just a minor handful of the names here; acts for all ages, all tastes, and all festival mindsets. It’s one of the great pleasures of Glastonbury as a whole. Whether you wish to go hard or dawdle about in the sun, the sheer scale of the thing means that you can happily take it all at your own speed. And enjoy Glasto while it lasts – the festival is taking 2026 off for one of its fallow years. Adam White

When: June - July

Where: London

If you’re not a happy camper, British Summer Time at Hyde Park has all the headline acts you could want, conveniently located smack bang in the middle of London. If you missed out on tickets to Glastonbury, you’ll be able to catch Neil Young and the Chrome Hearts on 11 July, while fellow Pyramid Stage headliner Olivia Rodrigo is topping the BST bill on 27 June. Proof that the country music obsession has well and truly landed in the UK, Oklahoma-born star Zach Bryan is headlining not one but two nights, along with pop sensation Sabrina Carpenter who’s set to dazzle audiences with glitter-encrusted bodysuits and a treasure trove of bops, including “Espresso” and “Bed Chem” from her Grammy-winning sixth album, Short n’ Sweet. ROC

When: 24-27 July

Where: Suffolk

One of the UK’s most family-friendly festivals is offering a nostalgia trip for the Eighties and Nineties crowd, with headliners including Sting, Fatboy Slim, Kaiser Chiefs and Snow Patrol, plus special guests Basement Jazz and Elbow. Set in the picturesque grounds of Henham Park, guests are encouraged to explore Latitude’s treasure trove of music, dance, comedy, poetry and family activities. For the wide-eyed toddlers or curious teens in your family, there’s plenty to entertain – from the Enchanted Garden to the dedicated Kids Area, where young music fans can get stuck into workshops, outdoor adventures and creative sessions. ROC

When: 31 July - 3 August

Where: Dorset

The brainchild of music specialist Rob da Bank and creative director Josie da Bank, Camp Bestival includes performances by an eclectic lineup of musicians and dancers as well as plenty of fun for the family, from circus skills to science explorations, family raves, comedy, evening cabaret and immersive theatre. This year’s event is being headlined by Basement Jaxx , who will bring their full live show to guests for the first time in a decade. They’ll be joined by legendary Welsh crooner Tom Jones and pop trio Sugababes, along with rock band The Lightning Seeds and Noughties sensations The Zutons. ROC

When: 14-17 August

Where: Brecon Beacons

Green Man’s reliably eclectic but carefully curated lineup tends to attract both discerning music fans and families looking for some fresh air and spectacular views of the Welsh mountains. The “everyone is welcome” ethos means you’ll be able to enjoy sets from headliners Wet Leg, Irish pop pioneer CMAT, American artist Perfume Genius and rising Scottish star Jacob Alon. Further headline performances will come from Brooklyn rock outfit TV on the Radio, Welsh electronic group Underworld, and controversial band of the moment, Kneecap. ROC

When: 31 July to 3 August

Where: Oxfordshire

Potentially the only festival in Europe where you can take in a set by Supergrass and then head over to an erotica writing workshop, Wilderness has long worn its bougie credentials on its sleeve . But there’s much to enjoy here, from the legitimately breathtaking countryside views on offer, to the sheer range of choice for your daily activities: horseback riding, talks, a disco-themed barre class, tarot card readings, lots and lots and lots of yoga. And of course the music. Basement Jaxx, Wet Leg, Låpsley and Confidence Man are among the major names, along with appearances by two esteemed greats of electronica: Orbital and Air. AW

When: 21-24 August

Where: Reading / Leeds

With headliners including pop’s new reigning queen Chappell Roan , Irish folk-rock artist Hozier and rapper Travis Scott, naysayers might grumble that Reading and Leeds have abandoned their roots as a rock festival. We’d argue that they’ve finally got with the times and acknowledged the broader music tastes of today’s young’uns. So yes, the rockers have Bring Me the Horizon, Enter Shikari and Limp Bizkit, but you’ll also get to see “Messy” singer Lola Young, punk sensations The Linda Lindas, rapper AJ Tracey and and Australian upstarts Amyl and the Sniffers. It’s a dizzying mix, but one that will certainly ensure there won’t be a lull all weekend. ROC

When: 16 and 22-24 August

Where: London

All Points East’s lineup is so massive they have to spread the festival across two weekends, making it sort of like London’s answer to California’s Coachella – just with fewer influencers. Vibes vary day to day, with opening weekend catering to electronic and house fans (Chase and Status, Overmono, Barry Can’t Swim, and Confidence Man lead the lineup), while the second Saturday is dominated by many of 2025’s most successful female artists: RAYE, Tyla, Doechii and former Little Mix member turned solo star, JADE. To wind down the extravaganza, organisers have employed heavy levels of indie nostalgia, booking The Maccabees, Bombay Bicycle Club and The Cribs for the closing Sunday. Get your skinny jeans and trilby hats ready. Lydia Spencer-Elliot

When: 22-24 August

Where: Portsmouth

Oh we do love to be beside the seaside. Retro festival Victorious has outdone itself this year with major rock bands Kings of Leon, Queens of the Stone Age and Vampire Weekend headlining over the bank holiday weekend. Soak up the sun with a soundtrack provided by Michael Kiwanuka, Madness and Nelly Furtado.

Elsewhere, Craig David and Rizzle Kicks will provide some high-energy nostalgia to keep you dancing, along with Spice Girls legend Melanie C and The Streets’ Mike Skinner, who’ll be on the decks spinning some of your favourite tunes. Fancy a few laughs? Joel Dommett, Ruby Wax and Strictly Come Dancing winner and funnyman Chris McCausland will be there too. If you’re planning on a family outing, there’s plenty for the little ones too, thanks to the funfair and pier located right next to the festival site. Reena Ratan

When: 28-31 August

Where: Dorset

Fittingly named, End of the Road signals the end of festival season – back to reality we go. Fortunately, organisers do their utmost to give us one last hurrah for summer, and this year is no different. Fans will be able to let loose at the woodland site in Larmer Tree Gardens, near the border of Dorset and Wiltshire, soaking up the sound of Father John Misty and his sixth album, Mahashamashana, Dan Snaith’s dance outfit Caribou and South African funk legend Moonchild Sanelly. Guests should also keep an eye out for secret sets: last year Isle of Wight duo Wet Leg snuck in for a few rounds of “Chaise Longue” and “Wet Dream”. ROC"
Elif Shafak: ‘A novelist in Turkey can be almost digitally lynched’,https://www.independent.co.uk/arts-entertainment/books/features/elif-shafak-interview-turkey-democracy-books-b2743647.html,,arts_culture_celebrities,independent,"T o be a novelist in Turkey means something different than it does in Britain . “It is a heavy experience,” says Elif Shafak, who at 53, is often described as the country’s most famous female writer. And well, to be a female novelist in Turkey… that’s another story.

“Overnight, you can find yourself put on trial, sued, investigated, prosecuted, almost digitally lynched,” says Shafak. She knows this first hand. In 2006, she was tried for “insulting Turkishness” with her novel The Bastard of Istanbul , over the simple fact that it acknowledged the Armenian genocide, and in doing so challenged the Turkish state’s official narrative. It was the first time a work of fiction had been put on trial in such a way. “The words of fictional characters had been plucked out of my novel and used as evidence in the courtroom,” she says now. Outside that courtroom, “ultra-nationalists were spitting on my pictures, burning my pictures and the EU flag. It was quite unsettling.” Eventually, she was acquitted.

More recently, in 2019, another of Shafak’s books, the kaleidoscopic 10 Minutes 38 Seconds in This Strange World , about a murdered Istanbul prostitute, was one of multiple books investigated by Turkish authorities for crimes of obscenity. It was also shortlisted for the Booker Prize.

It’s been nearly a decade since Shafak has felt “comfortable” returning to Turkey. She has lived in London for 16 years, commuting to Istanbul for seven of them before stopping altogether. Still, today at her publisher’s office in central London, Shafak has Turkey written all over her – it’s in the Kohl eyeliner that rims her blue eyes and in the scent of mint tea wafting from her mug. Her accent, too, wears the rhythmic cadence of her mother tongue. “Still, there are English words that I cannot pronounce,” she says, smiling.

Her novels, written in English, betray none of that diffidence. They’re ambitious in their scope, flinging their arms around centuries and geographies, from ancient Mesopotamia to modern-day London. Of her 21 books, almost all embody her trademark interest in memory and politics. Safak’s latest novel , There Are Rivers in the Sky , follows a single drop of water across millennia from the Tigris to the Thames, introducing characters as diverse as the Assyrian king Ashurbanipal, a 19th-century polymath born in London’s slums, and a young Yazidi girl growing up in Turkey.

While her first novels were lauded at home, it wasn’t until she started writing in English that Shafak gained international recognition, no doubt bolstered by the legal brouhaha over The Bastard of Istanbul . People may have come for the headlines, but they stayed for the writing. Now, two decades and 11 books later, Shafak is one of the UK’s most popular novelists.

In conversation, Shafak is so blatantly a writer – reeling off metaphors in conversation as readily as others deploy “like” or “um”. That she is a lifelong heavy metal fan is a delightful tidbit; it’s hard to imagine the poetic prose of The Forty Years of Love being conjured to the headbanging sounds of melodic death metal.

Shafak was born in Strasbourg, France, where her father was studying for a PhD in philosophy. Hers was an intellectual upbringing. “I was surrounded by lots of international leftist students, idealistic books, smoking, turtlenecks,” she says, sounding wistful. When her parents split, she moved with her mother to Ankara. “Our neighbourhood was very conservative and very inward-looking and patriarchal,” she says. “I was too young to understand and compare [it to France] but I wasn’t too young to feel that we were different. That we were the odd ones out.”

Her mother was a divorcée, a fact that singled them out immediately – that she resisted the community’s attempts to find her a new husband was stranger still. “Usually women in such situations at the time would be married off to someone older immediately, but my grandmother intervened,” she says. “She took care of me so that my mother could go back to university, so that she could have a career and she could have choices. It was incredible. What she did was very progressive.”

At home, Shafak’s grandmother would regale her with stories and lullabies, riddles and legends of the Middle East, the Balkans, the Levant – echoes of which ring loudly in her books to this day. “My grandmother was not a very well-educated woman, because she had been pulled out of school in Turkey for being a girl, but she was a very wise human being.”

Her mother went on to enter the foreign ministry, a job that saw them later relocate to Spain. “I really believe in sisterhood. When women support each other, particularly at those critical junctures, the impact of that goes beyond generations.”

In Spain, Shafak was the only Turkish student at her school. “I remember when a Turkish terrorist tried to kill the Pope, I walked into the classroom the next day and all the kids would make fun of me, ‘Why did you guys try to kill the Pope?’” she says. “Or Turkey would receive zero points in Eurovision and the children would bully me.” Clichéd as it sounds, books were her friends. And writing was her escape. “I wanted to run away into my imagination as much as I could,” says Shafak. She still remembers the day she discovered Don Quixote – the first time she found true freedom in literature.

The second time was much later, in her thirties, when Shafak first started writing in English. “It felt like cutting off the hand I write with,” she says. “Having to refine my literary voice in another language was like starting from scratch, but migrating into the English language gave me cognitive distance and this additional sense of freedom.” She compares it to looking at a picture: “When you want to see something better, you take a step back and it brings you closer.”

That linguistic step backwards has allowed Shafak to hear more clearly the silences she wishes to fill. “Turkey has a very long and rich history, but that doesn’t necessarily translate into a strong memory,” she says. “If anything, I believe, in Turkey, we’re a society of collective amnesia. When you look at the history that’s taught to us, there are so many silences. What was the Ottoman Empire like for women? Big silence. For minorities? Big silence,” she says. “Across Turkish literature, there’s a big silence about the Armenian genocide, and it can cut across the board, not only the right [wing] but the left as well. It’s still one of the biggest taboos in Turkey.” To that end, Shafak likes to think of herself and other writers as memory keepers.

Her decision to switch to English was not without backlash. “People were saying I had abandoned my language, that I couldn’t be called a Turkish writer anymore,” she says. “But that’s the thing about nationalism, it’s always an either/or mentality. I’m not abandoning my mother tongue, how can I? It’s the language of my grandmother, my mother and my childhood.”

When it came time for Shafak to choose a new home, she landed on London for several reasons. Due to its intellectual and cultural depth, certainly, but also for its diversity. “I treasure the fact that when children go to school, they have friends from different backgrounds – that they learn to celebrate each other’s cultures and traditions,” she says. The other thing Shafak loved was how level-headed Brits were in the face of politics. “I used to think how amazing it was that British people stayed so calm even when they disagreed,” she says, pausing. “And then Brexit happened and we lost that.”

Shafak is wary about the future. “We need to pay attention,” she urges, leaning in. “We might disagree on issues, but we have to be aware of our shared values. For me, it is an appreciation for democracy. I’m not saying democracy is a perfect regime, but it’s the best system that we have developed and we need to improve it, not abandon it. No human being, no political party, no tech company in this world should have absolute power, that is such a dangerous thing. We’re all fallible creatures. We’re all human. We need to be careful about democratic norms, which unfortunately, we’re losing sometimes.” She pauses a moment, “I’m not saying it’s happening in the UK, but I see seeds of it.”

She is, of course, particularly attuned to these alarm bells. Her ears prick up at the first sounds of tyranny, tuned to this frequency by the politics back home where, she says, “we’ve seen a steady decline in what remained of Turkish democracy” under the 22-year-long presidency of Recep Tayyip Erdogan.

The day we speak, fierce protests are erupting in the capital over the arrest of Ekrem İmamoğlu, the mayor of Istanbul and Erdogan’s main rival, days before he was due to be selected as the 2028 presidential nominee. “It’s unacceptable, unlawful and undemocratic,” says Shafak simply. On the streets, protestors are being fired upon with tear gas and rubber bullets. “There are so many people in Turkey who want and deserve a proper democracy. We do not want authoritarianism.”

“Turkey shows us what happens when the rule of law is damaged, when there is a separation of powers and no independent media,” she says. “When you only have the ballot box, that system cannot survive as a democracy in the long run. It can only be majoritarianism, and from there, the fall into authoritarianism can be very short, very quick.” Crucially, that fall can happen anywhere.

Shafak recalls an interaction she had some 10 years ago with a scholar from America who told her it was “understandable” that she was a feminist given she was Turkish. “That statement gave me pause because the implication was that if you’re American, or from Norway or from Canada, you don’t have to worry about the future of women’s rights,” she says. “But now we know better.”

The Trump era in the US has ushered in a rollback of human rights, undermining decades of progress – from the overturning of Roe v Wade to the mounting backlash against the rights of migrants, refugees, LGBT+ people and women. “We have to worry about women’s rights wherever you come from and in America, even more so right now, because things can go backwards very fast,” Shafak says.

When Shafak speaks about politics, there is no passivity in her voice – no apathy to be heard. She is animated. She is fired up. A similar thing occurs in her writing. No matter how bleak the subject matter, there is hope. Even the story of a murdered prostitute discovered in a dumpster somehow still shimmers with humour and light. “The mind can be more pessimistic, and I think that’s OK because it makes us a little more aware of what’s going on,” she says. “But we need to keep the human will, to keep the human heart and be hopeful.”

‘There are Rivers in the Sky’ is published by Penguin in paperback; Elif Shafak will speak to Kirsty Lang on Sunday 25 May at Hay Festival; more information here"
What to read in May from a superb debut novel to a five-star biography,https://www.independent.co.uk/arts-entertainment/books/features/what-to-read-may-best-books-b2742961.html,,arts_culture_celebrities,independent,"T he complex life of Mark Twain , a writer dubbed “the Father of American Literature”, is told expertly in Pulitzer winner Ron Chernow ’s comprehensive 1,100-word biography Mark Twain (Allen Lane). In the years preceding Twain’s death in 1910, at the age of 74, it becomes a deeply sorry tale indeed. The author of Adventures of Huckleberry Finn was a heavy drinker, plagued by bronchial coughs and itchy piles. He lambasted “the bastard human race” and dismissed his fellow citizens as “just tubs of rotten offal”. Chernow offers a balanced, insightful view of the whole Twain package and does not gloss over the celebrated author’s “college-girl habits”, Twain’s own phrase for the way he groomed young girls he creepily called his “angel fish”.

Two lighter reads, particularly for those with a taste for quirky travel books, are Ben Aitken’s witty Shitty Breaks: A Celebration of Unsung Cities (Icon Books), and Nigel Tassell’s charming Final Destination: Riding Britain’s Trains to the End of the Line (Mudlark), which offers a guide to 16 journeys (spanning from Wick in upper Scotland to Penzance in Cornwall). The accounts will make any fan of railways want to experience these delights for themselves.

A couple of recommended fiction books this month are Sarah Moss’s Ripeness (Picador), an impressive story of love and belonging, spanning 1960s Italy to contemporary Ireland, and Leo Robson’s engaging and smartly ironic debut The Boys (Riverrun), a generational saga set during the London Olympics of 2012.

My picks for novel, non-fiction book and biography of the month are reviewed in full below:

The Names , in simple terms, is the story of three different versions of the same life, with a trio of wildly differing fates panning out from one simple decision: Cara’s choice of name for her newborn son.

Spanning 35 years, Florence Knapp’s superb debut novel shows what happens to the same boy whether he is Bear – a name chosen by his older sister Maia because it sounds “all soft and cuddly and kind” – or Julian, a talismanic name meaning “sky father”, or Gordon, a replica of his father’s name and one “that will tie him to generations of domineering men”.

Knapp breaks the action into six sections – 1987, 1994, 2001, 2008, 2015 and 2022, in a time frame echoing the famous Seven-Up television documentaries – and along with the varying scenarios for Bear, Julian and Gordon, we also see how the decision affects Cora herself, and Maia, and a whole cast of relatives, lovers, friends and strangers.

The central brother-sister relationship is depicted beautifully in each iteration. Another constant is the sharp portrait of Gordon senior, a controlling, abusive middle-class husband. Outwardly, he is a respectable GP, venerated by the local community, at home he is vile. One of Knapp’s strengths is etching not only a convincing portrait of a truly menacing man but also providing a subtle picture of how society fails to keep women safe from domestic abuse, both mental and physical. It’s a small quibble, I concede, but the exposition of the family origins of the doctor’s warped character was a touch heavy-handed.

Nevertheless, Knapp builds on her clever premise, and events unfold with a neat unpredictability. The three different life stories are told with imagination and cohesion, and the author also explores wider themes such as teenage misogyny, sexual identity and the power of true friendship. And Knapp, who previously wrote a non-fiction book about quilt-making, offers gorgeous descriptions of the skills and passions of the art-makers who weave in and out of the plots.

The Names is a thoroughly engrossing novel and a profound debut. The brutality and cruelty make it a difficult read at times, but Knapp’s tender touches rescue the reader from some of the pain.

‘The Names’ by Florence Knapp is published by Phoenix on 8 May, £16.99

As I was reading The Buried City: Unearthing the Real Pompeii , the latest excavation of the city buried alive by the eruption of Vesuvius on 24 August 79 CE unearthed two remarkable long-lost sculptures, including one of a female priestess, which had been built into a wall of a necropolis near the main entrance gate into Pompeii. It really is a living story of the dead.

Gabriel Zuchtriegel, a German-born Italian citizen who is Director General of the Archaeological Park in Pompeii, has written an illuminating, engrossing guide to a world frozen in time. He is infectiously enthusiastic about his work, and the book – translated from the German by Jamie Bulloch – makes you yearn to visit and see friezes and architectural wonders for yourself.

Herman Melville said of Pompeii that it was “same old humanity”. If so, it was one brimming with sensuality and eroticism. “The modern distinction between homosexuality and heterosexuality was completely alien to the ancient world,” writes Zuchtriegel. “Nobody had to commit themselves to a specific sexual orientation.” He adds that women received a horrendous deal in ancient Pompeii. “Whether a woman gave her consent or not seemed simply irrelevant” in 79 CE; the author explains, and that sexual violence and rape were common. He asserts several times that the ancient world has relevant things to say to 21st-century people – so make of it what you will that the town’s brothel, the Lupanar, remains one of the most visited places by tourists.

If (like me) your knowledge of what happened at Pompeii consists of the disturbing illustrations in primary school picture books, you will find much that fascinates in The Buried City , including the vivid, scientific descriptions of what happens when a mountain top literally explodes in a volcanic eruption. Zuchtriegel flies off in lots of interesting directions – about petty academic behaviour, the misogyny faced by trailblazing female academics, the Elgin marbles, looting and the mafia’s part in the illegal trade in antiquities – right up to the way digital technology, AI and drones are helping modern archaeologists.

“Pompeii is like a rip in the screen through which we have the opportunity to take a peek behind the official version of history,” says Zuchtriegel, who is an enlightening guide to an amazing ancient show.

‘The Buried City: Unearthing the Real Pompeii’ by Gabriel Zuchtriegel is published by Hodder Press on 22 May, £22

Gertrude Stein, hailed by fans as the godmother of literary modernism, was certainly a world-class braggart. Among the boasts collected in Francesca Wade’s Gertrude Stein: An Afterlife are “I have been the creative literary mind of the century”; that she believed she wrote “the only important literature that has come out of America since Henry James” and that “my books should be treated as classics”.

I should perhaps declare an acquaintance with Wade, a former newspaper colleague, although more relevant is my respect for her previous book Square Haunting , about the Bloomsbury set. Her Stein book has an adroit structure – the first part is more traditional biography, the second is about Stein’s posthumous legacy and cultural afterlife – and Wade benefits from being the first researcher to examine the rich archive of Stein material collected by Leon Katz.

Stein is a true curiosity. Some people rave about her work, others castigated her writing (“419 pages of drivel”; “gibberish” and “ghastly twaddle” are among the cutting descriptions) and she seemed to want abject adulation from everyone around (it was, oddly enough, provided by lots of obsequious young male fans). Although Wade dubs Stein a “megalomaniac”, the author offers a balanced account of her qualities, alongside the flaws.

The book is full of dynamic characters – including Stein’s friend Pablo Picasso – and much of the story focuses on Stein’s lover and longtime companion, Alice B Toklas. They called each other “Pussy” and “Lovey” and Toklas seemed to subsume her own life in service of Stein’s (“It was like she was “a passenger in her own life,” in Wade’s neat phrase). Even so, there was flint within Toklas, who was a grudge-bearer with influence. She detested Ernest Hemingway , for example, and boasted: “I made Gertrude get rid of him.” There seems to have been a lot of score-settling at the heart of Stein’s private circles, and Wade’s account of her wholly dysfunctional sibling relationships is revealing.

The biography did make me wonder how much Stein is even read nowadays (would many 21st-century readers have the appetite for her experimental prose and deliberate sabotage of syntax?), although Wade, better positioned than most, is convinced that “the humour of Stein’s writing shines through” some eight decades after her death in 1946, aged 72.

Wade provides lots of incidental details in this excellent, well-researched book, including that Stein’s “favourite sound” was that of a hooting owl. That detail alone made me warm to her, far more than her literary grandstanding.

‘Gertrude Stein: An Afterlife’ by Francesca Wade is published by Faber on 22 May, £20"
Viral sensation Myles Smith: ‘I don’t want to disappear overnight’,https://www.independent.co.uk/arts-entertainment/music/features/myles-smith-stargazing-ep-b2743915.html,,arts_culture_celebrities,independent,"I n the blink of an eye, Myles Smith had made it . The 26-year-old from Luton went viral on TikTok last spring with his catchy covers of chart-topping mega hits, before his own song “Stargazing” – a barn-shaking pop-hoedown about love – took off, notching up over half a billion streams on Spotify and cracking the UK Top 10. Barack Obama spun the track on his summer playlist and Smith won a Brit award, along with 23 million monthly listeners on Spotify. Now, he’s supporting Ed Sheeran on a global tour. Piece of cake.

Not quite. This picture of slingshot success is, as always, only an illusion: a mirage made up of pixels and internet hype. The facts are true – “Stargazing” did go viral, Smith did win the Brit Rising Star award, and the former US president is, in fact, a fan – but what looks like a lightning flash of destiny is really the result of years spent grinding, not to mention the start of more to come.

“I wish it was as magical as an overnight switch, but it didn’t feel quick,” he says, laughing over a video call. “For me, I’m 15 years in.” One inevitable question arises: so, what next? Often from here, the supposed aim is to parlay that viral moment into another, into another, into another. But Smith has other plans. (That said, his follow-up single, the fiddle-twanging “Nice to Meet You”, also went viral.)

“So many decisions that I’ve made have been because I didn’t want it to be one song and done, or one song followed by capitalising with every single opportunity to make money,” Smith says. “I’ve made some really bad financial decisions and turned down really great opportunities because I don’t want to just disappear overnight.” He’s seen enough artists thrown on the pop music’s ever-growing scrapheap to know he wants something more. “For lack of a better term, I s*** myself every day thinking about it.”

It’s a mindset that has served him well so far. Smith’s fans, over 1.5 million of whom follow him on TikTok, are not going anywhere, patiently anticipating a sunny new earworm to soundtrack their summers. Good things come to those who wait, and later this month, Smith will release his new seven-track EP A Minute, A Moment .

Smith has in the past been described as the next Ed Sheeran. Like “the ginger prince”, Smith makes music that balances his natural intimacy with stadium-ready sound. That chart-topping equilibrium is all over his new record: it’s boot-stomping pop that skips into your ear canal and right up to your brain, taking its cues from the blockbuster folk of Mumford and Sons and the widescreen optimism of Coldplay.

“My First Heartbreak” is a little different. The lead single from his EP tells the story of Smith’s father leaving when he was young. “They say blood is thicker than water/ But I’m closer to the ocean than to you,” sings Smith. His voice is breathy, fluttering over placid guitar playing before it dissipates altogether – a dandelion coming apart in the breeze.

Smith wrote it after a conversation with his brother. “He asked me, ‘Bro, have you ever thought what it would be like to be a father one day?’” recalls Smith. “I remember at that moment there was this sort of vacancy, loss, and stillness. It had such a profound impact on both of us: how are we supposed to become someone that we’ve never seen? Follow a blueprint that’s never been laid for us. That was the embers of the song.”

The song, though, came later. First, Smith spiralled. “I was going out more and drinking more, hurting those I loved more,” he says. “I was going down a dark hole with it. That conversation opened up all these questions: Was it my fault? Had I put an onus on my brother to play the father role? Was I expecting my mum to have stopped something that she couldn’t possibly have stopped? I was having all these teenage revelations quite late in life.”

Enjoy unlimited access to 100 million ad-free songs and podcasts with Amazon Music

Sign up now for a 30-day free trial. Terms apply.

ADVERTISEMENT. If you sign up to this service we will earn commission. This revenue helps to fund journalism across The Independent.

Enjoy unlimited access to 100 million ad-free songs and podcasts with Amazon Music

Sign up now for a 30-day free trial. Terms apply.

ADVERTISEMENT. If you sign up to this service we will earn commission. This revenue helps to fund journalism across The Independent.

Smith’s mum, his go-to sounding board when it comes to music, cried when he played it for her. “She walked out of the room halfway through and a few minutes later, she comes back and says she can’t listen to the song,” he recalls. “That happened two or three times.” The first time she listened to it the whole way through was at a gig. “We caught up after; she sobbed and told me it was a beautiful piece of work,” says Smith.

His fans feel the same. The comments on YouTube are filled with people pouring their hearts out, sharing their own stories of absent parents and feelings of abandonment. On some nights, Smith will look out into the crowd at a gig and see people crying as he plays it. On the visceral impact he has on his fans (more than a few have told him his music has saved them), Smith is bashful. “As musicians, all we do is push air – it’s everyone else [in the crowd] that is doing the emotional hard work.”

Growing up in Luton, he was incredibly close to his mother. She was into Motown, filling the house with the sounds of Whitney Houston and Luther Vandross. “Somehow, that equalled me getting into Green Day and screamo,” laughs Smith. But as his siblings discovered R&B, he found himself leaning to pop. “I loved what Ed Sheeran was doing, but I looked nothing like this ginger guy from Ipswich and so I just couldn’t see that being me,” Smith says. His outlook changed when Labrinth arrived on the scene. “Then we had this Black guy coming through making pop music and it seemed possible.”

Smith, who lives in Brighton now, still takes umbrage with the routine headlines declaring Luton the worst place to live in the UK. “Anyone can look to statistics and draw assumptions, but when you dive beneath the analytics and look at the anecdotal experience of people living there, it’s different,” he says. “Most kids growing up in Luton go through that battle: do we believe the statistics or our actual lives? You’re pretty much getting a global experience within a 15-mile radius.” Every year, he’d celebrate Eid with his Muslim friends. On the weekends, he’d play gigs at his local Irish pub. It was a South American family down the road who taught him Brazilian drums.

It’s partly why his music has such a broad appeal. “I didn’t grow up thinking I want to make music for London or even the UK because my friendship group aren’t necessarily from here,” explains Smith.

In conversation, Smith is low-key and easy to talk to. His short black hair is dyed blond at the tips like a fuzzy halo. At the Brits last year, in his speech, Smith urged people to “protect” grassroots venues and encouraged labels to stick with artists past their first viral hit. The speech, he says, was because of his mum. “She always said to me, ‘Son, make sure wherever you go and whatever you achieve that you drop a ladder behind you,” he says. “And I want kids from Luton or other working-class towns, kids who look and sound like me, to be able to make pop music. If I can make even the smallest difference, then I’ll try my hardest to do so.”

Smith sees a gap in the UK music infrastructure. “There’s nothing in place right now to support the jump from being a bedroom creative to a musician with a sustained career,” says Smith, who counts himself lucky that he came up when he did. “Without a government-funded scheme, I would never have picked up a guitar. I happened to win the lottery because I was at school during a time when the Labour government wanted to invest in a plan.”

Speaking of plans, plenty of musicians will tell you that they have no backup plan. So fervent is their passion, so white-hot their ambition, that they simply cannot fathom a reality in which music is not their career. Smith, on the other hand, not only has a plan B but a plan C, too. After school, he studied sociology and social policy at Nottingham University, before going on to found a successful business management company. By the time he was 23, he was turning a healthy profit – all the while gigging and making music in the evenings.

But don’t take Smith’s diverse CV as a lack of passion or drive. Rather, the opposite is true. “Knowing that I could go on LinkedIn tomorrow and find a job gives me the freedom to explore music,” he says. It was when Smith felt sufficiently secure that he felt free to try music full-time. “I was lucky that I’d been able to get to a comfortable enough position in my career so that I could say, ‘Oh actually, this security and comfort is great, but it’s not worth sacrificing what I’m super passionate about right now,’” he says.

Smith thinks more aspiring musicians should consider stocking up their arsenal of life skills. He likens it to academy footballers. “You have people playing literally their entire lives and they’re great and then at 17, they’re dropped because of an injury – and then what happens?” he says. “I know others say differently, but I think going down the education route is so wise before getting into this world because it will save you half the problems that I see a lot of artists get themselves into.”

While Smith may keep a parachute in his back pocket, he has no intention of using it. It’s clear that his trajectory is aiming for altitude – not crash landings.

‘A Minute, A Moment…’ is out on 23 May"
My mum was begging to die – I wish I’d been strong enough to help her,https://www.independent.co.uk/arts-entertainment/theatre-dance/features/assisted-dying-neil-labute-b2742488.html,,arts_culture_celebrities,independent,"I was in Grand Central Terminal last week in New York City, coming back from a voiceover recording for a “director’s track” on an upcoming DVD release from the Criterion Collection, and I stopped into a little toy store to pick up a few figurines for my five-year-old daughter when I interrupted two employees deep in the middle of the following discussion:

“Would you rather know when you were going to die or how you were going to die?”

I was surprised to hear this sort of conversation in what is essentially a store for kids but I was also smiling to myself as I thought: “This subject is everywhere.”

We all have it in common, we all have it to look forward to and it’s at the core of How to Fight Loneliness, my new play currently on at the Park Theatre. Or, more precisely, it’s at the heart of the play because this play, more than a lot of my work in the past, has a strong, beating heart that asks big questions and has big feelings about “death” or, more specifically, do we as individuals have the right to decide both how and when we’ll pass away?

Here in the US, the answer is mostly “no” – only about 10 or 11 states currently have any legislation in place that is supportive of a citizen choosing their manner/time of death and, therefore, it is basically against the law to be a party to this “crime” (and I place “crime” firmly in quotes), which is baffling, worrisome and just plain wrong to me. I’m free to go to the hospital day after day and watch someone who is suffering but God forbid I am allowed to help that same person put an end to their suffering if they and I so choose (nor is that person afforded the dignity of doing it themselves if they see fit and are able to do so on their own).

We control so few things in life when you really think about it; the idea that we should be deprived as well of deciding when that life might end is maddening and frightening and sad in equal measure.

I had to deal with this very thing when my mother passed away a few years ago; she was in ICU and in great pain near the end, so much so and reacting so loudly to said pain that the staff seemed embarrassed by the situation and appeared more worried about how the rest of the patients were feeling about this than about how to ease my mom’s agony. Their primary concern became getting her out of the hospital as quickly as possible. They wanted to pass her along for someone else to deal with, and all but guided my hand across the page while signing her over to a hospice for “end-of-life” care.

And what about me?

She was begging to die in her last days and hours, but was I strong enough to help her, to disregard my hard-earned principles and the rules of the land and defy what is “law” in the name of what is “right”?

What do you think?

I listened to the doctors and the care workers and even the lawyers (even after Shakespeare warned me about them), and I did what I was supposed to do, what a good son and member of society should choose to do. Do I regret it? You bet I do. So instead of really helping someone in their hour of need, I did what most writers do: I wrote about it instead.

It’s a play and it’s being given a top-notch production by Trish Wadley at the Park Theatre (home to a revival of my play The Shape of Things in 2023) with a phenomenal cast and directed by the very talented Lisa Spirling. The title came from a song by Wilco; the rest of the words are mine.

It isn’t filled with heroes and villains, just three people who are trying to deal with an impossible situation in the best way they each know how. If you get a chance to see it, you should. It’s only pertinent if you’re currently alive, because if you are, that means you (and everyone you know and love) are on a crash course with death and you’ll probably face this wretched thing in some form or another several times over before you yourself are the person in question.

And when that time comes, as it must – (unless some smarty pants researcher hurries up and figures this aging s*** out) – I hope to Heaven that you have some say in the matter or are at least cared for enough by those around you to have someone do the right thing and not just the “right” thing.

I know, I know, “Shut up, I feel fine. I’m young and carefree and in relatively good health. In fact, I feel immortal.” And you are. You absolutely are. Right up until the day you’re not. By the way, as for that conversation overheard in the toy store, I came down on the side of knowing when I’m going to die rather than how I’m going to die. Just give me the day, I’ll deal with the rest when it gets here.

‘How to Fight Loneliness’ is at the Park Theatre until 24 May; tickets here"
This was Pink Floyd at their experimental zenith,https://www.independent.co.uk/arts-entertainment/music/features/pink-floyd-live-at-pompeii-david-gilmour-roger-waters-b2742353.html,,arts_culture_celebrities,independent,"T he ancient Roman city of Pompeii has witnessed some pretty intense happenings over the centuries. In AD79, the nearby Vesuvius erupted and buried the city in volcanic ash. Nearly two millennia later, another elemental force of nature flexed its might within Pompeii’s ruins. For it was here, in the autumn of 1971, that Pink Floyd played the most remarkable concert of their career, four serious young long-hairs prising cosmic sounds from electric guitars, prehistoric synthesisers and hammered gongs, to split the sonic atom.

Half a century on – and 40 years after bassist/vocalist and arguable band-leader Roger Waters’ exit from the group – the watershed concert movie that chronicled this space-rock landmark has enjoyed a 21st-century makeover. The original 35mm negative has been restored frame by frame, its hallucinatory soundtrack given a Dolby Atmos remix by prog polymath and Porcupine Tree bandleader Steven Wilson, who declares it “the absolute zenith of Pink Floyd as an experimental rock band, the definitive statement of that era”.

Pink Floyd at Pompeii – MCMLXXII captures a group in transition. In their late Sixties days, fronted by doomed lysergic voyager Syd Barrett, Pink Floyd had been psychedelic pioneers as likely to perform three-minute psych-pop nuggets like “See Emily Play” on Top of the Pops as blow hippie minds with epic acid-rock improvisations at legendary London nightclub UFO. But Barrett’s 1968 breakdown, which followed months of heavy LSD use, signalled his exit from the group: a trauma the remaining members of Floyd – typical middle-class Englishmen of their generation – wouldn’t begin to process until their 1975 rumination on their fallen bandmate, “Shine On You Crazy Diamond”.

In the immediate aftermath of Barrett’s Icarus-like downfall, the remaining band members – drummer Nick Mason, keyboardist Richard Wright, guitarist David Gilmour and bassist Roger Waters – eschewed introspection and instead cast their eyes to the skies. Across albums like 1968’s A Saucerful of Secrets , unwieldy 1969 live/studio behemoth Ummagumma , 1970’s questing Atom Heart Mother and ambitious 1971 masterpiece Meddle , they ditched traditional song structures for excursions that might last the entirety of a vinyl LP side.

This music was often fiercely experimental and groundbreaking – Floyd were early adopters of any primitive synthesiser gear they could get their sweaty hands on – but nevertheless won a large, dedicated audience. The group toured heavily – Wilson estimates that, in this era, Floyd were “gigging 150-200 days of the year, and at their absolute peak”. When not on the road or recording albums of their own, they developed a lucrative side-hustle scoring art movies like Michelangelo Antonioni’s Zabriskie Point (1970) and Barbet Schroeder’s La Vallée (1972).

The brainchild of filmmaker Adrian Maben, a British-born filmmaker based in France, Pink Floyd: Live at Pompeii would combine Pink Floyd’s live prowess and their simpatico with countercultural cinema. A Floyd devotee, Maben pitched an appropriately atypical concert movie.

The genre was still in an embryonic state. Early breakthroughs like Woodstock and Monterey Pop often shifted focus from the onstage performances to young, beautiful and ecstatic attendees in the audience, to titillate and also to confirm that the filmmakers were chronicling Important Cultural Events. By contrast, Maben planned to focus on the group and their music, and very little else; there would be no audience, save Floyd’s road crew. This piqued the band’s interest, and also made for an easier sell to the officials at Pompeii, who could rest assured that the precious ruins would remain untouched by concertgoers.

“Nobody had ever made a concert movie without an audience,” says Wilson. “And it’s perfect for Floyd. They always had this sense of enigma and remove – they never catered for an audience or seemed concerned about them. Their whole thing was, they were making this music for themselves, whether or not anyone wanted to hear it.”

At Pompeii, Maben had his cameras glide around the musicians as they performed, delivering a uniquely intimate experience of the concert. “What I love about Pompeii is that the cameras are positioned among the band,” says Lana Topham, Pink Floyd’s in-house director of restoration, whose work makes this 54-year-old footage seem dazzlingly contemporary.

“Traditional concert movies are filmed from an audience standpoint. But here we feel closer to the performance, and get a glimpse of their relationship. Their focus is within themselves and with each other, not outward to an audience – and yet we feel more a part of it.”

Anticipating Martin Scorsese’s work in The Last Waltz , Maben choreographed his cameras to capture key moments in the songs. On “A Saucerful of Secrets”, as the piece’s freeform excursion peaks, a camera follows Waters as he strides purposefully towards a gong and extravagantly bashes it, silhouetted against the sunset – the kind of iconic shot you simply don’t get by accident. Another camera, meanwhile, hovers before Gilmour, who’s cross-legged and shirtless in the sunshine, fiddling with his guitar and effects boxes, bare feet covered in sand. The sounds he creates, echoing and reverberating around the empty amphitheatre, are enough to beckon UFOs from the ether.

The intimacy of this footage was revelatory for Wilson when he first saw it at a revival at his local cinema in Chesham as a prog-curious 12-year-old growing up in Buckinghamshire. “It cemented my obsession with Floyd,” he says, “and it blew my mind, seeing those young, attractive, handsome men in Pompeii, playing this extraordinary, experimental and groundbreaking rock music. When you’re 12 years old and your reference points are the latest Iron Maiden album, it’s like something from another planet. You’re literally seeing them creating the vocabulary of experimental rock music as we now know it.”

This footage serves to both demystify and re-mystify Pink Floyd. For all the grand history of the locale where they’re performing, the band are framed by their massive touring flight cases, like a prosaic Stonehenge, stencilled with their logo, with somewhat-bored roadies lolling over them, and the sound-crew and their mixing desk firmly in view. We get to see how they create the fantastical sounds that populate their space-rock-era albums, a revelation akin to seeing a marionette’s strings or a ventriloquist’s lips move. But at the same time, Maben intercuts the cosmic crescendos with images of ancient sculptures and mosaics, with footage of bubbling lakes of lava, imbuing Floyd’s music with appropriate loftiness and heaviosity. “You might say it’s a little cheesy,” Wilson reasons. “But it works.”

Maben filmed further songs in a Paris television studio later in the year, editing the footage together for a 1972 premiere. The following year, believing the film still incomplete, he filmed further material at Abbey Road as Pink Floyd recorded their magnum opus, Dark Side of the Moon . Eavesdropping sessions, and lunchbreaks, and peeking behind the curtain to portray the men behind the music – Waters all combative and prickly, Wright ever the quiet one – the footage is engaging, revealing, and unselfconscious. “We do have infighting,” admits Mason. “We have some pretty good arguments from time to time,” agrees Gilmour.

The accompanying interviews at Abbey Road make Maben’s movie an indispensable portrait of a band experiencing metamorphosis. “We’re in danger of becoming a relic of the past,” grumbles Mason. “For some people, we represent their childhood in 1967, the underground in London, the free concert in Hyde Park. It’s an image we’d like to dispel.” Gilmour concurs: “Most people still think of us as a very drug-orientated group. Of course, we’re not.” Indeed, starting with Dark Side... , the group shifted away from the remnant psychedelia explored in Pompeii, focusing their songwriting on existential themes like death, madness and the meaning of life. After several years floating in space, Pink Floyd discovered transcendence in the earthbound, in the merely human, setting controls for the heart of the matter.

“This is a band that started off with a songwriter, Barrett, at their core,” Wilson says. “They lose Syd early on, and spend four or five years experimenting sonically and not worrying too much about the rigours of songwriting.” But then Waters assumes control – a move that isn’t without controversy, but helps shape Pink Floyd’s output throughout the rest of the Seventies. “Roger’s a brilliant architect of music,” Wilson continues. “He pulls the band towards these conceptual rock moves, tethering them to the structures and the architecture of the music. But they had to go through this space-rock period first, to arrive there.”

Pink Floyd’s imperial era – Dark Side , 1975’s Wish You Were Here , 1977’s Animals and 1979’s The Wall – won the group unimaginable success and acclaim, but it’s arguable whether it made them happy. Wilson, a Floyd superfan with intimate knowledge of bootleg live recordings from this era, says that with this upgrade in stardom, they began “struggling to get across what they’d been very at home playing in 2,000 to 3,000-seat theatres. They’re playing huge arenas in America, with idiot fans screaming at them all the way through the show, which gives Roger Waters the epiphany that led to The Wall . You can hear that they’re not as symbiotic as they used to be – they’re just not enjoying it. The success of Dark Side , musically, creatively and commercially, really destroys a lot of the magic they had in those space-rock years.”

Indeed, the phenomenal triumph of Dark Side presaged turbulent years for the group. Disputes over matters creative and personal – including how the members spent this new windfall of cash – prevailed, and Dark Side follow-up Wish You Were Here was marred by the group’s struggle for direction. Waters suspected they were now staying together out of “convenience, despite the big musical, political and philosophical differences that we had in the band”, telling Chris Salewicz in 1987 that Dark Side had “finished the Pink Floyd off once and for all. To be that successful is the aim of every group. And once you’ve cracked it, it’s all over.”

Waters grew increasingly disenchanted; the group’s 1979 double album The Wall was a direct response to dispiriting tours of the US, before audiences who seemed disconnected from the music the band were playing. Following 1983’s The Final Cut , Waters believed Pink Floyd were done, and sued to dissolve the group and prevent the remaining members from continuing to use the name.

Nevertheless, Floyd’s first Waters-less album, A Momentary Lapse of Reason , arrived in 1987; in December of that year, a legal agreement was reached that allowed Gilmour and Mason to continue as Pink Floyd, which they did; a 2022 single in support of Ukraine, “Hey, Hey, Rise Up”, is the most recent Pink Floyd release, their first since 2014 farewell album The Endless River . Despite the legal agreement, enmity continued to crackle between Waters and Gilmour, though they put their differences aside in 2005 for Pink Floyd’s performance at the Live 8 benefit concert, Waters playing alongside Gilmour, Mason and Wright for the first time in almost a quarter of a century. Barrett died the following year, and Wright passed away in September 2008.

But we’ll always have Pompeii, and the magic captured on Maben’s movie, which remains Wilson’s most treasured Floyd artefact. “I would happily stand up in a court of law and say Dark Side of the Moon is Pink Floyd’s masterpiece, the pre-eminent masterpiece of conceptual rock, bar none,” he offers. “But my favourite era is when they're still exploring, when they’re not sure what they are, and still have that sense of curiosity. There’s something magical about that, and Pink Floyd at Pompeii – MCMLXXII is the definitive statement of that era.”

* ‘Pink Floyd at Pompeii - MCMLXXII’ is released by Sony Music Vision and Trafalgar Releasing in cinemas & IMAX® worldwide. The live album is available on multiple formats from 2 May"
Tim Crouch’s experimental play An Oak Tree is pure magic,https://www.independent.co.uk/arts-entertainment/theatre-dance/reviews/an-oak-tree-young-vic-review-tim-crouch-jessie-buckley-b2746376.html,,arts_culture_celebrities,independent,"It's been 20 years since Tim Crouch's experimental theatre landmark An Oak Tree first premiered, with hundreds of actors taking on the challenge over the decades, but this anniversary production still feels winningly tender and tentative, not authoritative. Each night, Crouch guides a different performer through a script they've never seen before. And as they stumble over unfamiliar lines, he performs a magic trick: transforming their real discomfort into the crackling tension between two characters bound together by grief and guilt.

On opening night at the Young Vic , it's the wonderful Irish actor Jessie Buckley braving the stage, one of a formidably starry line-up that also includes Adjoa Andoh, David Tennant, Meera Syal and Russell Tovey. And no wonder: for these massive actors, it's a test. A risk. A way of injecting liveness and spontaneity into careers running along smooth rails. Buckley feels especially exposed on stage, her visible pregnancy adding a level of vulnerability that's countered by the confident way she throws herself into the part – she falls to her knees playing uproariously virtuoso air piano, and when Crouch says “ain't she beautiful”, she waggles her tongue mock-lasciviously and caresses her rounded torso.

He's in persona as a creepy stage hypnotist, dressed in a silvery waistcoat and playing naff disco muzak over his speakers. And she plays everyone else – all the audience members at his failing, faltering gig, and Andy, a middle-aged man whose daughter this fumbling entertainer seems to have accidentally killed.

Watching An Oak Tree is sometimes – often! – an uncomfortable, frustrating experience. More than once, Crouch's words are inaudible over the sound of piped traffic noise: at other moments, he stutters, heightening the artificiality of this entertainer's patter by not letting it feel sauve or confident. ""Are you OK? Say yes,"" this weird bald puppet master instructs Buckley, who doesn't have room to insert her own words into a script that takes her in increasingly uncomfortable directions. But then, grief takes control away too.

Crouch's most powerful writing comes when death stops haunting the edges of the play and crashes into its centre, instead, emotions collapsing into abstracts. “She spoke two concrete blocks in black... left them inside me to this day,” says Andy, remembering what it felt like to hear the worst possible news.

There are so many unsettling layers here, as Crouch switches the mood, steers us joltingly from one version of reality to another. But the potential chilliness of Crouch's formal experiment is subverted by Buckley's bubbling warmth and impulsivity – her nervous laughter, steely controlled stare, or unexpected hug of total relief. On another night, with another performer, it will feel totally different. But it'll stay evergreen, for the way it exposes theatre's oldest tricks – the power plays, the charm, the liveness, the risk – and repurposes them into something jarring and new."
"Amid volatile headlines, Blake Lively’s future in movies is unclear",https://www.independent.co.uk/arts-entertainment/films/features/blake-lively-justin-baldoni-another-simple-favor-b2743818.html,,arts_culture_celebrities,independent,"T he supporting characters in Another Simple Favor , the psycho-drama comedy sequel that’s streaming now on Prime Video , don’t know what to do with themselves in the presence of Blake Lively. Dressed in a parade of rhinestone-studded, overly accessorised ensembles (one look involves dungarees, multiple earrings and a bowler hat), Lively’s character Emily Nelson – a schemer, murderess and secret triplet who’s offed at least one of her sisters – draws gasps and mild panic every time she enters a room.

Lively’s work, from the soaring melodrama The Age of Adaline to last year’s cursed weepie It Ends with Us , tends to be maximalist like this. Everything goes big: the hair, the costumes, the ripple effect of her mere presence in a movie. It was Emily’s sudden disappearance in 2018’s A Simple Favor that transformed Anna Kendrick’s anxious mommy blogger into a citizen detective, and it’s Emily’s shock return – and the mystery dead body that turns up soon after – that kickstart its sequel. But even for a star of her magnitude, Lively feels too big for Another Simple Favor . Arriving amid the messy legal battle between Lively and Justin Baldoni , the director and leading man of It Ends with Us , the new sequel gets sucked into the vortex of completely unrelated off-camera drama. You leave it pondering if every future Blake Lively role will follow suit.

Another Simple Favor was shot in Capri, Italy, last spring. Back then, no one had even seen It Ends with Us , let alone been able to anticipate how it’d spectacularly implode upon release in August. Following months of speculation of a feud between Lively and Baldoni, Lively alleged in December that she had been made the target of an elaborate smear campaign orchestrated by Baldoni and his PR team after she reported sexual harassment and workplace safety concerns on the It Ends with Us set. Baldoni, while denying the allegations, sued Lively and her husband Ryan Reynolds for extortion, defamation and invasion of privacy, alleging that Lively made false complaints in order to gain creative control over It Ends with Us , before forcing him out of the filmmaking process and later the movie’s promotion. As of writing, both lawsuits, as well as a separate lawsuit Baldoni has filed against The New York Times , which first reported Lively’s allegations, remain in play.

The unusually scant press tour for Another Simple Favor has been collateral damage in the Lively/Baldoni war. Lively’s online detractors, coupled with self-styled “body language experts” on TikTok and Instagram, have – based on little more than vibes – claimed to detect an animosity between Lively and Kendrick . The film’s director, Paul Feig, was forced to deny an entirely fictitious viral claim that the movie was to be scrapped due to Lively’s apparent unpopularity . On Thursday, Lively began her single late-night talk show appearance to promote the movie by acknowledging her “intense year”. “I see so many women around afraid to speak, especially right now, afraid to show their experiences,” she told Seth Meyers . “And fear is by design. It’s what keeps us silent.” She said she is in the midst of a fight “for the world to be safer for women and girls”.

However the lawsuits shake out when they go to trial in 2026, Baldoni’s career has been destabilised – he was dropped by his agents after Lively’s allegations went public, lost work and his presenting role on a feminist podcast, and has little industry power or goodwill beyond a small if loud contingent of supporters. Lively’s future career is more of a question mark. She has no confirmed acting jobs on the horizon, and has spent at least the last decade of her fame attempting to mount side hustles, from a short-lived, Goop-style lifestyle site called Preserve, to her own brands of gin and haircare. Acting seems to have been less of a priority.

And it’s this that may ultimately decide where she goes from here. There is no real analogue in modern Hollywood for the drama surrounding Lively and Baldoni, which seems to be fuelled less by personal conflict than a scorched-earth creative tussle. It’s not Johnny Depp versus Amber Heard, though the volatility of the internet machine exploiting it for clicks is similar. The closest comparison may be the experiences of Kim Basinger, who was immersed in a litany of financial and professional scandals in the early Nineties that for years eclipsed her actual film career.

In 1993, Basinger was sued for breaching an oral agreement to star in the erotic thriller Boxing Helena , with the film’s producer claiming that Basinger “damaged my picture and my life”. A prolonged court battle ensued, and a jury eventually ordered her to pay $8.1m in damages, which forced her into bankruptcy. An appeal was launched in 1994, before Basinger agreed to settle for $3.8m. Around the same time, Basinger and her then-husband Alec Baldwin faced a raft of bad press amid claims of mutually poor behaviour on the set of their doomed comedy film The Marrying Man (1991) – he was accused of throwing constant tantrums, she of holding up filming by spending hours in her trailer bathing in sour cream and milk. She later described the period as “open season on me”, her “persona … blown up in all these proportions that even I myself would say I have no idea who that is”. She was speaking in 1997, after a three-year hiatus from movies, and promoting LA Confidential , which would win her a best supporting actress Oscar.

Basinger’s break from acting allowed the heat around her to die down. It’s different now, of course – the pre-internet age meant that your average man on the street likely didn’t know about the Boxing Helena lawsuit and the shockwaves it sent through the industry back then. But that Basinger stepped away, then returned in a role that pocketed her one of Hollywood’s greatest honours, is proof that sometimes the best way to survive scandal is silence. Another Simple Favor is only coloured by the bad luck of its release date. If it came out six months ago, or was even delayed to next year, you likely wouldn’t find yourself wincing at Lively’s character threatening someone with the line: “I will sue you into oblivion”. Coming on the heels of months of dramatic Lively discourse, her presence here feels slightly wearying.

The thing about Basinger in the Nineties, though, is that she still wanted to act. A bigger question for Lively may be whether she does too. In one text out of hundreds of exchanges between the actor and Baldoni that his legal team published online in January, she was transparent about her creative restlessness. She describes being “hired as a writer [for a past film] and paid a significant fee for it but on the condition that I never ask for credit”. She mentioned another instance, too, in which she was misled about having her voice valued on a set, only to discover later on that she was “just wanted as a ‘yes man’ audience and actor”. They echo comments she made at a Forbes magazine event in 2022, in which she described being unfulfilled by being hired exclusively as an actor on films, and her wish to be involved in “the writing, the costume design and in creating the character.” She continued: “I don’t want to just be an actor, I want to have more authorship.”

It wouldn’t be too surprising if Lively got the authorship she’s been looking for on the set of Another Simple Favor – Feig has long had productive relationships with his female actors, among them Melissa McCarthy and Kristen Wiig, and has spoken highly of Lively. And Emily undeniably feels like her creation: a big-haired, outrageously outfitted glamazon who sparks as much wonder as she does envy and aggravation. For better and worse, it is the ultimate Blake Lively role. If it’s her last for a while, even better.

‘Another Simple Favor’ is streaming on Prime Video"
Emma Jane Unsworth: ‘Women are told to feel ashamed of our fantasies’,https://www.independent.co.uk/arts-entertainment/books/features/emma-jane-unsworth-interview-slags-book-b2743222.html,,arts_culture_celebrities,independent,"A sk me anything at all – I’m really unoffendable!” Emma Jane Unsworth has unwittingly uttered the phrase every interviewer longs to hear – though the invitation isn’t that surprising. It feels reassuringly on brand for the author of some of the past decade’s most daring and subversive books exploring the millennial and Gen X female experience. You only have to read Animals , her gritty, zeitgeist-capturing 2014 novel about two friends “ruining their bodies” by living in a constant state of off-their-tits hedonism, to know that here sits a writer unafraid to grasp the nettle of boundary-pushing subject matter. Described as “ Withnail for girls” by an admiring Caitlin Moran, the book was subsequently adapted into a feature film starring Holliday Grainger and Alia Shawkat.

Unsworth’s follow-up, 2020’s Adults , traverses the thorny territory of miscarriage, mental health and social media addiction; her latest novel, the provocatively titled Slags , is an equally unflinching foray into first love, fantasy and sexual identity.

“It’s got to be a bit scary, I think, hasn’t it?” Unsworth says of her work. “Quite often I’m cringing when I’m writing, and quite often I’m terrified – like, ‘shall I put this? Really?’”

That rawness translates into realness on the page; Unsworth has a knack for sketching out nuanced characters who feel viscerally alive. Slags is no exception, told from the perspective of 41-year-old Sarah as she and her younger sister, Juliette, embark on a birthday road trip to Scotland, which segues into an uncomfortable yet poignant trip down memory lane.

While Unsworth’s women are often plagued by inner turmoil and darkness, they are also whip-smart and belly-laugh witty – unlike a lot of the wilting protagonists found in the trendy “sad girl” literary trope . “We should be allowed to contain all these multitudes – able to be very funny, but also really troubled and lost and messy,” she says. “For me, that’s what carries the momentum, the joy in that sharp dialogue.” You can get away with a lot, she adds – and have characters doing “pretty awful things” – if you make them fun to be around. “Then your readers will come along for the ride and enjoy it.”

Unsworth thrums with energy when I meet her at a London café in the build-up to publication day. Clad in wide-legged, white pin-striped trousers with a matching waistcoat, she’s the kind of effortlessly cool forty-something woman who would be intimidating were it not for her instant, disarming warmth. Pale skin is complemented by strawberry blonde curls, tamed and pulled away from her face; dark blue eyes are clear and bright as she talks a hundred miles a minute in her subtle Mancunian twang. “A few weeks ago, I felt sick with nerves,” she admits of Slags ’ forthcoming release. “Now, I’m calm. It’s in the hands of the book gods.”

The book’s plotleaps back and forth through time, oscillating between Sarah as an adult and as a teenager. Do we ever truly shake off the identity that is set for us in those formative years? “I think we come of age over and over again in life,” Unsworth answers thoughtfully. “And I think at those points, that’s when we feel like we’re defined. That definition, when you’re young, can be so shaped by other people, so much to do with what other people tell you that you are.”

Her own teen self was “gobby”, loud and attention-seeking – but she “wasn’t very solid”. “Part of the inspiration for the book was just wanting to make myself, the teenage me who’s still inside, more resilient,” Unsworth says. Fifteen-year-old Sarah fits the same mould. With so many hormones kicking around, she sizzles with power and confidence yet is quivering with fragility and innocence beneath the brash facade. It’s an affliction that, Unsworth believes, impacts teenage girls no matter which era they’re born in: “You have all this desire and a burning urge to express yourself and work out who you are and put yourself out there. But at the same time, you’re really vulnerable.” How can we empower and protect teenage girls at the same time? “I feel like that’s what we need to do, but I don’t know what the answer is. The book is in some way an exploration of that dilemma.”

She posits that female fantasy could be one essential outlet, offering young women agency and autonomy in a world that often robs them of both. The young Sarah lives inside a world of romantic make-believe so potent it seems to warp the very fabric of reality to fit the narrative in her head. “I think we’re encouraged to feel ashamed of our fantasies, especially women,” muses Unsworth. “It’s like a dirty, silly word, all frilly knickers and s*** porn. But actually, fantasies can be so nourishing and valuable and strengthening. I’ve definitely used them as such a healing place in my life.”

Since her own adolescence, Unsworth has had a “big recalibration of who I am and what I want” about once a decade. Much of her former sense of identity was bound up in the vision of herself as the eternal “party girl” , epitomised by the uncouth, seize-the-night double-act in Animals (“I will always push the f***-it button. I love pushing the f***-it button,” she jokes). Her writing frequently explores the relationship between female characters and their drinking and substance-taking; there’s a fascination with the sometimes blurred distinction between addict and hedonist.

Unsworth very much defines herself as the latter. For her, there’s always been something inherently romantic about the idea of intoxication; it symbolises “freedom, a tipping point”. “Addiction is a trap and it’s a disease, and it’s a terrible thing that ruins whole families and lives,” she says, “but for me, my relationship with drugs and alcohol has always been about oblivion. They represent a chaos that means you can be and do anything. It’s almost like a place you go and disintegrate from everything that society expects you to be…”

But there are some societal expectations it’s near-impossible to escape. Getting on it every night simply isn’t compatible with Unsworth’s current life as a mother of two young children and daughter of ageing parents; it’s a gear shift that part of her has fought tooth and nail against, part of her has submitted to. “Parenting is its own kind of joy, and its own responsibility – my children need a lot from me physically right now.”

Having had kids in her late thirties, Unsworth both loves and wrestles with the role of “mother”. “Regret is something that interests me,” she says, “And I speak as someone who constantly questions whether it was the right thing for me to have children personally, as well as feeling very grateful that they exist.” While any big life decision feels heavy, the baby question is on a whole other level, she argues – “it’s such a gnarly one for women”. As someone who feels the absurd weight of that choice increasing exponentially the closer I get to 40 myself, the observation hits home.

It’s a theme that’s adroitly navigated in Slags . Sarah is a Gen X workaholic who’s voluntarily single; her younger sister has done the marriage and kids thing. The former laments that “it is so hard to walk the walk of being a childfree woman ”, even by choice – and though Unsworth is no longer walking that particular path herself, its challenges still resonate. “It’s really insidious, the way that pressures are put onto women to do certain things and be a certain way by a certain age,” she says. “We’re still advertised that it’s more valuable to have a life if you’re a mother, and that there’s only one way to be a mother.” But she has always fought to present a counter-narrative in her work – “different happy endings, different routes that are equally meaningful and valuable and fulfilling.”

What’s perhaps most enchanting about Slags is the central relationship between the two sisters. It’s gratifying to see in literature what has been deftly achieved on screen in recent years in shows such as Phoebe Waller-Bridge’s Fleabag and Aisling Bea’s This Way Up : an irresistibly authentic depiction of the female sibling dynamic in all its knotty complexity.Sarah and Juliette hold a mirror up to one another, the only people schooled in their own secret language built on a lifetime of shared cultural references and experiences.

Inspired by the relationship between Sarah and Juliette – they speak of a “heart alarm”, a golden thread attached to the ribs that runs between them – and my own sister/soulmate, I wonder aloud whether siblings can end up being the real loves of each other’s lives. “Oh, completely,” agrees Unsworth, herself a big sister (a status that, she believes, has defined every other relationship she’s ever had). “Who else do you have a shared history with like that?” She describes the relationship she has with her younger sister – three years Unsworth’s junior – as the “most complicated” of her life. After growing up together, you’re left with something that’s “extremely complex, durable, heartbreaking, terrifying but edifying,” says the author.

On top of “big sister”, Unsworth has recently acquired two new labels following an ADHD and autism diagnosis last year. The former was expected; the latter, not so much. The revelation has prompted her to probe the interplay between neurodivergence and intoxication. “It’s made me think about how much I’ve used things like alcohol, because it’s a coping mechanism, at parties and things like that – as well as really enjoying it.”

But there’s undoubtedly been a generational shift when it comes to getting s***-faced. In Slags , Sarah is dabbling in sobriety but finds it painfully boring; she mourns “the slow limp of Saturday nights where no one went out any more to pound pavements with their passion or fury”, noting that Gen Z prefer coffee and conversation to pubs and clubs. Though she’s not judging the next generation, Unsworth doesn’t necessarily believe the shift from binge-drinking to wellness culture has been as “healthy” as it sounds.

“The ideas about what’s beautiful and the way that women should look… sadly, it’s not all this free and easy wellbeing goodness, ” she says. “I actually think there’s still a lot of pressure and a lot of anxiety , a lot of damage being done to people.”

She believes there’s something to be said for letting go and losing control on occasion, arguing that a big night out can cut through life’s noise and stresses. “It feels like a cleanse, when everything’s razed to the ground,” she says wistfully. “Every now and then, you just need that big fire for your head...”

A cognitive reset is as likely to come from the shocking temperature change between the beachside sauna and ice bath in Unsworth’s adopted home town of Brighton as it is from mind-altering substances these days. But it might not be that way forever. She has a fantasy of herself in her seventies, running around Soho, drinking and dancing and having a wild old time. I can picture it too: silver curls untamed; eyes still clear and bright; a cocktail in one hand and a large glass of wine in the other. “I think there’ll always be a party girl in me,” she says with a smile. “She’s having a little bit of a nap at the moment – but she’s going to be back on her feet raging again in the future.”

Slags is published by HarperCollins on 8 May"
A 10 Things I Hate About You reboot without Heath Ledger is insanity,https://www.independent.co.uk/arts-entertainment/films/features/10-things-i-hate-about-you-reboot-heath-ledger-b2746364.html,,arts_culture_celebrities,independent,"H eath Ledger in 10 Things I Hate About You remains one of the key definitions of a “star is born” performance. Tall, handsome, with blush-worthy levels of camera-ready magnetism, Ledger sauntered into the pop-culture consciousness in 1999 as a chain-smoking (rumoured) bad boy teen paid to take an arty cool girl (the similarly luminous Julia Stiles ) to prom. Allowed to retain his Aussie accent, Ledger is ludicrously charismatic in the film , all lackadaisical flirtation and alluring ambivalence. Can you even imagine 10 Things … without him? Well, imagine no more: a Heath-less reboot is in development. Is nothing sacred etc...?

Despite celebrity deaths typically halting unasked-for revivals in their tracks (remember how close we got to a second Mrs Doubtfire in the months before Robin Williams’s death in 2014?), a trilogy of sequels to 10 Things I Hate About You is coming down the pipe. The original film’s director Gil Junger has confirmed that each new movie will explore different stages of adult life , which will be reflected in their respective titles: 10 Things I Hate About Dating ; 10 Things I Hate About Marriage ; and 10 Things I Hate About Kids . How do I loathe thee? Let me count the ways.

Junger said that he is open to cast members from the first film returning for “cameos” or “small parts”, mentioning Larry Miller by name – the actor who played father to Stiles’s moody wallflower. Absent, though, obviously, would be Ledger, who died in 2008 at the depressingly young age of 28. But don’t worry, Junger told the magazine People , it’d be “a beautiful idea” to somehow nod to Ledger in the new movies, adding: “He deserves to be loved.”

Sure! But isn’t there something particularly grim about this, even for an age in which absolutely every bit of pre-existing intellectual property (IP) – The Bodyguard (maybe) with Taylor Swift! Single White Female with Jenna Ortega! Legally Blonde without Reese Witherspoon! – is being strip-mined for parts? 10 Things wasn’t a film led by its premise, which more or less mirrored the conventions of every other major teen movie in 1999: finding love through deception, prom night entanglements, enemies to lovers, Shakespeare-aping silliness (as any GCSE English student will tell you, its plot was inspired by The Taming of the Shrew ). What made it a generational classic was Ledger and Stiles, two preternaturally gifted young actors with intelligence and wit in spades, along with the particularly skilled cast that surrounded them (Joseph Gordon-Levitt, Gabrielle Union and David Krumholtz). And it was also down to the unusually thoughtful, character-driven script by Karen McCullah and Kirsten Smith, who made sure that Stiles’s moody Kat Stratford was never shamed for being a snarky, alternative bookworm, or transformed – She’s All That -style – into something more aggressively conventional.

McCullah and Smith are, at this point, not involved in the revival, suggesting this is very much a Gil Junger project. And you can hardly blame his eagerness. Junger, whose last significant movie was 2001’s Martin Lawrence medieval romp Black Knight , has been attempting to mount 10 Things reboots since 2009, first with a short-lived TV series inspired by the film (you probably don’t remember it either), then in 2012 with the film sequel 10 Things I Hate About Life starring Evan Rachel Wood. If that’s inspired you to say “huh?”, it’s because it never got finished – production was cancelled two months into filming.

I understand the impulse for a filmmaker to try and further monetise his biggest hit, but 10 Things I Hate About You isn’t an incredibly flexible bit of IP that can exist as little more than a brand name. It is specific and singular, something only crystallised by the death of its biggest name. I also can’t see anyone being particularly interested in it, either. Without Ledger, there won’t even be the slim pleasure of watching old castmates reuniting (which seems to be the sole impetus behind the forthcoming Freakier Friday with Jamie Lee Curtis and Lindsay Lohan).

It’ll just be the most currently unemployed cast members from a perfect film from 25 years ago, vainly attempting to resurrect its magic – and what a miserable idea that is."
