title,url,summary,category,source,full_content
‘Girl math’ has to go: The CEO at Revolut who never applied for a job,https://www.independent.co.uk/news/business/revolut-yana-shkrebenkova-interview-investing-b2738073.html,,business,independent,"I magine your journey into your current job. Did you have to go through multiple interviews? Perhaps even apply for dozens of roles before you snared the right one ?

If so, you might benefit from a different approach – at least, according to the experiences of one very successful figure in the finance world.

Yana Shkrebenkova is the chief executive at Revolut Trading UK, the investment product arm of the company you’ll know from app stores, adverts and quite possibly your own accounts.

After undertaking a degree at Exeter University and before moving into her present role, Ms Shkrebenkova had already worked with or alongside Deutsche Bank, Accenture, Credit Suisse and Goldman Sachs. The sum total of job applications made during her career sits at zero.

“I took advice from all my lecturers to build your network very seriously – my first job found me rather than I found the job. People I studied with referred me to Deutsche Bank,” she explained to The Independent .

“None of my jobs I’ve applied for. It’s all about network. You build it not just at work but through people you work with and all the referrals happened through people who worked with me or for me.”

Deutsche was only the beginning of the theme; working alongside employees from Accenture led to another job offer while industry upheaval beset colleagues and the wider firm alike. Then along came a new name on the banking scene.

“Revolut came up. Somehow it found me. I was approached for the role and I’m not going to lie – when I saw CEO on the job spec I was surprised, but the recruiter was convinced, the interviewers were convinced and, by the end of the process, so was I,” she explains. The CEO title is one of two parts to the day job: Yana is also head of wealth and trading at the company, bringing the features most users actually engage with.

It’s a long way from her original tasks of reading company reports or helping large firms with digital transformation, but speaking with her, it doesn’t take long to realise that new horizons are there to be embraced, not avoided.

“I’m the most curious person you’ll probably ever meet and it drove me to new challenges. Even when I had no clue what it was, I took it on,” she says. “I just jump into some opportunity and learn. Looking into something new, diving into something new... I love it.”

That’s not to say working in finance has been routine or easy all the time.

Ms Shkrebenkova isn’t afraid to acknowledge that part of that challenge has been down to her gender and her success in an industry where change has come slowly.

Being the only female on the team was a regular theme early in her career, while she also pointed out that once senior positions came her way she began to “realise what those articles were about” – assumptions and comments were made where previously, male colleagues had been helpful. “I had to deal with a lot of that. I had to put pressure on myself to be better and better and not care what anyone said.

“But change is coming. I see increasing amounts of women in these rooms; at startups and venture events there are a lot more women being founders, CEOs and investors – this is great,” she points out.

Women working within the industry is only one side of the story though, in finance terms. The other side is in what women do with their money.

In case you haven’t heard, data shows they earn better returns than men with their investments .

Revolut’s data on the subject led Ms Shkrebenkova to partner with Female Invest; ripping up the social media “girl math” tag, the idea was not just to embrace the numbers but to empower more to begin their journey of wealth-building.

“Girl math is understood differently by different people. A lot of people in the UK use it as a joke when things go wrong so no, I do not like that connotation,” she said.

“For me, from Russia, I had to ask the copy guys what was wrong – I thought girl math was a good thing. So it was really refreshing to see women doing well in investments... but it’s not a new thing. But it was very exciting to see that in real data and I wanted to see what we could do to empower more women.

“What I see in new investors, there’s a fear, a lack of knowledge in terms of the jargon in the industry for decades distracting people and putting boundaries in. I wanted to reduce those boundaries and I guess if you use the products, we’re trying to make it easier and put out as much information [as possible] to allow people to learn and make decisions.

“That message empowers them, saying you’re doing really well as a cohort.”

Reducing language barriers, giving examples and increasing accessibility to investing isn’t just a women-specific thing; if the UK government is serious about developing a culture of investing , then education has to be far better for everyone, and start far earlier.

For companies like Revolut, the challenge has to be about how to contribute to that discussion and education without appearing – or better yet, without being – self-serving over the matter. After all, they are an investment platform, among other things.

Ms Shkrebenkova gives the example that some people already invest without knowing it, due to their pensions, and speaks of “learning on the job” in investing: seeing when a company is in the news, what affects share prices and more.

As for her own investment ethos? Naturally, it follows that curious approach that dictates other areas of her professional career: what she sees, learns, takes interest in and understands about its place in the world.

And, like investing, her career is a journey, with a chief exec role just another successful step – with more clearly still ahead.

“Not many people ask what’s next because CEO feels like the end,” she points out. “But I’m early in my career; I could potentially go into academia and do research; I could teach students because the energy and questions they give are a really rewarding part of this job.”"
Major shareholder revolt against BP chairman amid climate clash,https://www.independent.co.uk/news/business/major-shareholder-revolt-against-bp-chairman-amid-climate-clash-b2735080.html,,business,independent,"Outgoing BP chairman Helge Lund received a near 25% vote against his re-election at the UK oil major’s annual general meeting in a shareholder revolt.

The company’s board was dealt a bloody nose from shareholders as it faced conflicting pressures over climate goals during the meeting at its Sunbury-on-Thames hub on Thursday.

It follows BP announcing a drastic shift away from investing in renewables in February after some shareholders pushed for a refocus on fossil fuels to boost its profits and share price, which have lagged behind its rivals.

But ahead of the AGM , a group of 48 institutional investors criticised the board for not offering a direct vote on the oil major’s revised strategy, while environmental groups fiercely criticised the climate row-back.

A resolution for Mr Lund’s re-election received a provisional 24.3% of opposed votes, which marks a major rebuttal for a FTSE 100 company.

Mr Lund, who played a key role in setting BP’s green agenda, announced he will step down as the company plots a new course, meaning votes against his re-election were largely seen as a protest.

Tarek Bouhouch, from the activist group Follow This, argued a vote against of 10% or more would have a “sole ESG purpose” and send a “strong signal”.

According to the campaign group, a vote against the chairman likely never breached 10% in the firm’s history, or at least in the last decades.

“Double digits is history,” Mr Bouhouch said, claiming BP had never seen an oppose vote hit 10% at an AGM, at least not in the last decade.

Equally, it is likely some shareholders opposed his re-election because they wanted to see more of a shift back towards fossil fuels.

During the 90-minute meeting, board members and executives discussed the new strategy, with a large sign saying “A reset bp” on the set above their seats.

Mr Lund spoke about recent concerns over energy costs and security and “more complex” geopolitical and trade tensions, adding this uncertainty “has had an impact on BP”.

He added: “The company pursued too much while looking to build new low-carbon businesses.”

The chairman sought to assure shareholders that “lessons have been learned”, adding every board meeting in the last year had been focused on a new strategy.

Chief executive Murray Auchincloss told the meeting: “We were optimistic for a fast transition but that optimism was misplaced.

“A fundamental reset was needed which is exactly what we’ve done,” he added, telling investors that the board’s “one simple goal” is to “grow the long-term value of your investment.

“We recognise the valuation gap between BP and our peers and we intend to close it,” he said.

Mr Auchincloss also claimed the energy “transition remains important for BP” but the company will be “disciplined” about how it invests in green technologies going forward.

Matt Crossman, from institutional investor Rathbones, asked the board why shareholders had not been offered the vote on the new strategy, citing the fact a large swathe of shareholders voted in support of the previous net zero plan in 2022.

Mr Lund argued they have been encouraged by shareholder support for the reset after “very, very comprehensive engagement” in recent weeks.

“The majority of our shareholders are not asking for a vote on climate,” he said.

He also argued BP’s net zero ambition by 2050 is “consistent” with UN climate goals, adding details were laid out “very, very extensively” in its annual report.

Later asked about how US President Donald Trump’s tariffs are affecting the business, Mr Murray said: “Overall, the impact on our business so far is not material.”

Dame Amanda Blanc, a senior independent director at BP who is leading the process to find Mr Lund’s successor, said the search is under way and moving at pace.

Mark Van Baal, from Follow This, said the opposition to re-electing Mr Lund also sent a “clear signal” to Dame Amanda that the new chair “needs to be climate and transition competent and resistant to short-term activists”.

He added: “BP’s recent strategic U-turn appears to be driven by panic after a short-term activist reportedly bought shares in the company. We’re hearing significant frustration from long-term investors about this.”

Back in 2020, BP announced some of the most ambitious goals among fossil fuel companies to cut oil and gas production by 40% by 2030 and invest heavily in renewables.

However, BP has now said it wants to increase its production to between 2.3 million and 2.5 million barrels of oil per day by 2030.

It came after it made about £7.2 billion in profit last year, which was down a third compared to the year before, after oil and gas prices fell from the highs seen in the wake of Russia’s invasion of Ukraine.

But the move, which contradicts guidance by global energy bodies designed to help limit climate change, has angered some shareholders and environmental groups.

According to the International Energy Agency , no new fossil fuel projects are compatible with limiting global warming to 1.5C compared with pre-industrial levels, a goal adopted by most of the international community.

Security was tight at the Sunbury-on-Thames venue after previous AGMs were extensively disrupted by climate activists.

A small group of environment and pro-Palestine protesters, who held shares, said they tried to enter the building but were forcibly dragged out by security and moved to what they described as a “protest pen” outside."
Dividends appeal when stocks fall but can’t be investors’ only thought,https://www.independent.co.uk/money/dividend-shares-stock-markets-how-to-choose-b2737967.html,,business,independent,"Investors have faced a tough start to the quarter, with steep downturns across major stock markets . Amid continuing volatility, those following a single-minded growth strategy may be looking at a long recovery .

In these conditions, it’s easy to see the appeal of dividend stocks, which deliver a return by paying a monthly, quarterly or annual dividend from a company’s profits. These returns can be achieved even during volatile periods and often even if the company’s share price falls.

If receiving a regular income from your investment portfolio appeals to you, perhaps now is the time to explore income investing .

To start with the basics, we must understand that investing in stocks and shares can generate a return in one of two ways.

Firstly, the shares you buy might increase in value over the period of ownership, meaning that you can sell them at a higher price than you bought them for and pocket the difference (minus costs and taxes). Pursuing capital gains this way is described as growth investing.

This strategy relies on identifying companies with the best growth prospects and, usually, investing in them for the long term.

Secondly, if the companies you buy shares in make a profit during the period of ownership, they may distribute some of that profit to shareholders in the form of dividends .

Buying shares in these companies is a strategy known as income investing. Income investors aim to select well-established, profitable companies for their portfolios, potentially with high expected dividend yields.

It’s also useful to remember that in the UK, you won’t pay tax on either type of returns if they are held in an Isa.

To compare the expected return from dividend stocks, one important ratio to look at is the dividend yield. This shows the dividend per share as a percentage of the share price.

For example, if you bought shares at £80 each and these pay an annual dividend of £4 per share, your dividend yield would be five per cent. In 2025, a dividend yield of above six per cent would be considered high for a FTSE 100 stock. Right now, around 14 offer a higher yield than that.

However, dividend yield should never be taken in isolation as an indicator of a stock’s strength; it only describes the relationship between the dividend per share to the share price.

As such, a declining share price can have a positive impact on a company’s dividend yield in the short term if the company maintains its dividend payments - but if a declining share price is due to underperformance of the business, this higher yield could soon prove to be unsustainable.

So, before buying into a dividend stock, be sure to look into the context behind the yield and at other performance metrics, including the dividend cover. Consider the company’s long-term prospects of profitability and what it adds to your portfolio.

Some of the reasons you might consider income investing include if you’re hoping to reduce the impact of market downturns on your overall portfolio, or if you want a somewhat predictable return on your investment, since dividends are typically paid at regular intervals.

For those perhaps nearer the end of their investment journey than the start, predictability might be key.

So dividends rather than share price growth may appeal if you don’t want to wait for years for growth to take effect, if you’ll be relying on payments from your investments to cover specific costs or supplement your regular income, or if you simply have a lower risk tolerance, since equities with the highest growth potential often involve the greatest risk.

However, you should note that:

Of course, you don’t have to pivot entirely to income investing. You may want to achieve a balance of growth and income investments within your portfolio to withstand a range of market conditions.

You also don’t have to withdraw the dividends paid on your investments – you can choose to reinvest them if you’d prefer to see the value of your portfolio grow, through the process known as compounding .

If you’re considering adding income investments to your portfolio, you might look at companies with a strong history of paying or increasing dividends, or income funds with an investment objective of providing regular income payments.

Choosing dividend stocks gives you more control over the companies you invest in. As such, you should be sure you’ve fully researched the companies in question and feel confident in the expected share performance. Gains, losses, and changes to dividend yields will all have a magnified impact if you only invest in a small number of companies.

With an income fund, the fund manager will select investments in alignment with the fund’s objective. Funds are considered lower risk than stocks since they offer in-built diversification.

If you’re looking to further reduce the risk profile of your portfolio, you might include some bonds, which also fall into the category of income investments . These are considered lower risk than equities but also tend to offer lower returns. Some income funds may include bonds as part of their stable performance."
Brian Cox says Trump’s tariffs would be ‘absolute disaster’ for upcoming film,https://www.independent.co.uk/news/business/brian-cox-says-trump-s-tariffs-would-be-absolute-disaster-for-upcoming-film-b2745622.html,,business,independent,"Scottish actor Brian Cox has said Donald Trump’s plan to impose 100% tariffs on non-US movies would be an “absolute disaster” for his upcoming film.

The US president said in a post on his Truth Social platform that he has authorised government departments to impose the tariff “on any and all movies coming into our country that are produced in foreign lands”.

The film industry has raised concerns that this would impact freelancers in the UK and would be difficult to enact.

Cox, 78, told Times Radio that Mr Trump’s administration is “not really understanding the point of view of how films are made, and what films cost, (how) the cost of films (has) gone up and the cost of films in America went up considerably”.

“So it’s not quite right to say Hollywood’s being ignored, things have moved on, it’s become nationwide in America,” he added.

“It’s a kind of nonsense and a divine ignorance on all their parts.”

Cox said that US films have “moved” in a different direction towards other cities such as Atlanta, and away from the previous hub of Los Angeles.

He added: “I’ve just directed my first movie with a very modest budget in Scotland, we don’t make a lot of films in Scotland.

“And the idea of (a) 100% tariff on my film would be a disaster, an absolute disaster.”

The Succession star also said the move is “going to make everything more expensive”, and said the proposal had not been “thought through” by American actor and Oscar winner Jon Voight , who put the plan forward to Mr Trump.

Cox, whose upcoming project Glenrothan sees Scottish star Alan Cumming play his brother, said he would “happily raise” his concerns with the UK Government.

When asked about the strong entertainment unions in the US having an effect on the industry going abroad, he said: “I think that’s partially true… everyone’s trying to make a film for the (best) amount of money.”

Tim Richards, founder and chief executive of Vue, told the PA news agency on Tuesday that there had been “hope” the filmmaking industry, which is now “scrambling”, would escape from tariffs.

He added: “I think the announcement itself probably raised more questions than answers, and with all of these things the devil will be in the details, trying to work out what constitutes a US film, what constitutes a foreign film.

“What are the tariffs and how will they actually be applied to film production, given that it’s an art form, it’s kind of an intangible item that’s not something you can put in your pocket, not something you can drive. And how would they actually do it?”

Mr Richards said the industry will “take some comfort that there will be a further discussion” with Mr Trump in an upcoming meeting.

However, he disagreed with the US president’s assertion that the American film industry is dying, saying it “is not”, but pointing out it “got hit hard by the pandemic and then by the (Writers Guild of America) WGA and Sag-Aftra (which represents actors) strikes”.

Mr Richards appeared sceptical that it would hit cinemas in a big way, as “we’ve been through a pandemic, and we’ve been through strikes, and we’re still here”, and said the “commitment to filmmaking by the studios is unprecedented”, citing Amazon MGM Studios increasing its slate of upcoming releases.

He also said that US companies filming in the UK will continue as “there are unique historical, geographical or even topographical locations in the UK, and that’s all on top of tax credits”, and said the impact will be minimal on foreign films as they “have never done that well in the US”.

Mr Richards added: “Film production has been moving out of southern California and Hollywood for some time, and there have been very aggressive tax breaks put in, particularly in the southern states, but across the country, to encourage filmmakers to go down and shoot their films in the Deep South.

“Internationally, it tends to be Canada, the UK and Australia, and then kind of a number of other markets beyond that that also have tax credits put in place.”

Philippa Childs, head of the Broadcasting, Entertainment, Communications and Theatre Union (Bectu), said the tariffs “could deal a knockout blow to an industry that is only just recovering and will be really worrying news for tens of thousands of skilled freelancers who make films in the UK”."
Deliveroo takeover: What is DoorDash and what will the sale mean for customers?,https://www.independent.co.uk/news/business/deliveroo-takeover-what-is-doordash-and-what-will-the-sale-mean-for-customers-b2745641.html,,business,independent,"Food delivery app Deliveroo is being snapped up by US rival DoorDash in a takeover deal worth £2.9 billion.

The two firms said they will merge to cater to about 40 countries around the world with a combined population of one billion people.

It is also the latest example of a UK-listed business leaving the London Stock Exchange and being taken over by a US firm.

Here, the PA news agency looks at what the takeover will mean for customers, staff, and the London stock market.

– What has been agreed?

San Francisco-based DoorDash has agreed to acquire Deliveroo, which is currently listed on the London stock market.

DoorDash has offered 180p a share in cash for the delivery firm, valuing it at around £2.9 billion.

The deal is expected to complete between October and December this year but will need to be approved by Deliveroo’s shareholders.

– What is DoorDash?

DoorDash is one of the world’s largest local commerce platforms with more than 42 million customers in 30 countries, delivering to homes across urban, suburban and rural areas.

It is a similar business to Deliveroo, having been founded in 2013 and starting out as a food delivery company, before expanding its offering beyond takeaways to things like groceries, flowers, and pharmaceuticals.

However, it has grown to be much bigger than its UK-based competitor and offers a wider range of services including technology, logistics, and campaigns for merchants and small businesses.

DoorDash has its shares publicly listed on the US’s Nasdaq index and has a market capitalisation of about 93 billion US dollars (£70 billion) – compared with Deliveroo’s £2.2 billion.

Nevertheless, Deliveroo operates in nine countries that DoorDash currently does not – the UK, Belgium, France , Italy, Ireland, Kuwait, Qatar, Singapore, and United Arab Emirates.

– What does it mean for customers?

The firms have said it is too early to say what the takeover will mean for the Deliveroo brand, including whether or not the name will be kept when it merges with DoorDash.

Deliveroo has built a recognisable brand in the markets it operates, with its popularity surging during a pandemic boom in home deliveries, and as it grew its roster of delivery partners including restaurants, supermarkets, and retailers.

Until the acquisition goes ahead, nothing is expected to change for customers.

However, the firms have said the tie-up will bring new countries to DoorDash’s network, while Deliveroo will benefit from the US firm’s size and scale, allowing it to invest more in products, technology, and the customer experience.

Will Shu, Deliveroo’s co-founder and chief executive, said the deal marks the “beginning of a transformative new chapter” for the company which will see it join up with a “like-minded” business.

– What does it mean for staff?

DoorDash is expected to kick-start a six- to 12-month review of the merged group once the deal completes.

It said that, while it is too early to confirm the exact changes that will be made, it expects a potential reduction of around 1% to 3% of the combined workforce, largely in general administrative and business support roles.

But the firms stressed that DoorDash does not plan to make major changes to Deliveroo’s London headquarters.

The buyer also confirmed it will honour the agreement between Deliveroo and the GMB trade union – which represents the firm’s drivers and riders.

– What has been the reaction to the deal?

The sale follows a chequered time for Deliveroo since it listed in London four years ago, raising £7.6 billion during the flotation.

Its share price immediately dropped after the launch, and is now about half the value it was at its peak in 2021.

Kathleen Brooks, research director at XTB, said the deal has been a “long time coming”, adding that it is “good news for short-term holders of Deliveroo shares, but it is still a blow for those who have been holding the shares since the IPO (initial public offering)”.

“Deliveroo’s sale is the end of the road for one of the most hyped IPOs in the UK in recent memory, which ended up promising more than it could deliver,” she said.

Russ Mould , investment director at AJ Bell, said there has been “widespread consolidation” in the food delivery market, with a number of tie-ups announced recently.

“We’re now in the phase where only the strongest will survive and they’re the ones picking up smaller rivals who realise their future is best part of a bigger entity, not going it alone,” he said.

– What does it mean for the UK?

Deliveroo joins a growing roster of London-listed companies being taken over by US firms.

It will join the likes of Morrisons, Hotel Chocolat, cybersecurity firm Darktrace, cinema chain Curzon, and others which have been snapped up by US-based buyers in recent years.

The trend reflects buyers swooping in to acquire UK-listed companies when their shares are cheaper, often helping them get bigger or pick up smaller competitors.

The Government has been accelerating efforts to drive more investment into UK businesses, including reforms designed to make listing on UK stock markets more attractive."
Bank to delay rates announcement due to VE Day two-minute silence,https://www.independent.co.uk/news/business/bank-to-delay-rates-announcement-due-to-ve-day-twominute-silence-b2745674.html,,business,independent,"The Bank of England is to delay its decision on interest rates on Thursday because of the two-minute silence to mark the 80th anniversary of VE Day.

Britain’s central bank said it will publish the announcement at 12.02pm rather than the usual time of noon, with its quarterly economic forecasts and minutes of the decision also due to be published two minutes later.

It will mark a rare divergence for the Bank from its traditional noon announcement, which is watched closely by savers, borrowers and financial markets in the UK and worldwide.

The Bank last postponed an interest rates decision in 2022, when it was put back by a week due to the national mourning period following the Queen’s death.

The Bank’s Monetary Policy Committee (MPC) is expected to vote to cut rates to 4.25% from 4.5% when the decision is announced.

Inflation has fallen in recent months, which is likely to indicate to policymakers that interest rates – which are used as a tool to control inflation – can continue to come down.

Consumer Prices Index (CPI) inflation slowed to 2.6% in March, from 2.8% in February, according to the latest official data, though many experts are forecasting it will rise later this year.

The rates decision also comes against a backdrop of mounting uncertainty over the economic outlook due to the global tariff war sparked by US President Donald Trump.

Economists have said UK economic growth is likely to be slowed by elevated levels of uncertainty – with some businesses set to suspend investments and consumers to decrease spending.

Others have said countries such as China, in the face of higher charges on exports to the US, will reroute trade and lower import prices for other countries, which could result in lower prices for UK consumers.

Combined with other factors, including a weaker US dollar and falling oil prices, this could put downward pressure on inflation, according to economists.

Rob Wood, chief UK economist at Pantheon Macroeconomics, said back-to-back rate cuts in May and June could be likely, but added that “accelerating inflation will keep MPC guidance cautious”.

He said: “The MPC can get away with a couple of precautionary rate cuts back to back in May and June given the darker growth outlook, but we think rate-setters will continue to signal a gradual and cautious approach to easing after that.

“The MPC took an extended period to try and return inflation to target after the post-Covid surge, allowing inflation expectations to de-anchor modestly, so they have to put more weight on suppressing inflation now.”"
Amazon to roll out low-cost Haul service in the UK,https://www.independent.co.uk/news/business/amazon-to-roll-out-lowcost-haul-service-in-the-uk-b2745709.html,,business,independent,"Amazon has said it is rolling out a new shopping service in the UK which caps product prices at £20, as it seeks to take on low-cost rivals such as Temu and Shein.

The online shopping giant unveiled mobile-only shopping experience Haul in the US last year.

On Tuesday, Amazon said it has started a trial service of Haul across its shopping app for UK customers.

It is only the second location where Amazon has launched the service, following the US.

The service is initially being rolled out for beta testing to select customers when they next update the shopping app, before it is rolled out for all customers “over the coming weeks”.

Haul offers customers thousands of products for £20 or less, with the majority under £10, Amazon said.

The service will also have free delivery on all orders worth over £15, while shoppers can receive an extra 5% off their order when spending more than £50.

However, orders through Haul will arrive in “two weeks or less”, indicating shoppers could face longer shipping times.

John Boumphrey, UK country manager of Amazon, said: “We are constantly working to provide the best possible shopping experience for customers, and this is another way to offer low prices on a wide selection of products.

“Now more than ever we know our customers are looking to save, and we’re excited to provide more options through the shopping app they already know and love.”

The launch comes as Amazon seeks to battle the rapid growth of Chinese-linked e-commerce rivals which have seen sales soar in recent years.

In the US, the Haul platform became the centre of White House criticism following reports that Amazon planned to list tariff costs on the service.

Amazon later said it did would not detail the cost of the trade tariffs but that workers at Haul had briefly looked at itemising this on the platform but ultimately decided against the move."
Why Tesla’s fall forced Musk to step back from DOGE,https://www.independent.co.uk/news/business/tesla-elon-musk-doge-profits-share-price-stock-b2737802.html,,business,independent,"A t the start of the year, Tesla’s share price was at an all-time high.

Elon Musk , owner of the electric vehicle giant, was coasting on the win of his ally Donald Trump, and investors were hedging their bets that soon-to-be-President Trump would enact policies in favour of Tesla and the billionaire’s other companies.

But with an astronomical fall in share price, tanking sales and shrinking profits , the reality for Tesla has been far different – and much of it is tied to Musk’s public-facing role in the controversial Department of Government Efficiency ( DOGE ).

Tesla stock once made up the majority of Musk’s wealth, but now it is reporting huge drops in profit. The decision to step away from DOGE may show that Musk is not immune to Tesla’s downfall.

Within one month of Musk’s appointment to DOGE, Tesla shares were down 16.5 per cent. Within two, Tesla’s share price was down 45 per cent from when Trump came into office.

And Musk himself has lost an estimated $149 billion in wealth since taking the helm at DOGE; at $301 billion compared to $449 billion, according to Bloomberg’s Billionaire Index .

Tesla’s share price problems have been far from cosmetic. The business is facing significant headwinds, not least because of the intertwined reputation with its notorious leader.

In January and February, Tesla sales in Europe saw sudden dips , of 45 per cent and 39 per cent respectively year-on-year - despite steady growth in the European electric vehicle (EV) market.

The numbers behind this week’s latest earnings reports are, as expected, not pretty.

Quarterly profits of $409m contrasted starkly with last year’s $1.4bn figure for the same three months - and the 71 per cent drop represents the company’s lowest quarterly profits since 2020.

Actual vehicle sales reported this month were down 13 per cent to a little over a third of a million across the January to March quarter, with notable declines in China and parts of the US, while revenue of $19.3bn fell short of forecasts by more than $2bn and operating margins fell to 2.1 per cent.

“Earnings margin of 2.1 per cent is the lowest since Tesla approached break-even in 2019,” said Mamta Valechha, consumer discretionary analyst at Quilter Cheviot. “Free cash flow dipped to $660 million, but did not enter negative territory as capital expenditures were nearly halved compared to the prior year due to reduced investments.

“Tesla has [also] effectively removed its growth guidance for this year, no longer promising a return to growth in 2025.”

Additional factors affecting sales include competition from China ’s BYD (Build Your Dreams) , which undercuts Tesla on price, while frequent recalls of Tesla vehicles may also be doing little to boost confidence in the brand.

But it is impossible to ignore a major factor impacting its brand: Musk’s growing unpopularity.

Musk has made no secret of his increasingly controversial political viewpoints . From accusations of a nazi salute at the inauguration , to criticising Volodmyr Zelensky as “evil” over the war in Ukraine, it is easy to see how his actions have ruffled feathers.

As a result, a string of attacks have targeted Teslas in Europe and the US over the past few months, with clear anti-Musk messages .

Tesla owners have faced threats to sell their cars over “Nazi Extremism” in California, while even in the UK, campaign groups have applied pressure against Tesla cars and charging points .

Tesla shareholders are pushing back against Musk’s alignment with Trump; his decision to step partly away from DOGE indicates Musk is likely feeling the blowback himself.

Investors may have hoped that Musk’s role in the administration would see carveouts for Tesla in Trump’s trade war. But in fact, the electric vehicle brand is far from immune .

Tesla manufactures its electric vehicles in the US, which makes it less exposed to 25 per cent automotive tariffs than foreign brands.

But the tariffs are not just on finished cars; there is also a 25 per cent levy on all imported automotive parts, and Tesla relies on many parts imported from China, in addition to Mexico and Canada: the company is dependent on imported lithium iron phosphate (LFP) batteries to fuel its EVs, in particular using Chinese manufacturer CATL to supply its factories.

And China’s new restrictions on rare earth minerals and magnets have also impacted other projects from Tesla such as its Optimus humanoid robots.

With Tesla dependent on batteries and rare earth products from China, the trade war will inevitably hit its supply chain.

Following Tesla’s plummeting profits, it might have been expected that the share price could drop further - but the opposite has happened.

On Tuesday, the share price had risen 4.6 per cent; following the announcement of Mr Musk’s intentions to resume greater oversight of corporate rather than Capitol Hill activities, that trajectory continued.

Tesla shares are up more than seven per cent in pre-trading, set to open well above $250 per share - still a far cry from December’s peak.

Lowered expectations can explain part of it, as well as a broader desire from investors to see a bull run resume - from lower share price starting points.

“Tesla’s first-quarter delivery and production numbers were as ugly as its Cybertruck design. That meant expectations were rock-bottom in the run-up to its financial results and it’s why the shares didn’t tank upon release of the Q1 earnings,” noted Dan Coatsworth, investment analyst at AJ Bell.

“Certain individuals are spotting an opportunity and might take the view that Tesla’s significant share price decline has gone too far - they’re buying on the dip, hoping for a bounce-back and might view the recent sell-off as a once-in-a-lifetime chance to pick up shares in a previous stock market darling on the cheap. After all, the fundamentals still give bulls something to get excited about.”

Not everyone is quite as excited about those humanoid robots, self-driving taxis and energy storage products though.

“While Tesla is making progress on these initiatives, we believe the market and management commentary are overly optimistic about the timing. The narrative around Tesla’s stock and valuation remains heavily dependent on these future prospects,” Valechha cautioned.

It should also be noted, the uptick isn’t totally down to Tesla, Musk or anything to do with electrification - Trump’s China tariff climbdown has sent the S&P 500 two per cent higher in pre-trading, with the likes of Amazon and Nvidia up four per cent each.

Market volatility comes as standard in this second Trump term, and for Tesla which inadvertently became a crossover company to the political arena, that continues to go double."
BlackRock’s billions show it’s not all gloom for UK business,https://www.independent.co.uk/news/business/stock-markets-blackrock-interest-rates-uk-b2739490.html,,business,independent,"T he mood around UK business has ranged from cautious to desperate in the past few months as the economy battles inflation, tax grabs, rising labour costs and the prospects of US tariffs .

Add in constant political pressures giving a bleak outlook and the stock market plummeting in early April on the back of those tariffs, and UK plc could be forgiven for thinking 2025 might become a year to forget.

But perhaps all is not as bad as it was beginning to appear, with some important signs giving relief and optimism to some businesses who got a share price backing boost thanks to the world’s biggest investor, BlackRock , building stakes in multiple companies.

And the most imminent boost will be a cut to interest rates .

The Bank of England meets on 8 May and a 0.25 per cent cut appears all but guaranteed at this stage. And back-to-back rates cuts are entirely possible, bringing the Bank Rate down to 4 per cent by summer.

It would be the first time since March 2023 that the interest rate returns to that level, easing costs for business owners with debt and perhaps allowing more consideration to investment on projects and other spending which could spark opportunities for the growth the economy desperately needs.

Some businesses already look well-positioned to capture that growth, believes Larry Fink, chief executive at BlackRock.

“[The company has] allocated more capital back to the UK tactically now with the belief that in the short run, the new administration is trying to tackle some of the hard issues,” Mr Fink told The Times . “I think the prime minister is articulating the needs of what we have to do. I have more confidence in the UK economy today than I did a year ago.”

Pointing to some of the financial institutions that had seen their share price hammered this year as the FTSE 100 dropped along with other major stock markets, Mr Fink explained how BlackRock had taken stakes in different sectors in the belief the selloff was overdone.

“So many of the UK stocks discounts were too deep, especially like in the banking system. Look at the rebound in the valuations of NatWest and Lloyds and how they bounced. We added to our positions across the board with the idea that we believe the market was discounting too much negativity. And we believe the negativity was probably not warranted,” he said.

Having seen a significant drop from 3 April onwards, the FTSE 100 - the biggest firms on the London Stock Exchange - have bounced back somewhat and now remain up more than two per cent since the start of 2025, even if they have collectively not reached March’s high points.

Interest rate drops - while affecting households in terms of mortgages, savings accounts and so on - also impact investing . That is in part due to lower guaranteed returns from cash or like-cash holdings, meaning more risk may be taken on in the form of stock market equities. Rising share prices help improve investor and business confidence, while consumers may then benefit from having more money in their own pockets if rate drops mean they pay less on mortgages and other debt.

There are further positives in other sectors.

Retail sales rose almost half a percent in the UK during March, and that came ahead of April when the rise to minimum wage kicked in meaning more money in some workers’ pockets.

Jacqui Baker, head of retail at RSM UK, said: “Glimpses of warmer weather and improving consumer confidence meant retail sales continued its upward trend in March. Sales volumes rose for the third consecutive month, reaching their highest level since July 2022. The first quarter of 2025 suggests consumer spending is slowly starting to return, which should provide some reason for optimism in the retail sector.”

Then there’s analysis from Barclays, showing both wage growth easing and contraction in employment. Both of these factors will further ease pressure on the Bank of England when it comes to deciding rates cuts.

Small wins they might seem, and with little impact of individuals, but as we so often see in businesses, it’s those small wins adding up continuously which lead to the potential to outperform.

Awful April might just be closing with reason to face May and beyond with a more careful measure of optimism."
E2E Female 100: Constructing a strong career with The Deeley Group,https://www.independent.co.uk/news/business/e2e-100/construction-building-deeley-group-e2e-female-100-b2712461.html,,business,independent,"The Deeley Group has a rich history dating back to 1936. How has the company evolved over the decades, and what core values have remained constant?

Our work is rooted in communities, be that building schools, homes or vitally important care facilities. We have a long-term commitment to the people we work with and for. We are the anthesis of a “here today, gone tomorrow” developer.

We have gone from building air-raid shelters to a projected £100 million turnover next financial year, all in family ownership, with an over 50-year commitment to some communities.

With over 25 years in the property sector, including roles at CBRE and Cushman & Wakefield, how have these experiences shaped your leadership approach at Deeley Group?

In the corporate world you are taught the importance of setting objectives and achieving them. This is a mindset we have implemented at Deeley Group.

Good leadership shapes a business. However, during my experience at large corporates there were times where certain areas of the business would work in a silo, and it was counterproductive.

Those experiences have shaped how we have structured the business - we are one team, working toward a common goal.

The construction industry faces challenges like planning delays and economic fluctuations. How does Deeley Group navigate these issues to maintain project momentum?

Planning delays have long caused difficulties, so we have flexed to concentrate the business around expanding areas that are impacted less by economic fluctuations and easier to achieve planning – later living especially

We work in partnerships with our clients and sub contractors that are based on trust and transparency which means we are more agile when we need to adjust and we can still maintain relationships and momentum.

Can you share a recent project that exemplifies Deeley Group’s adaptability and resilience in the face of such challenges?

We started work on the largest value development in our history this year, but it was our agility, flexibility and trusted relationships that made that possible.

When the former delivery partner pulled out, we stepped in and priced the entire scheme in eight weeks – which would normally take over four months.

We bought the site, navigated tight Homes England deadlines for starting the project, and worked with Birmingham City Council to unlock planning in record time and we are now on site delivering 137 fabulous later living apartments in Sutton Coldfield.

Deeley Group emphasises community and sustainability. Can you discuss a project that highlights your commitment to these values?

Communities are at the heart of everything we do and every project  we do contributes to local charities.  I am incredibly proud of the Deeley Group Charity and the work that its brilliant volunteers  do – the charity has raised over £300,000.

Sustainability is a priority for us and for our clients, we recently completed a scheme of 70 Extra Care apartments in Telford for Housing 21,  which won a national sustainable construction award. That was great recognition of the work of our team in delivering a sustainable scheme to the highest quality.

How is Deeley Group integrating new technologies into its operations to improve efficiency and project outcomes?

Technology is finally coming into the fore in the construction industry and in recent years we have been investing in new systems and training .

This is particularly important for the efficiency of the business. For example, previously there had been instances on site with sub-contractors working from outdated drawing revisions therefore creating re-work. We have implemented a digital single source of data to counteract this.

How do you envision the company’s role in shaping the future of construction and development in the Midlands and beyond?

I believe that construction is about people and partnership.

I hope that we can shape the future by showing that acting with integrity is good for business -  it builds trust not just buildings.  When you are working with trusted partners you can overcome the multitude of challenges in every project.

We have a key role to play not only in constructing buildings, but in shaping communities and improving lives, by delivering high quality housing for those children waking up in temporary accommodation and for those seniors waking up lonely or in ill-suited homes.

Our role in communities is not new. You could be born in a hospital, be raised in a home, educated in a school and work in a commercial building – all developed and constructed by the Deeley Group.

As a prominent female leader in a traditionally male-dominated industry, what unique challenges have you encountered, and how have you addressed them?

Things have changed in the industry since I started. It is almost unbelievable to think that when I started, one of the repeated challenges was finding a female toilet!

I had people question if it was appropriate for me to be working in construction especially once I had children – should I not be at home looking after them?

I learnt that my opening sentence in a discussion needed to be impactful so that people would listen rather than talk over me.

I have always addressed the issues I have faced with a smile of determination. I have built a strong network within the industry so on those days when things feel like they are conspiring against me, I can recalibrate with a sambuca (not in the office, by the way!) and a friend, and I am ready to go again!

You can view the complete E2E 100 Female track here."
Bank of England set to cut interest rates as US tariff impact in focus,https://www.independent.co.uk/news/business/bank-of-england-set-to-cut-interest-rates-as-us-tariff-impact-in-focus-b2744559.html,,business,independent,"UK interest rates are set to be cut to 4.25% as the Bank of England eases costs for borrowers while it digests the impact of US tariffs on the economy.

Most economists are expecting rates to be reduced by 0.25 percentage points on Thursday.

Sandra Horsfield, an economist for Investec , said it is a “near-certainty” that borrowing costs will be eased further, with most participants in the financial markets pricing in a cut.

Inflation has fallen in recent months, which is likely to indicate to policymakers that interest rates – which are used as a tool to control inflation – can continue to come down.

Consumer Prices Index (CPI) inflation slowed to 2.6% in March, from 2.8% in February, according to the latest official data.

And importantly, the rate of services inflation – a metric closely watched by the Bank of England – fell to 4.7% from 5%.

“The new question now though for the MPC (Monetary Policy Committee) to consider is how the US trade policy shifts have changed the outlook for UK inflation,” Ms Horsfield said.

“What makes this month’s decision easy is that virtually everything has pointed in the direction of lower UK inflation pressure.”

Economists have said UK economic growth is likely to be slowed by elevated levels of uncertainty – with some businesses set to pause investments, and consumers to decrease spending.

Others have said countries like China, in the face of higher charges on exports to the US, will re-route trade and lower import prices for other countries, which could result in lower prices for UK consumers.

Combined with other factors, including a weaker US dollar and falling oil prices, this could put downward pressure on inflation, according to economists.

Ms Horsfield said while the MPC continues to work out the possible effects, its “game plan will be to reassure the public and markets that it stands ready to act if needed”.

Edward Allenby, UK economist for Oxford Economics , agreed that “beyond May’s interest rate decision, the more important question is how US tariff announcements are influencing the MPC’s thinking”.

Mr Allenby predicted the MPC could downgrade its near-term growth and inflation forecasts on Thursday.

Thursday’s decision will be the “first opportunity for the MPC to clearly set out how recent developments have shaped its outlook and what committee members will be focusing on ahead of future interest rate decisions”, he said.

Meanwhile, Europe’s central bank cut interest rates last month, and said “exceptional uncertainty” over trade policy meant future rate decisions would have to be taken on a meeting by meeting basis."
Hovis and Kingsmill owners in takeover talks about merger,https://www.independent.co.uk/news/business/kingsmill-hovis-takeover-merger-bread-b2745482.html,,business,independent,"Associated British Foods (ABF), the parent company of Kingsmill, has confirmed it is in discussions with the owner of Hovis in a merger deal.

This move comes as Allied Bakeries continues to navigate a challenging market environment.

ABF stated on Tuesday that it is ""evaluating strategic options for Allied Bakeries"" against this challenging backdrop and remains ""committed to increasing long-term shareholder value.""

Endless LLP, the private equity owner of Hovis, has been in negotiations with ABF, with a potential merger between two of the UK's most iconic bread brands, Kingsmill and Hovis.

Such a deal could potentially draw the attention of competition regulators. The bread industry has faced significant headwinds in recent years, grappling with high inflation and evolving consumer preferences, impacting sales figures across the sector.

The potential combination of Kingsmill and Hovis under the same ownership could represent a significant shift in the UK bread market.

Allied Bakeries was founded in 1935, and also owns the Allinson’s and Sunblest brands, with bakeries and depots stretching from Glasgow to London.

Hovis, which was founded in 1890, was bought by Endless in 2020 from Premier Foods , which owns the Mr Kipling brand.

The deal would likely attract the attention of the Competition and Markets Authority (CMA), as it would combine two of the biggest bread makers in the country behind the market leader, Warburtons.

However, the CMA is under its own scrutiny from the Government , which earlier this year removed chairman Marcus Bokkerink as part of a bid to make it more focused on promoting economic growth."
"Density of new start-ups soars across north of England, says research",https://www.independent.co.uk/news/business/density-of-new-startups-soars-across-north-of-england-says-research-b2745351.html,,business,independent,"The North of England has recorded rapid growth in the number of small business being launched, according to new research.

Analysis by GoDaddy UK and Ireland shows that 40% of the areas with the fastest growth in the density of start-ups and small business were in the North.

Andrew Gradon, head of GoDaddy UK and Ireland, said it highlighted that investment through the Northern Powerhouse initiative appears to have boosted regional growth.

The Northern Powerhouse was an initiative started by the coalition Government from 2010, using local enterprise partnerships across the regions to help drive growth.

Of the 50 constituencies with the fastest growing number of small businesses, 20 came from “Northern Powerhouse” areas, according to the Venture Forward report.

This compared with nine in the south of England and was twice the figure across the region last year.

Towns such as Barrow-in-Furness, Cumbria, Burnley in Lancashire, and Birkenhead , Merseyside, have seen a significant increase in small business growth compared with last year, of more than 70%.

Mr Gradon said: “While small businesses flourish across the nation, the North has proven to be a hub of entrepreneurial spirit.

“A decade on from the introduction of the Northern Powerhouse Investment Fund, the investment is clearly having an impact on the start-up economy.

“Importantly, it proves that being a small business doesn’t mean having small ambitions, nor does it mean small impact.

“Small businesses will have a key role to play in unlocking the North’s longer-term potential, benefiting the region hugely by providing new jobs and opportunities.

“However, the same can be said for all areas, because when local entrepreneurship thrives, we all thrive.”"
"No extra money for pay rises says Downing Street, amid threat of renewed strikes",https://www.independent.co.uk/news/business/no-extra-money-for-pay-rises-says-downing-street-amid-threat-of-renewed-strikes-b2740782.html,,business,independent,"Public sector budgets face a further squeeze if pay rises for nurses and teachers exceed the Government’s plans as Downing Street ruled out additional funding for higher wages.

Pay review bodies are reportedly recommending increases of as much as 4% for teachers and 3% for NHS workers, but the Government has only budgeted for a 2.8% rise for public sector workers.

Sir Keir Starmer said no decisions had been made on the recommendations, saying “we are not at that stage of the process”.

But Downing Street was clear on Monday that the Government would not be providing any extra funding for increases above 2.8%.

The Prime Minister’s official spokesman said: “There’ll be no additional funding for pay if recommended awards exceed what departments can afford.”

Last year, the Government accepted the pay review bodies’ recommendations of increases of between 4.75% and 6% in an effort to end long-running strikes across the public sector.

But the prospect of either a lower award this year or departments having to take money from elsewhere to fund pay rises has raised the possibility of further strikes.

Unions have called for any pay rise to be fully funded, with National Education Union general secretary Daniel Kebede saying: “They need to ensure the pay award is above inflation, that it takes steps to address the crisis in recruitment and retention, but most of all that it is fully funded.

He added: “No-one wants to take strike action but of course as a trade union we do stand ready to act industrially if we need to.”

He said his union has not seen the pay review bodies’ recommendations and that the Government can avoid strike action by publishing them promptly and properly funding pay awards, in later comments to BBC Radio 4’s World at One.

“If they’re not fully funded, then schools will have to make cuts which no parent, no teacher, wants to see,” he said.

Jo Galbraith-Marten, of the Royal College of Nursing, said the pay rise being suggested would “do little to turn things around” as the profession sees “fewer people joining and the numbers quitting skyrocketing”.

She said: “Any pay must be fully funded. Taking resources away from frontline services is unfair on staff and bad for patients.

“We have a live survey of members open on what they think about the Government’s 2.8% proposal and what action, including industrial action, they might be prepared to take.”

Appearing on Sky News on Monday, health minister Stephen Kinnock urged unions not to resort to strikes, saying the Government had to work “within fiscal constraints”.

He said: “We will give these recommendations careful consideration. But I would, of course, also urge our colleagues in the trade union movement to engage constructively with us and recognise the reality of the financial position.”

Speaking to broadcasters on Monday, the Prime Minister said he did not want to see strike action, adding that “the last thing” NHS staff wanted to do was “got into dispute again”.

He said: “If you work with the NHS staff, you get better results than the last government, which just went into battle with them.

“So we have got our doctors and nurses on the front line, not the picket line, and I think everybody appreciates that’s a much better way of doing business.”"
"Thames Water preferred buyer ‘would multiply problems’, Lords told",https://www.independent.co.uk/news/business/thames-water-preferred-buyer-would-multiply-problems-lords-told-b2741030.html,,business,independent,"A preferred buyer for the UK’s largest water company would “multiply” the problems of the troubled utility firm, it has been warned at Westminster.

Concerns over the selection by Thames Water of US private equity giant Kohlberg Kravis Roberts (KKR) in a bid to secure vital investment and stabilise its finances was raised by Labour peer and accountant Lord Sikka.

The heavily-indebted supplier, which has around 16 million customers, announced at the end of March that KKR would go through to a second phase of the process to secure equity investment.

The company is hoping to finalise terms of a possible deal with KKR in the second quarter, with the aim of completing in the second half of the year.

However, Thames Water said there was still “no certainty” over an agreement pointing out “certain senior creditors continue to progress in parallel alternative transaction structures to seek to recapitalise the business”.

The group’s decision to proceed with KKR came after it said it had received six approaches from firms to pump in investment and cash in return for a stake in the business.

But speaking in Parliament Lord Sikka said: “Thames Water was put on the road to ruin by private equity.

“Now its shareholders have designated KKR, another private equity group, as their preferred bidder.

“KKR’s business model is profiteering, high leverage, low investment, asset stripping and high cash extraction.

“That will inevitably multiply Thames’s problems.”

Responding, environment minister Baroness Hayman of Ulloch said: “Regarding the company choosing KKR as its preferred bidder in the ongoing equity raise process, clearly Thames Water is a commercial entity engaged in a public equity raise, and it would therefore be completely inappropriate for the Government to comment on that.

“However, I note that the company had a number of potential bidders to choose from, which indicates that a market-led solution to the financial resilience of the company is a possibility.”

Earlier, the minister told peers that the industry regulator, Ofwat , continued to engage with the company “to ensure the delivery of the financial and operational turnaround that both customers and the environment deserve”.

She added: “Any investors will be expected to show that Thames Water will meet its statutory and regulatory obligations.”

Thames Water is in at least £16 billion of debt and was left on the brink of a possible taxpayer backed rescue as it was in danger of running out of cash.

It won court approval in February to take out as much as £3 billion more in loans, in a deal designed to keep it running into 2026.

Thames Water has given few details over KKR’s proposal, except to say it included a “material” reduction of its debt and that talks were still ongoing over “other aspects of the proposal”.

KKR, which is also a minority shareholder in Northumbrian Water, is understood to have lodged a £4 billion equity bid last month in return for a majority stake.

Under its bid, KKR is believed not to be planning to break up Thames Water or sell off assets to raise funds for its bid.

Thames Water has been contacted for comment."
HSBC announces fall in quarterly pre-tax profit amid ‘economic uncertainty’,https://www.independent.co.uk/news/business/hsbc-announces-fall-in-quarterly-pretax-profit-amid-economic-uncertainty-b2741250.html,,business,independent,"HSBC’s quarterly pre-tax profit fell by 3.2 billion dollars (£2.4 billion) amid a period of “economic uncertainty and market unpredictability”, the firm announced.

In its earnings release for the first quarter of 2025, the UK’s largest bank said profit before tax dropped more than £2 billion to 9.5 billion dollars (£7.1 billion) compared to the same period last year.

HSBC said quarterly revenue also decreased by 15% compared with quarter one of 2024, with the company bringing in 17.6 billion dollars (£13.2 billion) for the same period in 2025.

It comes in the wake of US President Donald Trump’s sweeping 10% tariffs on goods entering America, which caused chaos in stock markets around the world.

Group chief executive Georges Elhedery called the results “strong”, crediting the firm’s ability to weather the recent global economic turbulence.

He said in a statement: “Our strong results this quarter demonstrate momentum in our earnings, discipline in the execution of our strategy and confidence in our ability to deliver our targets.

“We continue to support our customers through this period of economic uncertainty and market unpredictability, which we enter from a position of financial strength.”

The bank has undergone significant changes since Mr Elhedery replaced Sir Noel Quinn in 2024.

Mr Elhedery has spearheaded an overhaul of its global structure as part of plans to drastically reduce costs and focus on more profitable parts of the business, including reducing staff costs by 8%."
Primark says it is not raising prices despite tax and wage cost hikes,https://www.independent.co.uk/news/business/primark-says-it-is-not-raising-prices-despite-tax-and-wage-cost-hikes-b2741334.html,,business,independent,"The owner of Primark has said it is not raising prices for UK shoppers as it pledged to swallow sharp increases in labour costs.

It came as parent firm Associated British Foods (ABF) said it saw “weaker sales” across the budget fashion chain’s UK and Ireland stores in recent months.

However, it indicated trading has improved in recent weeks on the back of better weather conditions, helping to boost sales of spring and summer clothing.

George Weston, chief executive of ABF, told the PA news agency that it is witnessing “significant” increases in labour costs after increases to national insurance contributions and wage rises but plans to keep prices flat.

“We went nine years without moving prices before inflation forced us to change pricing a couple of years ago, but since then we have brought down the price of kids’ clothing,” he said.

“We haven’t moved any more prices and are absolutely not planning to move any more.

“Hopefully we can keep them flat for another eight or nine years.

“There has been some benefit from weakness in the US dollar and benign cotton costs, but there are labour cost rises which we are choosing to absorb.”

Sales across ABF’s retail arm, which is predominantly the Primark brand, improved by 1% to £4.5 billion over the 24 weeks to March 1.

However, the company said this came as growth in Europe and the US offset “weaker sales” in the UK and Ireland, where it has seen caution among consumers.

Mr Weston added that the business in the UK has held off competition from Asia-based rivals including Shein and Temu.

However, he welcomed the Government’s review of a tax rule that allows small parcels to enter the UK duty-free, which has been used by the overseas online retailers.

The billionaire businessman said the rule, which means international packages worth less than £135 can be sent without import taxes, was “wrong” and created an unfair advantage.

It came as ABF told shareholders that pre-tax profits slid by 21% to £692 million for the 24 weeks to March 1, as it highlighted weakness in its sugar business.

Meanwhile, revenues were 2% lower at £9.5 billion for the period."
"UK looking at ‘different challenges’, minister says after Spanish power cut",https://www.independent.co.uk/news/business/uk-looking-at-different-challenges-minister-says-after-spanish-power-cut-b2741333.html,,business,independent,"The UK has been looking at how to deal with “different kinds of challenges and threats”, the Home Secretary said after a major power outage across Spain and Portugal.

Much of the two countries was brought to a standstill on Monday after a power cut switched off traffic lights and left people unable to access cash machines.

Asked whether the power cut there had triggered a fear that British infrastructure could be affected in the same way, Yvette Cooper told Sky News that the UK has a “continued approach” to “resilience” and “security issues”.

She added: “We’ve been looking, as part of wider security reviews across the country, how we deal with both resilience and also different kinds of challenges and threats.

“Some of which can be the traditional security challenges, some of which can be the kinds of resilience – things that we’re talking about in Spain and Portugal – and we obviously support them and the governments there in the work that they’re doing.”

Spanish power distributors said on Tuesday morning that more than 99% of power has been recovered.

The blackout saw train passengers stranded and millions of people left without phone and internet access after the outage on Monday.

The Portuguese National Cybersecurity Centre said in a statement there was no indication that it was caused by a cyber attack.

It comes just weeks after Heathrow Airport was forced to halt operations for most of a day after a power outage caused by a substation fire.

The airport was closed to all flights until around 6pm on March 21, which disrupted more than 270,000 air passenger journeys.

Energy Secretary Ed Miliband said at the time that the Government will “have to look hard” at the “resilience” for major institutions such as Heathrow."
Richard Branson says opening of first Virgin hotel in London ‘really special’,https://www.independent.co.uk/news/business/richard-branson-says-opening-of-first-virgin-hotel-in-london-really-special-b2741379.html,,business,independent,"Sir Richard Branson said it “feels really special” as he officially opened Virgin’s first hotel in London .

The 74-year-old founder of the Virgin Group drove a giant red suitcase to the new location at 45 Curtain Road in Shoreditch on Tuesday morning, more than five decades after the opening of his first shop in the capital.

“I’m absolutely delighted to celebrate the grand opening of Virgin Hotels London-Shoreditch”, he said.

“It’s a beautiful hotel in the heart of the capital.

“It’s fantastic that, when travellers step off our planes in London, they now have somewhere to rest their head and the wonderful Virgin experience continues.

“London is where we started Virgin more than 50 years ago, and it feels really special to mark the opening of our first hotel here.

“Virgin Hotels was built on the idea of doing things differently, and Shoreditch is a perfect reflection of that spirit.”

Virgin Hotels, the Virgin Group’s luxury lifestyle hospitality brand, announced its first hotel in the capital in June 2024.

The company took over the Mondrian Shoreditch hotel and kept it open while completing a phased transformation between August 2024 and April this year.

The newly-completed 120-bed hotel boasts a rooftop pool, a private gym, treatment rooms and rooftop club.

There is also a rooftop Mediterranean-style restaurant called Marlin’s On The Roof, with another restaurant due to open later in the spring.

A 38-seat bar called Hidden Grooves provides a retro ’70s-style setting complete with album-themed cocktails, weekly vinyl sessions and music memorabilia that serves as a nod to the early days of the Virgin Records label.

The first Virgin record shop opened in London in 1971 and, two years later, the business had burgeoned into a record label, a recording studio, a music publisher and an export operation.

James Bermingham, chief executive of Virgin Hotels Collection, said London is “the birthplace of all things Virgin, where Richard started everything”.

“It’s a very important market for us,” he added.

Since its formation in 2010, Virgin Hotels has opened sites in Edinburgh, Glasgow, New Orleans, Nashville, Las Vegas, New York , Dallas and Chicago, with openings in Miami and Denver planned for 2026.

Rates at the London-Shoreditch hotel start from £300 per room per night."
"Grocery price inflation jumps to highest in over a year, figures show",https://www.independent.co.uk/news/business/grocery-price-inflation-jumps-to-highest-in-over-a-year-figures-show-b2741342.html,,business,independent,"Grocery price inflation has surged to its highest level for over a year as chocolate prices soared by nearly a fifth, but this failed to dent demand for Easter eggs, according to new figures.

The latest data from retail analysts Kantar showed that grocery inflation rose to 3.8% in the four weeks to April 20, up from 3.5% in the previous month and the highest since the four weeks to March 17 last year.

It was largely driven by a 17.4% jump in chocolate confectionery prices, while coffee and butters and spreads also saw big increases.

But the figures revealed that rising prices did not stop shoppers splashing out over the Easter holidays, with spending on Easter eggs up by 11% year-on-year over the four weeks to Easter.

Some of this rise was driven by the higher prices but the number sold through supermarket tills also rose, up 0.4% on last year, signalling strong demand.

Sales overall across UK supermarkets rose by 6.5% in the four weeks to April 20, the figures showed.

Supermarket customers looked to discounts and loyalty card deals to help cut the costs of their food shop, with spending on promotions reaching 29.7% – its highest level so far this year, Kantar said.

Fraser McKevitt, head of retail and consumer insight at Kantar, said: “The grocers have been sharpening their pricing strategies to stay competitive in the fight for footfall.

“They’ve invested in price cuts which were the main driver of promotional growth.

“Often linked to loyalty cards, spending on these deals grew by £347 million.

“At Tesco and Sainsbury’s, nearly 20% of items sold are on a price match, and they end up in almost two thirds of baskets.”

He said that there was also evidence of shoppers trading up for their Easter shop, with premium own label sales up 23.2% in the past four weeks.

“Ultimately, retailers need to be seen to be offering great value but it’s a fine tightrope to walk, particularly as they manage their own business costs,” he added.

The latest supermarket share price data showed Ocado was the fastest-growing retailer once again in the 12 weeks to April 20 – a title it has held continuously for nearly a year now.

The online grocer’s sales grew by 11.8% year-on-year in the quarter, while it increased its market share to 1.9% from 1.8% a year ago.

German discounters Lidl and Aldi continued to make solid gains, with sales growth of 10.1% and 5.9% and market shares of 8% and 11% respectively.

Of the bigger chains, Tesco had the highest sales growth of 6%, nudging up its share to 27.8%, while sales at Sainsbury’s grew by 4.4%, taking its share to 15.3%.

Under-pressure rival Asda remained the worst performer, with sales down 3.8% and its share falling to 12.3% from 13.3% a year earlier."
AstraZeneca plots US expansion despite Trump tariff threat,https://www.independent.co.uk/news/business/astrazeneca-plots-us-expansion-despite-trump-tariff-threat-b2741392.html,,business,independent,"AstraZeneca has doubled down on plans to grow its US business as it braces for the country’s potential tariffs on the pharmaceutical industry.

The drug maker said it is “firmly committed to investing and growing in the US” despite President Donald Trump threatening to apply import taxes on the sector.

Chief executive Pascal Soriot said the company continues to benefit from its “broad-based source of revenue and global manufacturing footprint”, including 11 production sites in the US.

“Additionally, we have even greater US investment in manufacturing and R&D (research and development) planned,” he added.

Mr Trump has repeatedly said he will slap tariffs on drug imports, which could make life-saving treatments more expensive for American consumers.

Industry experts have suggested that the new tariffs might be 25%, which would match those levied on steel, aluminium and cars.

AstraZeneca makes about 40% of its sales revenue in the US, and has previously said it will invest 3.5 billion dollars (£2.6 billion) by the end of next year.

Meanwhile, the group reported a 10% increase in revenue for the first three months of 2025, compared with the same period last year.

The rise came after it made strong sales of cancer drugs, with AstraZeneca’s oncology division reporting a 13% surge in business.

The company is planning to hit 80 billion dollars (£59.7 billion) in annual revenue by 2030, which Mr Soriot said it is making “excellent progress” towards.

Last year revenue was 54.1 billion dollars (£40.4 billion).

Separately, AstraZeneca is awaiting a potential fine in China over possible unpaid import taxes

AstraZeneca said authorities in Shenzhen have said the unpaid taxes amount to 1.6 million dollars (£1.2 million) and that it could face a fine “of between one and five times the amount of unpaid importation taxes” if found liable.

AstraZeneca appointed a new president for its China business late last year after previous executive Leon Wang was arrested by Chinese authorities along with other employees."
BP makes ‘significant progress’ on fossil fuel strategy as profits slump,https://www.independent.co.uk/news/business/bp-makes-significant-progress-on-fossil-fuel-strategy-as-profits-slump-b2741288.html,,business,independent,"The boss of BP said the energy giant has “already made significant progress” with its oil and gas focused growth strategy as it pulls back from renewables to boost its finances.

The company nevertheless revealed profits for the past quarter dropped by almost half and its debts swelled to 27 billion US dollars (£20.1 billion) amid pressure from weaker oil prices.

The FTSE 100 firm said its preferred profit measure – underlying replacement cost profit – dropped by 49% to 1.38 billion US dollars (£1.03 billion).

It was higher than the previous quarter but also came in below market expectations.

Profitability was knocked by a slump in crude oil prices in recent months, as President Donald Trump’s US tariff programme drove concerns about slowing economic growth and the impact of this on energy demand globally.

In February, BP revealed a new growth strategy focused on extracting more oil and gas after pressure from some investors to boost profits at the firm.

At the time, bosses said the business went “too far, too fast” on green energy and confirmed plans to heavily reduce spending on renewables.

On Tuesday, chief executive Murray Auchincloss said the company has been making progress with the strategy despite wider economic uncertainty.

He said: “In February, we announced a fundamental reset of our strategy – to grow the upstream, focus the downstream and invest with discipline in the transition – and we have already made significant progress.

“So far this year we have started up three major projects, made six exploration discoveries and have progressed our divestment programme – all while delivering strong operational performance, with over 95% upstream plant reliability supporting the best operating efficiency on record, and over 96% refining availability.

“We continue to monitor market volatility and changes and remain focused on moving at pace.”

In its fresh update, BP also reduced its investment outlook for the year.

It said it is set for capital investment of around 14.5 billion dollars (£10.8 billion) in 2025, cutting its guidance from 15 billion dollars.

The company also indicated it could raise more money from divestments during the year."
National Express owner announces boss’s departure and deeper losses,https://www.independent.co.uk/news/business/national-express-owner-announces-boss-s-departure-and-deeper-losses-b2741380.html,,business,independent,"National Express owner Mobico has announced the departure of its boss as the transport giant unveiled deeper losses following “challenges” in the UK and Germany.

Chief executive Ignacio Garat will step down from the role on Wednesday.

Phil White, the former chief executive of National Express, will become Mobico’s executive chairman on a temporary basis while it searches for a new boss.

Helen Weir, Mobico’s chairwoman, said that with the company recently selling its US school buses, and reporting its full-year results, “we agreed with Ignacio that now was the right time for a change in leadership”.

Mr Garat said that “the last two years have not been without their challenges as we have had to respond and adapt to a series of market headwinds”, but added: “It has been a privilege to work alongside the team.”

The company announced last week that it had struck a deal worth up to 608 million US dollars (£453 million) to sell its North American school buses.

The division had been weighing on the business’s earnings, with it grappling with recovery since the pandemic, drivers’ wages jumping and, more recently. potential fleet cost inflation from US tariffs.

Meanwhile, Mobico said it has faced “challenges” including driver shortages and rail repair work leading to train cancellations, and consequently fines from regulators, impacting its German rail business.

It also flagged weaknesses with its UK bus and coach arms but said cost-cutting, fewer strikes compared with the previous year and higher prices were helping improve profitability.

Mobico’s leading UK bus network is in the West Midlands while it also runs the country’s largest scheduled coach service under the National Express brand.

The group reported a pre-tax loss of £609.3 million for 2024, significantly deeper than the £120.1 million loss recorded for 2023.

Mobico said it had been “another year characterised in part by significant, continuing challenges in some businesses and some consequently disappointing results”, but that 2024 had been “another year of hard work and meaningful positive change”.

On an adjusted basis, which strips out what it considers to be one-off costs during the year, pre-tax profits edged up to £101.1 million.

Revenues rose by about 8% to £3.4 billion for the year.

Looking ahead, the firm said it expects further “recovery” in the UK and Germany, and to make “progress” with revenues and adjusted operating profits."
Ladbrokes owner appoints interim chief Stella David as permanent boss,https://www.independent.co.uk/news/business/ladbrokes-owner-appoints-interim-chief-stella-david-as-permanent-boss-b2741447.html,,business,independent,"Entain has installed interim boss Stella David as its permanent chief executive, as the gambling group tries to steady the ship after five years in which it has had four bosses.

Ms David, who was previously non-executive chairwoman, came in to replace Gavin Isaacs in February when he resigned after just five months in the role.

Before Mr Isaacs, it was Danish businesswoman Jette Nygaard-Andersen, who suddenly resigned in December 2023 following reports that shareholders were unhappy with her leadership.

Entain is listed on the FTSE 100 and owns Ladbrokes , Coral and BetMGM, but has seen its stock market value plummet in recent years amid a series of legal woes.

In 2023, it was hit with a £585 million penalty agreed with HM Revenue & Customs to settle charges related to alleged bribery offences in Turkey.

And it was taken to court by Australia’s financial crime regulator late last year over allegations it breached anti-money laundering rules in the country.

The firm’s market value has slumped more than 70% since a high in 2021.

Pierre Bouchut, Entain’s interim chairman, said Ms David’s appointment “provides consistency and stability”.

He added that she had already “played a pivotal role” in shaping and carrying out Entain’s strategy.

The group said on Tuesday that it had a stronger start to the year than it expected, with an 11% rise in first quarter net gaming revenue compared with the same period last year.

And net gaming revenue across the UK and Ireland rose 10% year-on-year, driven by a large rise in its online business.

Ms David said: “We are in the early stages of our journey of improvement and are driving ahead at pace.”"
Around 150 jobs at risk as ABF warns bioethanol plant could close,https://www.independent.co.uk/news/business/around-150-jobs-at-risk-as-abf-warns-bioethanol-plant-could-close-b2741455.html,,business,independent,"Associated British Foods (ABF) has said it could have to shut down its East Yorkshire bioethanol plant, with around 150 jobs at risk at the site.

The consumer giant, which also owns Primark and a raft of grocery brands, has said it is in talks with the Government to help preserve the site.

The Vivergo fuels site in Saltend, near Hull , swung to a loss in recent months after it cut production levels in light of low bioethanol prices.

Bosses said the site could be closed or mothballed again until conditions in the sector improve.

“In Vivergo, the way in which regulations are being applied to bioethanol is undermining the commercial viability of our business,” ABF told investors on Tuesday.

“We are having constructive discussions with the UK Government to explore regulatory options to improve the position.

“There is no guarantee that these discussions will be successful, and we will either mothball or close the Vivergo plant if necessary.”

The site, which was launched in 2007, processes locally grown wheat into bioethanol, a green transport fuel which can be mixed with petrol, and also creates animal feed.

George Weston, chief executive of ABF, told the PA news agency that the Government “subsidised” international competitors for their supply of bioethanol.

“If the Government wants to subsidise imported bioethanol then we can’t compete against that,” he said.

“The Government is engaging with us on this.

“It’s a great asset for our business so we need to make sure it is sustainable.”

It came as ABF told shareholders that pre-tax profits slid by 21% to £692 million for the 24 weeks to March 1, as it highlighted weakness in its sugar business.

Meanwhile, revenues were 2% lower at £9.5 billion for the period."
Adidas cautions over higher prices and halts outlook upgrade due to tariff woes,https://www.independent.co.uk/news/business/adidas-cautions-over-higher-prices-and-halts-outlook-upgrade-due-to-tariff-woes-b2741464.html,,business,independent,"Adidas has warned over price hikes for its trainers due to higher tariffs and said the trade policy uncertainty has “put a stop” to any earnings upgrade.

The German sportswear giant said prices will rise in the face of cost increases from US President Donald Trump’s move to raise trade tariffs on goods imported into America, with US customers expected to see higher prices for all its products.

Chief executive Bjorn Gulden said: “Since we currently cannot produce almost any of our products in the US, these higher tariffs will eventually cause higher costs for all our products for the US market.”

He added: “Cost increases due to higher tariffs will eventually cause price increases, not only in our sector, but it is currently impossible to quantify these or to conclude what impact this could have on the consumer demand for our products.”

The group said it would have hiked its full-year earnings outlook after a robust first quarter, but that it held off due to worries over the ultimate tariffs put in place and the impact on the group’s sales.

Mr Gulden said: “In a ‘normal world’ with this strong quarter, the strong order book and in general a very positive attitude towards Adidas, we would have increased our outlook for the full year both for revenues and operating profit.

“The uncertainty regarding the US tariffs has currently put a stop to this.”

It saw pre-tax earnings more than double to 585 million euros (£497.3 million) in the first quarter, up from 245 million euros (£208.3 million) a year ago, as revenues rose by 13% on a constant currency basis to 6.15 billion euros (£5.23 billion).

The group is expected to be hit hard by the US tariff hikes as it makes many of its products in Asian countries, such as China and Vietnam , and is understood to be unable to shift production to the US due to a lack of specialised equipment and workers in America.

It said that while it has cut back its exports to the US to a minimum, the wider increase in general US tariffs is “even worse” for the group, as it affects its key sourcing markets.

Adidas said: “As always, we will try to manoeuvre through this uncertainty in the most pragmatic, agile and flexible way.

“We have all parts of the organisation involved and will do everything we can to assure that our US retail partners and our US consumers will get the Adidas product they want and to the best possible price.”"
HSBC warns over possible hit from significantly higher global tariffs,https://www.independent.co.uk/news/business/hsbc-warns-over-possible-hit-from-significantly-higher-global-tariffs-b2741312.html,,business,independent,"HSBC has warned over a potential hit to revenues and rising bad debts in the event of significantly higher tariffs worldwide as it posted lower quarterly profits and forecast lending will remain muted in 2025.

The UK’s largest bank, which is heavily exposed to Chinese and Asian markets, said in the “plausible downside” scenario of surging tariffs, it could face a “low single-digit percentage” impact on its revenues and around an extra 500 million US dollars (£372.8 million) in bad debts.

The group increased its provisions for loans expected to turn sour by 202 million US dollars (£150.7 million) year-on-year to 876 million (£653.4 million) in the first quarter of 2025 to reflect “heightened uncertainty and a deterioration in the forward economic outlook”.

It added that “given current levels of uncertainty and market turmoil, we expect demand for lending to remain muted during 2025”.

The comments came as it posted a 25% drop in pre-tax profit to 9.5 billion US dollars (£7.1 billion) but this was better than expected by most analysts.

HSBC’s quarterly revenue also decreased by 15% compared with quarter one of 2024, with the company bringing in 17.6 billion dollars (£13.2 billion) for the same period in 2025, though the fall in sales and profits was largely due to the impact of disposals of businesses in Canada and Argentina.

Shares lifted 2% in Tuesday afternoon trading.

The bank is seen as having greater exposure to global trade disruption given its operations across Asia.

But it said it was yet to see any sign of customers defaulting in the face of the trade war between America and China, and US President Donald Trump’s sweeping 10% tariffs on goods entering America, which caused chaos in stock markets around the world.

Chief executive Georges Elhedery said: “We continue to support our customers through this period of economic uncertainty and market unpredictability, which we enter from a position of financial strength.”

He added: “Ourselves and our customers as a whole are hopeful that we can see progress in the trade negotiations between the US and a number of parties, including China.”

He said the group did not forecast the “end of globalisation, but a reconfiguration of globalisation” where trading partner corridors “will continue shifting geographically”.

Mr Elhedery said the results were “strong”, crediting the firm’s ability to weather the recent global economic turbulence.

The bank has undergone significant changes since Mr Elhedery replaced Sir Noel Quinn in 2024.

Mr Elhedery has spearheaded an overhaul of its global structure as part of plans to drastically reduce costs and focus on more profitable parts of the business, including reducing staff costs by 8%.

He said the restructure was moving “at pace” but declined to say how many jobs had gone so far, confirming more details will be given at its half-year results in July.

The group said it has taken 200 million US dollars (£149.1 million) worth of redundancy costs in the first quarter and was on track to deliver cost savings of 300 million dollars (£223.8 million) for 2025 and the full 1.5 billion dollars (£1.1 billion) by the end of 2026.

Richard Hunter, head of markets at interactive investor, said HSBC “fully recognises that heightened uncertainty and a faltering economic outlook are already having a negative effect on business and consumer sentiment in its core regions”.

He added: “For investors, another area of concern is that with the convoluted tariff situation still playing out, the implications are as yet unclear and in some cases yet to come into full effect.”"
M&S tells agency staff to stay home amid fallout of cyberattack,https://www.independent.co.uk/news/uk/home-news/marks-and-spencer-cyber-attack-hack-staff-online-orders-b2740682.html,,business,independent,"Hundreds of agency workers at Marks & Spencer have been told not to come into work as the retailer continues to deal with the fallout of a cyberattack which has seen the company lose £650m of value in a matter of days.

The FTSE 100 business has a market capitalisation of more than £7.5bn – but this is down significantly since 22 April, when shares traded for above £4.10.

Since then, the share price has fallen more than 8 per cent, having previously staged a recovery in early April from a poor first quarter of the year.

Staff have been instructed to stay at home rather than come into work at the retailer’s main clothing and homeware warehouse in the East Midlands, Sky News has reported.

Some 200 agency staff had been due to work at the Castle Donington logistics centre, the broadcaster reported, citing a source close to M&S.

Agency staff make up around 20 per cent of the site’s workforce, the source said, adding that M&S employees were told to come in as usual.

M&S have been contacted for a comment.

On Friday, the Marks & Spencer share price closed more than 2 per cent down and following the latest announcement on Monday, they are again trading more than 2 per cent in the red. That equates to knocking more than £150m off the company’s market value in a single morning.

Disruption at the well-known British brand began last weekend as contactless payments and click-and-collect orders were affected.

Last Tuesday, M&S chief executive Stuart Machin wrote to customers confirming the problem, adding that the retailer would be implementing “minor, temporary changes” to in-store operations as the company manages the ongoing “cyber incident”.

On Friday, M&S temporarily stopped taking orders from its website and apps amid the deepening fallout of the cyberattack.

The historic retailer said it is “working extremely hard to restart online and app shopping” and apologised again for the disruption to shoppers. It had already been unable to process click and collect orders in stores after being impacted by the “cyber incident”.

The company has taken actions to protect its network and has also reported the incident to data protection supervisory authorities and the National Cyber Security Centre.

However, the loss of online sales will continue to hamper the business.

M&S’s 2024 annual report revealed that 44 per cent of all online orders came through their app, with online sales as a whole accounting for £1.27bn of revenue for the year ending in March 2024 – showing growth of 7.8 per cent to mark it out as an important strategic area for the company.

That equates to around £3.5m of sales per day – which are potentially being lost by M&S while customers cannot place orders through the app or website.

“Marks & Spencer’s success is built on trust. People trust it to supply good quality products and a good shopping experience. Therefore, suspending online orders gives shoppers a reason to call that trust into question,” explained Dan Coatsworth, investment analyst at AJ Bell.

“The fact customers still cannot order goods online for Marks & Spencer is worrying for both its reputation and its earnings. This isn’t a simple one-day blip and the longer it goes on, the greater the risk that the share price keeps falling.”

He continued: “You only have to visit any of its stores to know that click and collect is a major contributor to earnings – there’s often a big queue of people waiting to pick up items they’ve ordered online.

“The retailer will be banking on such customers still making the journey to its stores but instead opting to pick items off the shelf. Not everyone will do this, so it’s inevitable that earnings will take a hit.

“The longer it takes to draw a line under the cyber incident, the greater the risk to Marks & Spencer’s reputation.”

A company statement said: “We are truly sorry for this inconvenience. Our stores are open to welcome customers.

“We informed customers on Tuesday that there was no need for them to take any action. That remains the case, and if the situation changes we will let them know.”"
Stagecoach bus strikes suspended after legal threat,https://www.independent.co.uk/news/business/stagecoach-bus-strikes-suspended-after-legal-threat-b2741643.html,,business,independent,"Strikes on Stagecoach bus routes in the south and west of Scotland have been suspended after the company was threatened with legal action.

Dates had been set for strikes on May 2, 6, 9, 12, 16, 19 and 23, which Stagecoach said would “cause disruption”, after a total of 98% of Unite members employed by the bus operator’s west of Scotland region voted for industrial action.

Unite previously said that despite talks with Stagecoach, an adequately improved pay rise has not been put to drivers operating from depots in Ayr , Arran, Ardrossan, Dumfries , Kilmarnock and Stranraer, and a 4% increase had been rejected by vote.

The union threatened legal action against Stagecoach, after the bus company threatened to cancel drivers’ annual leave entitlement during the strike dates.

On Monday, a spokesperson for Stagecoach Scotland said it was “necessary” due to “increasing sickness levels and the importance of providing dependable services to our customers”.

A spokesperson added: “Any drivers affected have been given more notice than legally required. The company reserves the right to cancel leave to ensure it meets its service delivery obligations to keep the communities it serves connected.”

Dougie Maguire, Unite regional co-ordinator, said: “Unite can confirm that the forthcoming strike action involving over 500 drivers at Stagecoach West Scotland is suspended.

“Following our threat to seek an interim interdict against the company on the grounds of preventing discrimination against our members for trade union activities, the company has now withdrawn their threat of cancelling the drivers’ annual leave entitlement.

“Unite remains utterly focused on getting our members a fairer pay offer from Stagecoach West Scotland, and we are always ready to negotiate a resolution to the pay dispute on this basis.”

A spokesperson for Stagecoach said: “Following the suspension of all notified strike dates by Unite, we can confirm that our network of services will continue to operate to their full timetable, including on May 2 and May 6.

“We welcome Unite’s commitment to return to talks, and we remain dedicated to reaching a fair and sustainable agreement – one that supports our employees while ensuring the long-term viability of our services across West Scotland.”"
British and Indian ministers meet for ‘productive’ talks on trade deal,https://www.independent.co.uk/news/business/british-and-indian-ministers-meet-for-productive-talks-on-trade-deal-b2741681.html,,business,independent,"British and Indian ministers have met for “productive” trade talks, Downing Street said amid speculation that negotiations over a long-awaited deal are nearing the finish line.

Trade Secretary Jonathan Reynolds held a roundtable discussion with his counterpart Piyush Goyal and a number of British business chiefs at Number 10 on Tuesday as efforts continue to broker an agreement.

More than a dozen rounds of talks involving successive governments have taken place since 2022 with the aim of securing a trade pact with India , which is forecast to become the world’s third largest economy.

Key sticking points have included high tariffs on Scotch whisky in India and visa rules for Indian students and professionals.

In a sign of potential progress, representatives from the Scotch Whisky Association, drinks company Diageo and EY were among those at the Downing Street talks on Tuesday.

Asked whether the announcement of a deal was imminent, a Number 10 spokesman declined to give a “running commentary” but said “productive, constructive” discussions had taken place this week.

“The Prime Minister has said we’re now in a new era for trade and the economy, and that means going further and faster to strengthen the UK’s economy for working people’s pockets, and it also means strengthening our alliances and reducing barriers to trade with other economies around the world,” he said.

“The UK is a stable and attractive partner and will seek new alliances pragmatically to deliver a stronger and more secure economy here at home.”

He added: “The Government is committed to doing the right deal with India, which will improve access for UK businesses, cut tariffs and make trade cheaper and easier.

“The Business and Trade Secretary and Minister Goyal welcomed businesses to Number 10 earlier this afternoon for a roundtable that celebrated the strength of the UK-India trade and investment relationship.”"
No 10 rejects ‘unfounded claims’ that renewables were behind power cuts in Spain,https://www.independent.co.uk/news/business/no-10-rejects-unfounded-claims-that-renewables-were-behind-power-cuts-in-spain-b2741689.html,,business,independent,"Downing Street has dismissed suggestions that a reliance on renewable power was behind outages in Spain and Portugal , after Kemi Badenoch said it was likely to be the cause.

The Conservative Party leader also said the UK’s net zero plans could lead to domestic blackouts.

Widespread power cuts brought Spain and Portugal to a standstill on Monday as traffic lights switched off and people were left unable to access cash machines.

Spanish power distributors said on Tuesday morning that more than 99% of power has been recovered.

Mrs Badenoch said she had heard “different theories” about what happened.

“Some have said that it’s cyber terrorism, but the more likely issue is the grid – that when you have an electricity supply that’s reliant on renewables, you need a lot of battery storage.

“And quite often, what we’re seeing is renewables running ahead of the storage facilities, which means that when you have surges one way or another, you end up with blackouts.

“And this is one of the reasons why I’ve been saying that the net zero plans we have are not thought through.

“That we’re rushing ahead without having the right infrastructure in place and actually doing things that could end up bankrupting the country or creating blackouts.”

She scrapped her party’s commitment to net zero by 2050 in a U-turn last month, saying it would be impossible to reach.

A No 10 spokesman said it is too early to confirm the cause of the incident and defended the Government’s energy transition plans.

“In terms of the claims of reliance on net zero energy leaving countries affected vulnerable to power cuts, these are unfounded claims, and speculation at this stage,” he said.

Switching to clean energy offers security and a supply of electricity that fossil fuels cannot provide, he added.

“We’ve empowered the national energy system operator to carry out resilience functions across electricity and gas systems, and we’ll continue to work with industry and regulators to improve and maintain the resilience of old, new and future energy infrastructure,” he said.

Energy Secretary Ed Miliband warned earlier not to “jump to conclusions about what happened” and said he had been in touch with the UK’s National Energy System Operator (Neso) after the outages in Spain and Portugal.

“We were not affected by them as a country. This is something that Neso takes incredibly seriously, that my department takes incredibly seriously.

“I would also add, because there’s been some comment on this, we shouldn’t jump to conclusions about what happened. Let’s see what happened and the reasons for it and then let’s learn the lessons,” he said in the Commons.

The Home Secretary Yvette Cooper told Sky News that the UK has a “continued approach” to “resilience” and “security issues”.

She added: “We’ve been looking, as part of wider security reviews across the country, how we deal with both resilience and also different kinds of challenges and threats.

“Some of which can be the traditional security challenges, some of which can be the kinds of resilience – things that we’re talking about in Spain and Portugal – and we obviously support them and the governments there in the work that they’re doing.”

The blackout saw train passengers stranded and millions of people left without phone and internet access.

The Portuguese National Cybersecurity Centre said in a statement there was no indication that it was caused by a cyberattack.

It comes just weeks after Heathrow Airport was forced to halt operations for most of a day after a power outage caused by a substation fire.

The airport was closed to all flights until around 6pm on March 21, which disrupted more than 270,000 air passenger journeys.

Mr Miliband said at the time that the Government will “have to look hard” at “resilience” for major institutions such as Heathrow."
Reeves unveils plans to regulate crypto after talks with US,https://www.independent.co.uk/news/business/reeves-unveils-plans-to-regulate-crypto-after-talks-with-us-b2741630.html,,business,independent,"Rachel Reeves has announced plans to regulate cryptoassets such as Bitcoin in a bid to make the UK “a world leader in digital assets”.

The Chancellor told a fintech conference on Tuesday that she would “back the builders” as she announced plans to make crypto firms subject to regulation in the same way as traditional finance companies.

The regulations, expected to become law later this year, are intended to support legitimate crypto businesses, but protect customers by introducing new requirements for transparency and consumer protection, according to the Treasury.

Ms Reeves told the conference at London’s Guildhall: “While the UK will always be committed to high international standards, I am determined that our regulatory framework supports economic growth.”

Cryptocurrencies such as Bitcoin have increased in popularity in recent years, with research suggesting around 12% of adults in the UK own or have owned cryptoassets, up from 4% in 2021.

But last month, Financial Conduct Authority chairman Nikhil Rathi warned that the number of young people turning to crypto as their first taste of investment was “not great”.

The announcement follows Ms Reeves’s trip to Washington last month, during which she met her US counterpart Scott Bessent for talks about a potential trade deal.

On Tuesday, the Treasury revealed the pair had also discussed crypto, an important area for some of Donald Trump’s supporters in the tech industry, and agreed to co-operate on transatlantic regulation to support the sector.

Ms Reeves said: “For the UK to be a world leader in digital assets, international co-operation is vital.”

She added that there would be further discussion at a US/UK regulatory working group in June “to support the use and responsible growth of digital assets”.

Nick Price, a crypto and financial services lawyer at legal firm Osborne Clarke, said the Chancellor’s announcement “explicitly aligns the UK with the US approach” to regulating crypto and represented “a divergence” from the EU’s more bespoke regulation.

He added that the proposal was “a simple and straight-forward piece of legislation” that would offer “a great deal of certainty and stability” as well as consumer protection, but said it “remains to be seen” whether it would help growth.

The Chancellor also used her speech to confirm that she would deliver her annual Mansion House speech on July 15, and planned to publish a financial services growth and competitiveness strategy on the same day with fintech as a “priority sector”."
UK stocks buoyed as ‘optimism’ enters markets amid raft of company earnings,https://www.independent.co.uk/news/business/uk-stocks-buoyed-as-optimism-enters-markets-amid-raft-of-company-earnings-b2741707.html,,business,independent,"UK stock markets have climbed following a swathe of company earnings results, despite Primark’s owner dragging on the FTSE 100 after reporting a drop in profits.

The FTSE 100 rose 46.12 points, or 0.55%, to close at 8,463.46.

Gains for banking stocks helped boost the blue-chip index after HSBC revealed better-than-expected earnings for the first quarter.

The banking giant posted a pre-tax profit of 9.5 billion US dollars (£7.1 billion), down by a quarter compared with the same period a year ago but above analysts’ forecasts, helping lift its share price by about 3%.

Susannah Streeter, head of money and markets for Hargreaves Lansdown , said: “The Trump trade shock has subsided and with tariffs on the back burner for now, optimism is pulsing through the markets, helped by a raft of corporate results surprising on the upside.

“The top gainers are a mixed bag, demonstrating how the new-found confidence is lifting multiple sectors.

“While some wariness about the future direction of US trade policy remains, for now investors are adopting a glass half full attitude, hopeful that the worst of the tariff fears won’t materialise.”

On the other hand, Primark’s owner Associated British Foods fell to the bottom of the FTSE 100 with its share price down nearly a 10th after telling shareholders that pre-tax profits slid by 21% for the 24 weeks to March.

The company, which also has a sugar business, said it was facing higher costs including for labour but that it was choosing to “absorb” it rather than passing onto customers.

Trading was mixed elsewhere in Europe, with Germany’s Dax gaining 0.69%, while France’s Cac 40 declined 0.24% on Tuesday.

In the US, the S&P 500 was hovering around zero, and Dow Jones climbing 0.4% by the time European markets closed.

The pound was down about 0.25% against the dollar, at 1.341, and 0.1% lower against the euro, at 1.176.

The price of Brent crude oil tumbled 1.8% to around 64.7 dollars per barrel.

In other company news, BP revealed profits for the past quarter dropped by almost half and debts swelled to 27 billion dollars (£20.1 billion).

Profitability was knocked by a slump in crude oil prices in recent months, with concerns over slower economic growth and energy demand globally growing in the aftermath of US tariff announcements.

BP’s share price declined 2.4% despite its chief executive hailing “significant progress” with its new strategy.

Elsewhere, Jet2 shares soared after the travel group announced a share buyback scheme of up to £250 million and said its annual profits would be in line with expectations.

Jet2 is expecting pre-tax profits to come in between £565 million and £570 million, which would be nearly a 10th higher than the previous year.

The group nevertheless said it was “mindful of the potential impact of the current geopolitical and macroeconomic environments” and that it was “too early” to provide an outlook for the year ahead.

Shares in Jet2 closed 15.7% higher.

The biggest risers on the FTSE 100 were Howden Joinery, up 34p to 773p, Entain, up 20.6p to 648.8p, BAE Systems, up 49p to 1,729.5p, Kingfisher, up 7.9p to 286.9p, and HSBC, up 21.9p to 855.6p.

The biggest fallers on the FTSE 100 were AB Foods, down 205p to 2,034p, BP, down 8.8p to 353.2p, Ashtead, down 97p to 3,993p, IMI, down 28p to 1,747p, and Beazley, down 12.5p to 872.5p."
"Department for Education stifling efforts to boost skills, warns Andy Burnham",https://www.independent.co.uk/news/business/department-for-education-stifling-efforts-to-boost-skills-warns-andy-burnham-b2741727.html,,business,independent,"Resistance within the Department for Education (DfE) to devolving powers to regional mayors is stifling efforts to boost skills and risks becoming an “anti-growth policy”, Andy Burnham has said.

The mayor of Greater Manchester told MPs his counterparts in other parts of the country share his view that local efforts to improve technical education and boost the workforce are being stifled by the department, which he said is “wasting time” over a crucial way to boost economic growth.

During an appearance before the Commons Business and Trade Committee, Mr Burnham was asked what had been his “biggest frustrations” during his term as mayor.

He said the “evidence is clear” that the current model of devolution in Greater Manchester is the right one and delivers economic growth.

But Mr Burnham added: “The frustration, to answer your question: the biggest is the Department for Education, without a shadow of doubt.

“Why are we remaking the case for devolution to this department now? I’ve been doing it for eight years.

“It stands to reason that you can create stronger technical education pathways when you can work with actual employers in your city region who will be employing the young people, or the older workers, who will come through.

“We are the only ones who can create that pathway. We are the only ones that could commission our colleges for the actual sectoral strengths of our economy, and yet it still seems that is resisted.

“I think the kind of position of the Department for Education on this issue risks becoming an anti-growth policy. It risk pulling back the growth that we’ve got.”

Greater Manchester Combined Authority, currently has full control of an apprenticeships and adult skills budget, but is yet to secure devolution of 16-19 education spending.

Mr Burnham has created the “Greater Manchester Baccalaureate”, which he describes as an “equal alternative to the university route”, but he was clearly frustrated at perceived resistance to his plans in Whitehall .

The latest official figures show that 11.2% of young people in the North West of England are not in education, employment or training.

Mr Burnham added: “We know our employers. I’m convening our employers to get those work placements, to really create those extra pathways for our young people, and to fell now that we are still having to argue for that and get permission to do that just seems to me to be wasting time.”

Greater Manchester Combined Authority has created an online portal called Beeline, which enables users to search for training and educational routes to certain jobs in the region.

Mr Burnham said the portal currently shows about 450 vacancies for software developers.

He added it would not be a surprise if the high level of young people missing out on job opportunities continues if a “top-down” approach without local flexibilities continues.

Mr Burnham conceded that the department had “moved a bit… down the path with us” and he welcomed the potential of Skills England, which will work with combined authorities, businesses and training providers to boost jobs when it is launched this year.

“But I just want to leave the committee in no doubt, the reason there’s urgency in my voice is we’re growing fast, but we could quickly have a vacancy problem that turns investors away. That is why it is mission-critical for this Government,” he added.

The Department for Education has been approached for comment."
M&S shelves hit by shortages as retailer reels from cyberattack,https://www.independent.co.uk/news/uk/home-news/m-s-cyberattack-shop-marks-spencers-b2741347.html,,business,independent,"There were empty shelves at some Marks & Spencer stores on Tuesday as the company reels from a cyberattack , with one expert warning it could still take days for the retailer to resume normal operations .

The retailer confirmed there were “pockets of limited availability” in some shops as a result of its “decision to take some systems temporarily offline” in response to the attack – but said it was “working hard” to get availability back to normal.

M&S has been grappling with a major “cyber incident” for more than a week now, in an incident which first caused problems for its contactless payments and click and collect orders and has since wiped millions off its market value .

Last Friday, it paused orders through its website and app, which have remained down as it tries to resolve the problem.

A hacking group operating under the name Scattered Spider and claimed to involve British and American teenagers has been linked to the attack, according to reports, with tech news outlet Bleeping Computer first linking the hacking group to a potential ransomware attack.

According to The Telegraph , investigators believe the attackers used a hacking tool from a group known as DragonForce, which bills itself as a “ransomware cartel”, to carry out the breach.

Professor Alan Woodward, a cyber security expert at the University of Surrey and former adviser to the EU’s law enforcement agency Europol, told The Independent that although little is known about the nature of the cyberattack, it could still feasibly be days before M&S is able to resume operations.

“I suspect one of reasons it’s taking so long to do all of this is an abundance of caution being exercised – and what they’re doing is they are turning over every rock and making sure there’s nobody still in there,” said Prof Woodward.

“Because one of the worst things is if a hacker has got in, let the ransomware go, and they can persist on the network, then you might clear it – you might get out of it [the attack] – but they’ll just pop back up again.”

He added: “M&S find themselves in a very difficult place. They know they’re losing money hand over fist, but at the same time they don’t want to put the systems back on prematurely until they can be absolutely sure that they’re safe to use.”

“These systems take a long, long time to build so you can imagine they take a long, long time to analyse as well,” said Prof Woodward. “The software’s incredibly complicated, you’ve got big systems interoperating with each other, so there’s a lot of little nooks and crannies to hide [in].”

The latest Cyber Security Breaches Survey, published by the UK government earlier this month, showed that four in 10 businesses were affected by a cyber attack or breach in the last year – a slight drop on the previous year.

Describing the UK as being “probably better prepared than many other countries”, Prof Woodward said: “Most of the big companies actually do work with our National Centre for Cyber Security, and they share intelligence . ”

He added: “So as soon as M&S was hit that would be flagged to everybody else and they would be able to look for indicators of compromise and see if anything had happened to their own system.

Noting that “there are hundreds of attempts a day on these companies to try and penetrate their networks, Prof Woodward continued: “What we’re seeing here is that one success out of a hundred that’s got through on one company, and it’s having a major impact.

“If they manage to paralyse the right bit of an organisation, they can just stop it trading.”

M&S has been approached for comment.

Additional reporting by PA"
Drugs giant GSK ‘well positioned’ to absorb potential US tariffs,https://www.independent.co.uk/news/business/drugs-giant-gsk-well-positioned-to-absorb-potential-us-tariffs-b2742109.html,,business,independent,"Drugmaker GSK (GlaxoSmithKline) has said it is “well positioned” to cope with any financial impact from changes to US tariff rules.

It came as the FTSE 100 giant revealed a rise in sales as weakness in its vaccine division was offset by growth in speciality medicines.

GSK reported total sales grew by 4% to £7.52 billion for the first quarter of 2025, compared with a year earlier.

This came on the back of a boost from its speciality medicines division, where sales rose 17% on the back of strong demand for oncology, respiratory and HIV treatments.

It helped to offset another decline in its vaccines arm, where sales dropped by 6% to £2.1 billion for the quarter.

The group said it is on track for turnover to increase by between 3% and 5% over the current year, in line with previous guidance.

It held financial guidance for the year despite uncertainty over US tariffs, with the Trump administration currently investigating whether to change tariff policy for the sector.

“The company is well positioned to respond to the potential financial impact of sector-specific tariffs, should they be implemented, with mitigation options identified in the supply chain and productivity initiatives,” GSK told shareholders on Wednesday.

“The company will continue to monitor and review developments related to this situation.”

GSK was among pharmaceutical firms to recently call on the European Union to allow them to increase prices amid uncertainty over tariffs in the sector, warning Europe it will fall further behind the US without stronger investment incentives.

Chief executive Emma Walmsley said: “GSK continues to make strong progress, demonstrating the quality, strength and resilience of our portfolio.

“Specialty Medicines, our largest business, delivered strong sales contributions in the quarter and R&D progress continued, with two of the five FDA product approvals expected this year now secured, and the acquisition of a promising new oncology asset.

“This momentum, together with the strength of our portfolio and proven ability to drive operating leverage, underpin our confidence in guidance for the year and our longer-term outlooks.”

Shares in the company were 2% higher in early trading on Wednesday."
Union chief to lead negotiations in bid to end Birmingham bin strike,https://www.independent.co.uk/news/business/union-chief-to-lead-negotiations-in-bid-to-end-birmingham-bin-strike-b2742130.html,,business,independent,"The general secretary of the Unite union is to lead crucial talks aimed at resolving the long-running Birmingham bin strike, it was announced on Wednesday.

Sharon Graham will head the union’s negotiating team at talks on Thursday under the auspices of conciliation service Acas .

Last week, Unite said it believed a deal to end the industrial action could be “within touching distance”.

But a row flared on Tuesday when the union accused Birmingham City Council of planning to cut the pay of bin lorry drivers by up to £8,000.

The council insisted it is carrying out a “fair and transparent” job evaluation process, jointly agreed with trade unions, to ensure it complies with equal pay laws.

Ms Graham said: “Unite will not stand by and allow the council to inflict these savage pay cuts on workers. It will not be accepted.

“No worker should be expected to lose these eye-watering amounts of money from their pay packet.”"
Starbucks to open its first 3D-printed store within days,https://www.independent.co.uk/news/business/starbucks-coffee-texas-3d-printed-b2742144.html,,business,independent,"Starbucks is brewing up a new approach to construction with the opening of its first 3D-printed store in the U.S.

Located in Brownsville , Texas , on the US-Mexico border, this drive-thru-only location marks a significant step for the Seattle-based coffee giant, which has over 17,000 locations nationwide. and the retail industry.

The location, which is set to open Friday, positions Starbucks among a few major retailers experimenting with 3D-printing for commercial construction. Unlike traditional construction methods, the store was built using a computer-controlled robotic arm, layering concrete to form the structure.

Builders have mostly used the technology in residential construction as they look to innovate to tackle an affordable housing crisis.

Starbucks isn't saying whether more stores like it are on the horizon or why the company chose Brownsville , which has about 190,000 residents and at least four other locations in the area.

At first glance, the compact rectangular building with the Starbucks logo looks like any other, but a close look reveals ridged walls that resemble stacked tubes.

Construction experts say the store is an example of an industry figuring out ways to use the technology.

“It’s early days yet,” said James Rose, director of the Institute for Smart Structures at the University of Tennessee . “I’m happy to see people doing all of these different things with it, and I think at some point we’ll figure out what its best use is. But right now I think you’re going to see lots of experimentation, and I think that’s a good thing.”

The shop is on a busy thoroughfare where Faviola Maldonado was among those who watched the construction gradually take shape.

“It was just different,” said Maldonado, who operated a jewelry store next door before recently moving. “It was super high technology.”

Starbucks confirmed this is its first 3D-printed store in the U.S. but declined an interview request.

Andrew McCoy, associate director of research and innovation at the Myers-Lawson School of Construction at Virginia Tech , called the new store “leading edge.”

In general, construction using 3D technology still costs more than traditional wood framing, McCoy said. But, he said, it helps address a labor shortage and can be a way to get something built faster. He expects it will eventually become more cost competitive.

“You are starting to see the technology is getting faster, smaller,"" McCoy said. ""It’s getting easier to use.”"
Aston Martin cuts US imports following Trump’s tariffs,https://www.independent.co.uk/news/business/aston-martin-us-sales-trump-b2742153.html,,business,independent,"Aston Martin is scaling back US imports due to new tariff rules introduced by the Trump administration, the British car manufacturer has announced.

The company revealed the move as it reported declining sales figures, but maintained its financial projections for 2025.

Rather than exporting new vehicles to the US, which now face a 25 per cent tariff, Aston Martin is utilising existing stock held by US dealerships. This strategic decision aims to mitigate the impact of the new trade regulations.

CEO Adrian Hallmark stated: ""We are carefully monitoring the evolving US tariff situation and are currently limiting imports to the US while leveraging the stock held by our US dealers.

""We remain vigilant in monitoring events and will respond to changes in the operating environment as they materialise.""

Despite the challenges posed by the tariffs, Aston Martin remains committed to its turnaround plan and expressed confidence in achieving its 2025 financial targets.

Aston Martin is among European car manufacturers that have seen shares slide in value in recent months over concerns about the potential impact of tariffs on demand for their vehicles in the US.

Last month, Aston Martin marginally reduced its sales guidance for the year due to fears the tariff rules could dampen wholesale volumes.

The company, which makes around 30 per cent of its sales through the US, stressed on Wednesday that the ramifications of the tariffs are still “uncertain”.

It came as the firm also reported that operating losses grew for the first three months of 2025.

Meanwhile, it reported a pre-tax loss of £79.6 million for the quarter, down from a £138.9 million loss a year earlier.

Total revenues dropped by 13 per cent to £233.9 million for the quarter.

It comes amid a significant overhaul at Aston Martin as it seeks to shore up its long-term finances.

In February, the group said it plans to sell its minority stake in the Aston Martin Aramco Formula One team and confirmed that Lawrence Stroll’s Yew Tree Consortium would invest a further £52.5 million to grow its stake in the business.

Aston Martin said the two deals were expected to improve the group’s liquidity by more than £125 million."
Barclays profits surge as bank braces itself for US trade war,https://www.independent.co.uk/news/business/barclays-bank-profits-us-debt-b2742172.html,,business,independent,"Barclays has posted a 19 per cent surge in pre-tax profits to £2.72 billion for the first quarter, but the bank is bracing for economic headwinds.

Growing concerns over the US economy and escalating global trade tensions have led the banking giant to bolster its reserves for potential bad debts.

While profits jumped by almost a fifth in the three months to March 31, Barclays increased its loan loss provisions to £643 million, up from £513 million a year earlier.

A significant portion of this increase, £74 million, is specifically attributed to ""elevated US macroeconomic uncertainty"".

The bank acknowledged the current climate of ""heightened uncertainty in the near-term macroeconomic outlook, especially in the US"".

Barclays' substantial US operations make it particularly vulnerable to the fallout from the ongoing trade war initiated by President Trump . The bank will continue to monitor the situation.

However, group chief executive CS Venkatakrishnan, known within the bank as Venkat, cheered a robust first three months of the year, confirming the lender is on track for 2025 and 2026 guidance.

He said: “I am very pleased with our performance in the first quarter, which represents another strong quarter of execution.”

While it kept its outlook unchanged, the group increased its guidance for net interest income – a key measure for retail banks – to more than £12.5 billion from around £12.2 billion previously, with some £7.6 billion now expected from the UK arm.

The results show it also delivered around £150 million in cost savings in the first quarter as part of its ongoing overhaul."
Taylor Wimpey sees lower profit margins amid return of inflation,https://www.independent.co.uk/news/business/taylor-wimpey-sees-lower-profit-margins-amid-return-of-inflation-b2742210.html,,business,independent,"Taylor Wimpey has said it expects lower profit margins in the first half of 2025, amid lower selling prices and rising inflation for construction firms.

The house builder said on Wednesday that operating margins will likely be lower than 2024’s figure of 11% for the first half of the year.

It said underlying pricing in its order book at the start of the year was slightly lower than the 12 months previous, while it also cited “the return of a low level of build cost inflation”.

Nonetheless, Taylor Wimpey said it is still on course to build up to 10,800 homes this year, as previously forecast.

That is up on the previous year, when it fell just short of the 10,000 mark last year, but still well behind the roughly 14,000 four years ago.

Chief executive Jennie Daly said that while the Government’s recent planning reforms are “positive”, they would require more resources to make them work.

England’s planning system has long been criticised for making it too easy to reject applications to build homes, and as a hurdle to fighting the chronic shortage of housing across the country.

Labour’s changes include hiking approvals targets for local authorities and making it easier to build on parts of the greenbelt.

Sir Keir Starmer has said he wants to end a “challenge culture” on infrastructure projects, including new homes.

Meanwhile, Taylor Wimpey said it is “continuing to see good quality customer interest” despite recent economic volatility and “ongoing affordability challenges”.

As of April 27, its total order book stood at £2.3 billion, compared with £2.1 billion the previous year, representing 8,153 home, up from 7,742 homes at the same point in 2024.

Ms Daly said: “The spring selling season has progressed in line with expectations, with good levels of customer demand reflected in our sales rate.

“Notwithstanding the wider macroeconomic backdrop, affordability is improving with lenders remaining committed to the housing market, albeit first time buyers continue to experience some challenges.

“Planning reforms are positive, but these do require increased resources and a focus on the implementation phase to drive outcomes and deliver much-needed new homes across the country.

“Looking ahead, we operate in an attractive market with significant underlying demand for new homes.

“With our strong, high-quality landbank, healthy balance sheet and highly experienced teams, Taylor Wimpey is set to deliver sustained growth and value for all our stakeholders.”"
Santander UK profits fall as bank lowers economic growth outlook,https://www.independent.co.uk/news/business/santander-uk-profits-fall-as-bank-lowers-economic-growth-outlook-b2742226.html,,business,independent,"Santander has revealed lower profits in the UK as it set aside more cash to cover costs related to cutting its high street branches, and lowered its outlook for economic growth this year.

The UK bank said it was making some big changes to how the business is run in order to reduce costs.

It reported a pre-tax profit of £358 million for the first quarter, between January and March, which was 8% lower than the same period a year ago.

Mike Regnier, Santander UK’s chief executive, said that “charges relating to changes to our branch network” drove profits lower in recent months.

This has involved it putting aside more cash to cover charges and business expenses that come with the overhaul – with total provisions rising 69% to £140 million for the quarter.

Last month, the Spanish-owned banking giant said it was shutting 95 of its 444 branches across Britain from June, while also cutting hours across 36 sites and switching 18 to be counter-free.

Some 750 staff will be placed at risk of redundancy as a result of the move.

It said the changes will “enable the bank to better serve the changing needs of its customers”, as it also highlighted that customers were continuing to opt for digital banking over “traditional” channels.

It has also been pushing ahead with simplifying and automating parts of the business which it expects to lead to cost-savings over 2025.

Meanwhile, Santander said it was keeping a close eye on increasing geopolitical risks and the potential impact on its customers.

It comes as Banco Santander, the wider group which incorporates its international operations, said the first three months of the year had been “characterised by growing uncertainty caused by certain geopolitical tensions”, mainly tariff policies in the US and increased defence spending in Europe.

New projections by the bank show UK economic growth is expected to be slower this year than previously forecast.

The “base case” scenario shows gross domestic product (GDP) falling to 0.8% this year, from 1.4% growth forecast in February.

GDP will then rise to 1.3% in 2026, also lower than the 1.6% previously forecast.

The downgrade reflects weaker growth over the second half of the year and reduced consumer and business confidence.

In a worst-cast scenario, which could happen if investment weakens, global risks increase, and the UK labour force shrinks, GDP could drop by as much as 2.8% this year, according to the bank.

Mr Regnier said that, “looking ahead, we will look to build on our positive momentum and will continue to work closely with Banco Santander to ensure that we harness the benefits of being part of a global business”."
"Onshore GDP shrunk 0.2% in February, figures show",https://www.independent.co.uk/news/business/onshore-gdp-shrunk-0-2-in-february-figures-show-b2742225.html,,business,independent,"Scotland’s onshore GDP contracted by 0.2% in February, the latest statistics show.

It follows a growth of 0.4% in January, which was revised up from 0.3% in the latest figures.

In the three months to February, GDP is estimated to have grown by 0.7% compared to the previous quarter.

The largest negative contribution in February was in the “information and communications” sector of the economy, which shrunk by 3.5%.

Deputy First Minister Kate Forbes said: “Global economic uncertainty has been rising but I am encouraged to see growth of 0.7% in the three months to February.

“Despite limited devolved powers, our forthcoming Programme for Government will face up to the very different economic landscape and take all the steps we can to improve the position of Scotland to draw in new investment and create jobs.

“However it is clear that a co-ordinated response is required and we need to see bold and decisive action from the UK Government at a scale which reflects the economic uncertainty being felt by business, workers and families – including the reversal of its damaging decision to increase employers’ national insurance contributions.”

Responding on behalf of the UK Government, Scottish Secretary Ian Murray said: “Our Plan for Change is delivering security and renewal by kick-starting economic growth and creating well-paid jobs to put more money in people’s pockets.

“Our measures to get Britain working coupled with the landmark Employment Rights Bill have brought an annual pay rise of around £1,400 for more than 220,000 Scottish workers, and we’ve increased job security too, ending exploitative zero-hours contracts for nearly 80,000 Scottish workers.

“Restoring stability is key. The Scottish Government is receiving a record £47.7billion in 25/26 to fund public services, like our NHS.

“We’re investing a further £1.4 billion in local growth projects over the next 10 years, our National Wealth Fund will support clean energy and business expansion. and our forthcoming industrial strategy will herald a new era of growth and create opportunities for people in Scotland and all across the UK.”"
Aberdeen assets contract as clients withdraw more than £5bn,https://www.independent.co.uk/news/business/aberdeen-assets-contract-as-clients-withdraw-more-than-ps5bn-b2742251.html,,business,independent,"Finance giant Aberdeen saw its assets shrink over the latest quarter as clients withdrew more than £5 billion amid volatile conditions in global financial markets.

Shares in the company still made gains on Wednesday morning despite the reduction in assets.

The asset management firm, which added vowels back to rebrand from Abrdn last month, revealed total assets under management of £500.1 billion for the quarter to March 31.

It said this dropped from £511.4 billion over the past three months, as it was impacted by a net outflow of £5.2 billion.

The company has come under pressure in recent months amid increased client outflow and has sought to reduce costs with rounds of job cuts.

However, the firm highlighted improvement in its Interactive Investor (ii) platform business, which reported a net inflow of £1.6 billion for the quarter as it benefited from market volatility driving trading activity.

Jason Windsor, chief executive of Aberdeen, said: “Our strategy is to become the UK’s leading wealth business and to reposition our investments business to areas of strength and market growth.

“So far this year, we have made good progress against these objectives, despite the current heightened levels of market uncertainty.

“Interactive investor has seen significant growth in new customers, and in trading volumes, which have risen to record levels during the recent period of market volatility.”

Rae Maile, research analyst at Panmure Liberum, said: “The company has delivered assets under management in line with our estimates but with some significant signs of promise for the future: activity levels at ii have been strong and customer acquisition has continued; adviser net outflows have slowed usefully on reduced redemptions; investments saw outflows as anticipated but has landed a material new mandate in April.

“The company has also reiterated its profit ambitions for full-year 2026, which remain ahead of our estimates, despite recent market volatility.”

Shares moved 1.4% higher as a result."
"‘Crucial’ skills needs will not be met unless system changes, MSPs told",https://www.independent.co.uk/news/business/crucial-skills-needs-will-not-be-met-unless-system-changes-msps-told-b2742274.html,,business,independent,"The skills needed to sustain and grow the Scottish economy will not be met unless changes to the system are made, industry leaders have told MSPs .

Holyrood’s Economy and Fair Work Committee was told that businesses are being “heard” but “not being listened to” when it came to pleas for a better-skilled workforce.

Paul Sheerin, chief executive of Scottish Engineering, criticised the Scottish Government for “smashing” the work of Skills Development Scotland (SDS) into the Scottish Funding Council (SFC).

Ministers previously announced that responsibility for providing national training programmes, including apprenticeships, will move from SDS to the SFC.

But Mr Sheerin warned that would mean efforts to fix the “worsening” issue of a “skills crisis” in Scotland could stall as “our eye is off the ball” during the transition.

Asked if he had confidence Scotland would meet its current need for skills, he said: “On the current path? No.”

Paul Campbell, employer engagement group chairman at the Scottish Apprenticeship Advisory Board, also said he was “not convinced” the current system would deliver the skills the country needs.

Asked if businesses were able to influence policy around skills, Mr Sheeran said the “current landscape for skills reforms” is “unclear to industry”.

He said: “I think today they would say that their views might be heard, but they’re not being listened to, and they’re certainly not being acted on.

“From all of the feedback consultation that we’ve put in since the start of this Skills Review I don’t think I can point to any one thing where there’s been an action which has reflected the input from industry, and that’s a great cause of frustration.”

Scottish Financial Enterprise chief executive Sandy Begbie, who also appeared before the committee, said “supply and demand” for skills and jobs was not being met in Scotland.

He said his industry had been “calling out for skills for years”, calls which he said had become even greater following the Covid pandemic.

He told the committee: “I’ve always viewed this as a supply and demand, almost, equation. The supply and demand are not aligned at the moment.”

He called for the Scottish Government to come up with a clear vision for skills in Scotland that would provide “clarity” to businesses and education.

“I think that direction is hugely important and it’s not what we have at the moment,” he said.

Jack Norquoy, director of public affairs and communications for Scottish Renewables, said the need for skills was crucial to the energy industry, as well as the wider economy.

He said: “Industry is willing to play our part, but we do hit the challenge when it comes to the public sector, in terms of apprenticeships, in terms of our colleges as well, who are absolutely key at this.”

Mr Norquoy said skills were the “key barrier” to business but also the “key opportunity” to grow the economy.

He said the skills system must be more “agile and responsive” which will be “crucial” to the country’s economy.

He added: “I think there is absolutely a need for the education and skills system to take into account the needs of industry better.

“There are frustrations in that regard in terms of how effectively we can input our needs into the system so that we can create, as I say, that agile and responsive, particularly in regard to colleges.”

The Scottish Government has been approached for comment."
Pub group Young’s toasts bumper sales year despite rising costs and poor weather,https://www.independent.co.uk/news/business/pub-group-young-s-toasts-bumper-sales-year-despite-rising-costs-and-poor-weather-b2742273.html,,business,independent,"Pub group Young’s has reported rising annual sales despite a year of “prolonged economic uncertainty” and volatile weather.

The company said like-for-like sales rose 5.7% in the year to March 31, defying what it said were “widespread challenges” for the sector.

Pubs and retailers were still struggling with higher-than-usual inflation for some of last year, while more recently they were hit by rising employment costs from policies in the October Budget.

Young’s has previously said a rise in national insurance contributions (Nics) would cost it about £11 million extra per year, starting in April.

But it also enjoyed a bump in sales from the Euros football tournament over the summer, and a boost from its £162 million takeover of rival City Pub Group in late 2023, which brought a further 50 pubs into the Young’s business.

And it previously toasted bumper trade over Christmas and new year, with sales across the festive period up 10.5% year-on-year.

Chief executive Simon Dodd said: “We achieved a huge amount during the past financial year, and I am extremely pleased with this performance.

“We delivered it against a challenging backdrop, which was characterised by unpredictable British weather and prolonged economic uncertainty driven by political turbulence through the year.

“Our performance demonstrates the strength and resilience of our premium estate, coupled with the work of our phenomenal teams.

“Together, these factors have enabled our business to continue to thrive and we remain confident in our ability to deliver profitable growth.”"
Aerospace giant Melrose says US tariffs creating ‘complexity’ for industry,https://www.independent.co.uk/news/business/aerospace-giant-melrose-says-us-tariffs-creating-complexity-for-industry-b2742296.html,,business,independent,"Global aerospace business Melrose Industries has said it has moved “swiftly” to alleviate the impact of US tariffs which have complicated trade across the industry.

The company, which makes engine parts for aircraft and provides a range of technology for flights, said it is closely monitoring the situation.

Chief executive Peter Dilnot said: “The recent introduction of tariffs has created additional complexity across the aerospace industry.”

Earlier this month, US President Donald Trump introduced sweeping new levies on US imports, at varying rates for different countries and goods being supplied.

This included a 25% charge on aluminium and steel imports – materials which are typically used for components that make up aircraft structures and engines.

Boeing , a US-based aeroplane manufacturer, recently said its customers in China have indicated they will not take deliveries, in a sign of the escalating trade conflict between the two countries.

But Melrose told shareholders it has managed to take a number of measures to mitigate the impact of tariffs – specifically relating to products being exported to the US and supplied to its manufacturing sites.

These measures include adjusting its supply chain, negotiating with customers and suppliers, and the use of “drawback”, which involves reclaiming taxes on imported goods that are later exported.

“We have acted swiftly to evaluate potential effects on the group and have a path to successfully mitigate our identified direct exposure at current tariff levels,” Mr Dilnot said.

“The situation remains fluid, and we will continue to work closely with our customers and suppliers to respond as needed.”

The company still expects to report an adjusted operating profit of £700 million for 2025 – although this guidance does not include the impact of tariffs.

Revenues are forecast to come in between £3.55 billion and £3.7 billion.

Melrose added that demand within both its civil and defence markets remains strong."
"More than 300,000 homes at risk of electricity disruption from July 1",https://www.independent.co.uk/news/business/more-than-300-000-homes-at-risk-of-electricity-disruption-from-july-1-b2742163.html,,business,independent,"More than 300,000 homes are at risk of losing their hot water and heating when their electricity meters are switched off on June 30, the industry has said.

Energy companies have admitted that current rates of replacement mean it is likely that thousands of Radio Teleswitching System (RTS) meters will not have been upgraded before the technology is switched off.

The RTS system – used by older electricity meters to control heating and hot water – uses a longwave radio frequency to switch between peak and off-peak rates.

However the technology is becoming obsolete and energy companies have a deadline to change their customers’ meters by June 30.

A spokesman for Energy UK , which represents energy firms, said that, at the end of March, 430,000 households remained on an RTS meter and more than 1,000 were being replaced each day.

Campaigners said this implies that more than 300,000 households could be left with a meter which does not work from July 1.

Most homes have standard meters and will not be affected, whether or not they have a smart meter.

Ned Hammond, Energy UK’s deputy director for customers, told BBC Radio 4’s You And Yours programme that the rate of replacement is rising, but added: “Obviously we’d need to increase from there significantly still to replace all the meters by the end of June.”

Asked whether it is impossible to get every RTS meter switched over by June 30, he said: “I wouldn’t want to say impossible – but clearly very, very difficult to get to that point.”

Industry regulator Ofgem has said the risks associated with not having a functioning meter include heating and hot water left continually on or off, electric storage heaters charging at the wrong time of day, possibly leading to higher bills, and the supplier being unable to confirm electricity usage during peak or off-peak times.

The End Fuel Poverty Coalition has written to the watchdog and the Government to raise concerns about the pace and communication of the meter replacement effort.

The coalition said the replacement programme is falling dangerously behind schedule, with energy suppliers unable to meet existing targets and thousands of customers – especially in rural Scotland – still without a plan for replacement.

The letter reads: “Based on our members’ conversations with energy suppliers, we estimate that, in Scotland alone, tens of thousands of RTS meters are yet to be addressed, leaving many consumers in limbo.”

Simon Francis , co-ordinator of the End Fuel Poverty Coalition, said: “Our member organisations across the country will continue to do all they can to support the transition and raise awareness of the switch, but urgent action is now required.

“There is a very real risk that over 300,000 households will find their RTS meter stops working properly come 1 July 2025.

“With pressures on the replacement programme growing and with limited engineer availability, especially in rural areas, there’s a real risk of prolonged disruption, particularly for vulnerable households.

“Government, regulators and energy firms need to face up to the looming crisis and ramp up efforts to help people switch.

“At the same time we now need to ensure contingency measures are in place for those who do not make the deadline and require energy suppliers to ensure fair metering and billing practices.”

A Smart Energy GB spokeswoman said: “The RTS switch-off could result in households with Radio Teleswitch meters losing control of their heating and hot water. It is therefore crucial that anyone with an RTS meter accepts an upgrade from their supplier now.

“Most RTS meter replacements will be a smart meter, which can be programmed to deliver a similar service to RTS and offer the best option for the vast majority of homes and businesses.

“ Smart meters provide accurate, automatic meter readings and give you greater visibility over your energy usage, helping you to manage your usage and save money. With a smart meter you’ll also have access to a range of tariffs to suit your situation.”

According to Ofgem, you may have an RTS meter if:

– Your home has a separate switch box near your meter with a Radio Teleswitch label on it;

– Your home is heated using electricity or storage heaters;

– There is no gas supply to your area;

– You get cheaper energy at different times of day, for example, on an Economy 7 tariff;

– If you haven’t been contacted, Ofgem recommends contacting your supplier to arrange the replacement;

– However, beware if someone contacts you claiming you need to pay to change your meter because it is likely to be a scam."
Why are house prices still so ruinous?,https://www.independent.co.uk/voices,,business,independent,CONTENT_NOT_FOUND_CONTAINER_MISSING
Why are house prices still so ruinous?,https://www.independent.co.uk/voices/house-prices-housing-market-b2742222.html,,business,independent,"T here was some blessed relief for people trying to buy their first home in April as the runaway housing market train finally hit the buffers.

Nationwide’s latest House Price Index (HPI) recorded a small, seasonally adjusted, 0.6 per cent decline when compared to March. In terms of real money – and do note that this figure is not seasonally adjusted – the average British home sold eased down to £270,752 from £271,316.

That is still higher than this time last year. But the pace of growth on an annual basis, at 3.4 per cent when compared to April 2024, was slower than in the 12 months to March (3.9 per cent).

It has been quite the rollercoaster for those in the game, by which I mean people buying and/or selling and not the sharp-suited estate agents whom they engage.

My editor kindly sent me a picture featuring some headlines from the past few months. They spoke breathlessly of records broken and growth at the fastest pace in two years, which is all very exciting for those sitting on a treasure chest and thinking of cashing in.

So why has it come to a juddering halt? Stamp duty , mainly. There was a rush to get deals done in March ahead of the hike imposed by Rachel Reeves. Cash-strapped chancellors love stamp duty because just about the only way to avoid it is to get in quick before the hammer falls. Given the state of public finances , Reeves may increase it again in September.

April was bound to be slow with the extra tax now due and Robert Gardner, chief economist for Nationwide, thinks that the market will stay soft before picking up again later in the summer.

Matt Thompson, head of sales at estate agent Chestertons, is also eyeing that season with hungry eyes, telling me: “We expect market activity and particularly buyer demand to pick up in early May which will lead to a busier than usual summer market. ”

The economic backdrop may not be pretty. But, as Gardner points out, unemployment remains low, even with job vacancies in long-term decline , while earnings have been consistently beating inflation.

Best of all, for buyers, is that mortgage rates are down. The interest rate swaps market, which governs the price of fixed rate deals, is anticipating that Bank of England base rates will fall faster and remain lower for longer than was the feeling before Donald Trump decided to lob a hand grenade into the middle of the global trading system.

With lenders finding it cheaper to secure financing for the mortgages they offer, they’ve been passing the savings on. It is now possible to find deals below four per cent, although you need a low loan to value – typically 60 per cent – to qualify. These aren’t deals for first-time buyers unless you’re lucky enough to have a branch of the Bank of Mum & Dad LLC willing to front a truly stupendous deposit.

When set against that, even the Trump-inspired chaos chilling an already less-than-healthy UK economy mightn’t spoil the party that Chestertons, Nationwide and most other forecasters are expecting to get started later in the year.

At this point, you’ve probably guessed that there is a “but” coming. And you would be right. Taylor Wimpey CEO Jennie Daly noted what she called “the ongoing affordability challenges for some of our customers, particularly in the south of England” in the group’s latest trading update.

You can almost hear the collective “no kidding!” from those currently perusing estate agents’ boards. Housing costs in Britain are, to put it simply, horrible. And Daly is quite right: a lot of people are struggling with their mortgages, especially those who recently came off the deals available when base rates were near zero.

Raising a deposit presents a real struggle for young people without wealthy parents. I’ve also been watching banks reporting rising levels of bad debt . Yes, multiple things are feeding into this; non-performing loans to businesses facing tough trading conditions in particular. But what this may serve to do is to cool their ardour when it comes to offering hot mortgage rates by reducing their appetite for risk and causing them to take steps to protect their margins.

The housing market is still crazy. Home ownership is a dream for a large number of people and they will do what it takes to make it come true, going without to fund their repayments when things get tight.

But there are reasons for thinking the market might tread water for longer than people expect. While I’ve been wrong before, and I’m out of step with most of the forecasters who think that rollercoaster is poised to race up the hill at pace, I think this is quite possible.

House prices are too high for people to afford. They need to come down."
Forbes laments ‘dark moment’ at Grangemouth but says ‘real progress’ being made,https://www.independent.co.uk/news/business/forbes-laments-dark-moment-at-grangemouth-but-says-real-progress-being-made-b2742462.html,,business,independent,"Real progress is being made on the report which charts a future for Grangemouth , the Deputy First Minister has said after oil refining finally ended at the industrial site earlier this week.

Kate Forbes said the end of oil processing at Scotland’s last refinery was a “dark moment” in the country’s industrial history.

However she said Scottish Enterprise has received 66 inquiries related to Project Willow – which plots a future for Grangemouth in low-carbon energy – as well as other activities at the site.

Owners Petroineos confirmed on Tuesday that Grangemouth has now transitioned to become an import terminal for finished fuels rather than an oil refinery.

The company says the refinery, which opened in 1924, is loss-making.

In recent months, hundreds of workers have taken voluntary redundancy while a number of compulsory redundancies have also been made.

Ms Forbes delivered an update on the situation to MSPs on Wednesday.

Both the Scottish and UK governments had commissioned Project Willow to try and preserve jobs at the site.

She said: “Yesterday’s news that Petroineos has now ceased refining at Grangemouth is a devastating blow to Scotland’s economy, the workforce and the local community.

“My thoughts are with all of the workers impacted as they navigate these difficult times.

“Whilst we have anticipated this moment since Petroineos made their decision last September, it is none the less a dark moment in Scotland’s industrial history.

“It is clear that real progress is being made on both the outputs from Project Willow and other associated manufacturing opportunities.

“Scottish Enterprise are dealing with 66 inquiries aligned to both the full range of technologies set out in the report as well as to manufacturing activities carried out across the wider cluster.”

She said the situation is “nothing short of an economic crisis” as she called on the UK Government to do more to support investment.

Conservative MSP Stephen Kerr accused Ms Forbes of playing a “constitutional game”, saying the SNP have been hostile to the oil and gas industry.

The Deputy First Minister said many proposals present “incredible opportunities” for the site.

Labour’s Daniel Johnson said the UK Government had pledged £200 million for the future of Grangemouth, saying the SNP had been made aware the refinery was under threat five years ago.

Ms Forbes said the Scottish Government had been engaging with Petroineos and has been “actively at work to secure the future of this key industrial asset”."
Melrose shareholders reject pay deals worth £200m for four top bosses,https://www.independent.co.uk/news/business/melrose-shareholders-reject-pay-deals-worth-ps200m-for-four-top-bosses-b2742499.html,,business,independent,"Shareholders have rejected pay deals worth more than £200 million for three former executives and the boss at aerospace giant Melrose Industries.

The chairman of the London-listed company told investors “I understand your concerns” after holding the vote at its annual general meeting (AGM).

Some 66% of shareholders voted against the directors’ remuneration on Wednesday.

Figures published in its annual report last month show executive directors took home bumper pay deals in 2024 following the end of a four-year performance plan.

About £207 million was awarded as part of the long-term incentive plan which was introduced in 2020, and granted top executives shares worth 7.5% of any increase in the company’s market value.

During that period, the share price of the company surged, resulting in big bonus payouts for the top bosses.

Three of the executives receiving bonus awards worth more than £50 million each – Christopher Miller, Simon Peckham, and Geoffrey Martin – have now left the business.

Chief executive Peter Dilnot received £45.4 million last year in pay and bonus awards. The majority of shareholders nonetheless voted in favour of his re-election.

Melrose’s chairman Chris Grigg told shareholders at the AGM: “First, I hear you and I understand your concerns.

“Secondly, in light of the feedback, we will be engaging with shareholders to ensure our future directors’ remuneration policy is in line with our changed business model.”

The vote comes after Mr Dilnot said new US tariffs had created “additional complexity” across the aerospace industry.

But he said Melrose had acted “swiftly” to mitigate the potential impact.

This included adjusting its supply chain, negotiating with customers and suppliers, and the use of “drawback”, which involves reclaiming taxes on imported goods that are later exported.

The company still expects to report an adjusted operating profit of £700 million for 2025 – although this guidance does not include the impact of tariffs.

Revenues are forecast to come in between £3.55 billion and £3.7 billion."
Royal Mail owner’s £3.6bn takeover approved by shareholders,https://www.independent.co.uk/news/business/royal-mail-owner-s-ps3-6bn-takeover-approved-by-shareholders-b2742531.html,,business,independent,"Royal Mail’s £3.6 billion takeover by Czech billionaire Daniel Kretinsky has been passed by its shareholders, paving the way for the more than 500-year-old company to be taken into foreign ownership for the first time.

International Distribution Services (IDS), Royal Mail’s owner, first agreed to the acquisition in May last year.

It was cleared by the UK Government in December, but has faced delays as it waited for approval from authorities in Romania amid political upheaval in the country.

Investors holding 80% of the group’s share capital had approved the takeover by Wednesday afternoon, making the offer “unconditional”, EP announced.

It needed the approval of at least 75% of the shareholding.

IDS shares are expected to stop trading on the London Stock Exchange by June 2 as the company moves to private ownership.

Mr Kretinsky, EP’s founder and chairman, said: “We are delighted to have secured the overwhelming support of IDS’s shareholders for our offer.”

He said it was committed to “putting employees and customers at the heart of everything IDS does” and in “sharing the fruits of success with employees”.

“ Employees are at the centre of our plans for the business and we know we will only succeed with a clear, shared vision for the future that we can all work towards,” he added.

Keith Williams, the chair of IDS, said: “Both the IDS board and EP are acutely aware of the unique heritage of Royal Mail .

“We have been pleased to secure a far-reaching package of legally binding undertakings and commitments, which have been endorsed by Government.

“These provide our customers, colleagues and broader stakeholders with safeguards for the provision of the universal service obligation, the ongoing financial stability of Royal Mail, the maintenance of colleague benefits, and Royal Mail’s broader role in the United Kingdom.”

Commitments to protect the universal service obligations, as well as a vow to keep the brand name and headquarters in the UK for the next five years, have formed part of a number of pledges to soothe concerns over the takeover.

Dave Ward, the general secretary of the Communication Workers Union , said: “Today represents a pivotal moment in the history of Royal Mail – one of our country’s most iconic and important companies.

“The CWU have reached a groundbreaking agreement with EP Group that provides the platform for a fresh start and the rebuilding of Royal Mail.

“We will not hesitate to challenge EP Group if they do not fulfil their obligations to postal workers and customers.”"
Wall Street falls while FTSE 100 regains losses after US economy shrinks,https://www.independent.co.uk/news/business/wall-street-falls-while-ftse-100-regains-losses-after-us-economy-shrinks-b2742491.html,,business,independent,"The FTSE 100 finished in the green on Wednesday while US markets slumped, following news that the US economy contracted in the first part of this year.

London’s blue-chip index ended the day in the green, rising 31 points to finish the day at 8495, a 0.4% rise.

But on Wall Street , the S&P 500 was down 1% as European markets were closing, while the Dow Jones was down 0.74%, both recovering from even steeper falls.

The UK market also slumped during the afternoon after the news of a 0.3% fall in US gross domestic product (GDP) for the first three months of 2025, before eventually clawing back the losses.

Kallum Pickering, chief economist at Peel Hunt, said the fall “is not the headline US President Donald Trump would have hoped for to mark his first 100 days back in office”.

He added: “However, the first quarter GDP drop is down entirely to his administration’s misguided trade policies – which had been signalled on the campaign trail.”

Elsewhere, Germany’s Dax rose 0.1% and France’s Cac 40 increased 0.4%.

Sterling was down 0.5% against the dollar at 1.3338, while it was 0.2% down against the euro at 1.1757.

In company news, Barclays’ profits surged by nearly a fifth thanks to a boom in trading activity sparked by the US trade war.

The UK banking giant reported a better-than-expected 19% rise in pre-tax profits but it also said it set aside more cash for bad debts due to worries over the American economy.

The group said it “continues to monitor the heightened uncertainty in the near-term macroeconomic outlook, especially in the US”.

Barclays has an exposure to the tariff woes and US economy through its sizeable operations in America, where it has 20 million customers.

Shares in the group fell 1.4% on Wednesday.

Meanwhile, drugmaker GSK (GlaxoSmithKline) said it is “well positioned” to cope with any financial impact from changes to US tariff rules.

It came as the FTSE 100 giant revealed a rise in sales as weakness in its vaccine division was offset by growth in speciality medicines.

This came on the back of a boost from its speciality medicines division, where sales rose 17% on the back of strong demand for oncology, respiratory and HIV treatments.

Shares rose 3.7%.

The biggest risers on the FTSE 100 were Smith & Nephew, up 58p to 1054p, CocaCola HBC, up 146p to 3900p, GSK, up 51.5p to 1483.5p, Pearson, up 41.5p to 1196.5p, and SSE, up 48p to 1692p.

The biggest fallers on the FTSE 100 were Glencore, down 19.5p to 244.4p, Anglo American, down 98.5p to 2029p, Antofagasta, down 61p to 1633p, HSBC, down 23.6p to 832p, and JD Sports, down 2.16p to 78.58p."
Top business award for London Stock Exchange chief executive,https://www.independent.co.uk/news/business/top-business-award-for-london-stock-exchange-chief-executive-b2742702.html,,business,independent,"The chief executive of the London Stock Exchange has won a prestigious business award.

Dame Julia Hoggett has been named this year’s winner of the Veuve Clicquot Bold Woman Award, the longest-running international accolade honouring outstanding women in business.

She was recognised for her leadership and impact as a woman in financial services for her role at the London Stock Exchange, the largest European exchange, and for her leadership of the UK’s Capital Markets Industry Taskforce.

Judges also praised her role in championing diversity and inclusion throughout her career.

Insiya Jafferjee, co-founder of sustainable packaging company Shellworks, was awarded Veuve Clicquot’s Bold Future Award, which celebrates female entrepreneurs of the future.

She was honoured for creating the world’s first sustainable packaging material with the aim of tackling the plastic waste crisis.

The judges said they were impressed by her commitment to building a business with significant scale at such speed – Shellworks has already replaced 40 tonnes of plastic and 1.2 million packaging solutions that would have otherwise relied on petroleum plastics.

Dame Julia said: “It is a huge honour to win such a prestigious award and be recognised amongst the ranks of these other truly inspiring, bold women.

“I often use the phrase ‘the braver I am, the braver I get’. Being bold, brave, ambitious and inclusive in our vision for the London Stock Exchange and its role in building an ecosystem in which entrepreneurs and investors can thrive is hugely important to me.

“That is why I am so honoured to have won this award – one that passes the metaphorical baton for female business leaders on from Madame Clicquot herself.

“However, any organisation is not about one person, but about the remarkable teams of people that make them up. I am incredibly proud of, and grateful to, the teams that support me in running the London Stock Exchange and our wider businesses each and every day.”

Ms Jafferjee said: “I’m incredibly proud of how far Shellworks has come, growing from a small start-up into a leader in sustainable packaging. Last year we reached £1 million in revenue, and this year we’re setting our sights on £4.5 million.

“The journey has been tricky at times but deeply rewarding, and I’m excited for what’s ahead.

“The biggest challenge I’ve faced with Shellworks is scepticism. People often doubt that what we do is even possible. At first, they didn’t believe we could create the product. Then, they said it couldn’t be scaled. Later, they insisted it couldn’t be sold.

“Proving them wrong at every stage has been my boldest and bravest achievement, and I’m honoured that this award recognises that journey. I hope to inspire other women to be fearless and pursue their passions.”

Jean-Marc Gallot, president of Veuve Clicquot, said: “ Building on the legacy of Madame Clicquot, these two women are reshaping the future of business.

“Their achievements go far beyond profit, serving as inspiration for aspiring female entrepreneurs. Whether it’s driving the UK economy or tackling plastic waste, they show that bold decisions, standing out, and proving others wrong lead to both financial success and positive societal impact.”"
Revolut to join the mobile phone plan shake-up with key roaming offer,https://www.independent.co.uk/news/business/revolut-mobile-phone-plan-tariff-roaming-octopus-b2742201.html,,business,independent,"Revolut has announced plans to launch mobile phone plans for the first time in a move it hopes will disrupt the established market and provide more choice to customers.

The fintech company, best known for its banking app, already offers an eSIM which allows for overseas roaming on paid plans within the phone app.

But now they are set to release a full standalone mobile phone plan, which includes unlimited domestic calls and data plus 20GB roaming data within the EU and US.

Revolut is opening up a waiting list for when the product is launched later this year, with those who sign up set to receive an introductory rate for the tariff . There is currently no set date for when it will come online, with customers in Germany as well as the UK set to be the first ones able to sign up.

When contacted, Revolut did not disclose whether it would be running its own mobile network or using an already established network.

The four main players in the UK are EE, O2, Three and Vodafone . The latter two are due to complete a merger later this year in a move that came under investigation due to potential lowered consumer choice, but is now set to go through.

Beyond those, there are a host of smaller operators known as mobile virtual network operators (MVNOs), which include the likes of giffgaff, Honest Mobile and Tesco Mobile, which utilise the host networks of those bigger operators. Some are indeed owned by them, such as Vodafone ’s spinoff Voxi.

It remains to be seen where Revolut will look to establish itself initially, though Revolut general manager Hadi Nasrallah said “mobile offerings are ripe for disruption”, pointing to a view of “ consumers suffering with traditional network offerings due to a lack of transparency with hidden fees, painful customer experience and old, difficult to navigate” apps and services.

There is an intention for Revolut users to be able to use points gained within the app through spending to be able to pay towards the phone plan bill.

The Independent understands that the US was included as part of the roaming plan due to demand, with some of the more established networks charging bolt-on fees for roaming in other parts of the world.

Meanwhile, the group behind Octopus Energy was also this week reported to be exploring plans to launch a mobile phone service.

The FT reported Y Corporation has an existing arrangement with Three to use their network as an MVNO, with talks underway.

Y Corporation is owned by Fern Trading, a private company with shareholders who are investors in an investment product managed by Octopus Investments - an arm of the overall Octopus Group, a sprawling organisation which has more than £12bn of assets in total.

The Independent understands that Octopus does not currently intend to make the wider firm a player in the mobile space, beyond Y Corporation’s ambitions.

There is overlap across the two companies, with Sarah Grant sitting on both the Fern Board and being an investment director at Octopus Investments, while the latter are effectively appointed by Fern to run administrative work.

Octopus declined to comment on any aspect of the deal."
Rolls-Royce says trading ‘strong’ despite tariffs and supply chain issues,https://www.independent.co.uk/news/business/rollsroyce-says-trading-strong-despite-tariffs-and-supply-chain-issues-b2742832.html,,business,independent,"British engineering giant Rolls-Royce has hailed a “strong start” to the year despite growing uncertainty due to tariff increases and continued supply chain issues.

The London-based company stressed it expects to “offset” the impact of announced tariffs and is taking mitigating actions.

Boss Tufan Erginbilgic said the company, which specialises in making aircraft engines, is also closely monitoring the potential impact of inflation and a wider economic slowdown on demand for its products.

It comes a month after US President Donald Trump announced a major plan for tariffs on imports into the country.

On Thursday, the firm held its profit and cash flow guidance for the rest of the year despite “the uncertainties associated with tariffs and continued supply chain challenges”.

Rolls-Royce has been undergoing a major turnaround plan under chief executive Mr Erginbilgic which included cutting 2,500 jobs.

He said the business is making “good progress on our transformation” and is confident of meeting its financial guidance for the year.

It is on track to deliver between £2.7 billion and £2.9 billion of underlying operating profit for 2025.

Bosses said it is continuing to see “strong demand” for its products and services globally, with “robust” order volumes in its defence business.

Mr Erginbilgic said: “Our transformation of Rolls-Royce is progressing strongly and we continue to expand the earnings and cash potential of the business.

“We are creating a more resilient and agile Rolls-Royce that is better equipped to respond to changes in the external environment.

“As a result, we have had a strong start to the year.”"
Lloyds sees profits dip as bad debt provisions jump,https://www.independent.co.uk/news/business/lloyds-sees-profits-dip-as-bad-debt-provisions-jump-b2742819.html,,business,independent,"Lending giant Lloyds Banking Group has reported a fall in profits as it set aside more money for bad debts amid economic uncertainty due to the global trade tariff war.

The group reported pre-tax profits of £1.52 billion for the three months to the end of March, down 7% on the £1.63 billion reported a year ago.

It set aside £309 million for impairment charges, up from £57 million a year ago, including £100 million for potential borrower defaults as the tariff hikes unveiled by US President Donald Trump have led to worries over the worldwide economic outlook.

The group said: “Initial non-UK tariffs announced in the first few days of April and the immediate market response were larger than expected.”

But on its forecast for the UK outlook, it said it is predicting a “slow expansion in gross domestic product and a modest rise in the unemployment rate alongside small gains in residential and commercial property prices”.

“Inflationary pressures remain persistent, but gradual cuts in UK Bank Rate are expected to continue during 2025,” it added.

The group stuck by its guidance for full-year results in the face of “recent market volatility and economic uncertainty”.

Charlie Nunn, group chief executive of Lloyds, said: “In the first quarter of 2025, the group delivered sustained strength in financial performance.

“We remain confident in the outlook for Lloyds Banking Group and in our 2025 and 2026 guidance.”

Chief financial officer William Chalmers said the bank had limited exposure to the US and tariff impacts, but that it does provide some lending to exporters to the US, albeit less than 1% of its lending balance sheet.

He added there “may be some dampening on corporate activity going forwards” from the trade war.

Concerns over a global slowdown have also seen rate cut expectations increase.

The group’s first-quarter results showed a lending boom as borrowers sought to complete on house purchases ahead of the stamp duty change from the beginning of April.

Mortgage lending grew by £4.8 billion as it saw 19,000 completions in the first three months of the year, with customers racing to beat the stamp duty deadline.

It said March 27 was its biggest ever single day for completions, with nearly 5,000 on that day alone.

The group did not book any further provisions for the motor finance scandal.

Lloyds has previously put by more than £1 billion to cover the costs of potential mis-selling of car loans with hidden commission payments.

The industry is now waiting for a Supreme Court decision on the case."
Whitbread profits slide amid restaurant closures and ‘softer’ UK demand,https://www.independent.co.uk/news/business/whitbread-profits-slide-amid-restaurant-closures-and-softer-uk-demand-b2742901.html,,business,independent,"Premier Inn owner Whitbread has revealed a drop in profits on the back of its recent restaurant closures and “softer” UK demand for hotel rooms.

The company, which also owns Beefeater restaurants, told shareholders that adjusted pre-tax profits fell by 14% to £483 million in the year to February, compared with the previous year.

It said this was driven by higher costs and the impact of Whitbread’s growth strategy from last April, which included an overhaul of its restaurant business.

The £500 million plan, which executives dubbed “Accelerating Growth”, involved converting 112 branded restaurants and selling 126 more.

The company hopes this will help it build about 3,500 extra hotel rooms, eventually reaching 97,000 rooms in total.

Chief executive Dominic Paul said the plan is “progressing well” in the UK and Ireland.

The disposal and closure of a raft of restaurants led to a significant slump in food and drink sales, which dropped 11% year-on-year in the UK as the shake-up wiped out the benefit from strong breakfast sales.

It contributed to a 1% decline in revenues across the group to £2.92 billion for the year.

Meanwhile, the group’s Premier Inn UK business saw revenues per available room dip 2% due to “softer UK market demand” as the higher cost of living put pressure on consumer finances.

Whitbread said however that Premier Inn benefited from further openings, with the group’s continued expansion adding another 1,075 hotel rooms over the past year.

Mr Paul added: “Having laid the foundations for significant growth, we are executing at pace and making excellent progress on our strategic initiatives, against what has been a softer market backdrop over the past year.

“By focusing on what we can control, our five-year plan is on track to deliver a step-change in our profits, margins and returns and we remain positive about the medium-term outlook.”

Derren Nathan, head of equity research at Hargreaves Lansdown , said: “Investors in Premier Inn owner Whitbread won’t be losing too much sleep over today’s final results, which have come in a little better than analysts had been forecasting.

“It’s tough out there for hoteliers but the UK’s largest hotel brand is continuing to outperform the competition.

“Domestic room openings offset a small drop in occupancy and room rates, but it takes time for new beds to match the profitability of the existing estate.”

Shares in the company were 4% higher in early trading."
Oil refining comes to an end in Scotland as Grangemouth halts processing work,https://www.independent.co.uk/news/business/oil-refining-comes-to-an-end-in-scotland-as-grangemouth-halts-processing-work-b2741454.html,,business,independent,"The Grangemouth refinery has now ceased processing crude oil, its owner Petroineos has confirmed.

The industrial site in central Scotland was the last oil refinery operating north of the border.

The local MP said Scotland “is a victim of industrial vandalism and devastation” as a result of the closure.

In September last year, the company said the refining activities would cease in 2025 as it transitions to become an import terminal for finished fuels.

The impending closure of the refinery, which first opened in 1924, led to fears for employment in the area.

In recent months, hundreds of workers have taken voluntary redundancy while a number of compulsory redundancies have also been made.

A significant report commissioned by the Scottish and UK governments, known as Project Willow, aimed to chart a future for the site in low-carbon energy.

But the report said this would require around £3.5 billion of private investment.

Petroineos has said the refinery is loss-making and has rejected claims from unions that the site could easily transition into a hub for producing sustainable aviation fuel.

Iain Hardie, regional head of legal and external affairs, said: “Grangemouth refinery is no longer processing crude oil.

“Petroineos has invested £50 million in creating a modern import and distribution terminal capable of receiving finished fuels by sea for onward distribution to customers around the country.

“From today, we will be importing all the products necessary to meet Scotland’s demand for transport fuels.”

He continued: “We would like to pay tribute to the workforce here.

“Our colleagues have shown incredible commitment, dignity and resilience during months of uncertainty regarding the future of this facility, through the consultation period, phased shutdown and the start of refinery decommissioning.”

Other parts of the wider Grangemouth complex, including the Forties pipeline system which links to the North Sea, will not be affected by the site’s closure.

Responding to the announcement, First Minister John Swinney said: “The end of refining at Grangemouth is a very sad day for Scotland.

“This news is very damaging for workers and everyone in the area.

“The Scottish Government will work to secure a future for the Grangemouth community and agreement to the Acorn Carbon Capture project is essential.”

MPs discussed the closure in the Commons on Tuesday.

Brian Leishman, the Labour MP for Alloa and Grangemouth, said: “Today is the end of over a century of refining at Grangemouth.

“Scotland once again is a victim of industrial vandalism and devastation, and I don’t want anyone in this chamber to dare mention a ‘just transition’, because we all know that the Conservatives when in power and the SNP currently in Holyrood did nothing to avert this catastrophic decision happening”.

Mr Leishman shook his head and shouted “not enough” as Energy Secretary Ed Miliband replied: “Grangemouth has a really important role in Scotland.

“What I would say to him and to others is this Government, as soon as it saw the situation it inherited, put money in to help the workers and has made this huge investment commitment of £200 million working hand-in-glove with the Scottish Government so we absolutely build a future in Grangemouth.”

Liberal Democrat MP Christine Jardine referred to remarks from Ineos chairman Sir Jim Ratcliffe , who said his company may have to pause investment due to high energy prices and carbon taxes.

Ms Jardine said: “Today there are warnings from Grangemouth that they may have to pause important projects to switch to greener and more sustainable energies because of what they describe as the soaring energy bills and the pressures of income tax.”

Sharon Graham , the general secretary of the trade union Unite, said the UK and Scottish governments had “utterly failed” to protect jobs at the refinery.

“Highly skilled, well-paid workers, are being thrown on an industrial scrapheap,” she added.

“Starmer and Swinney have allowed one of the worst self-inflicted blows to happen in generations, and they will face the electoral consequences.”

“The job cuts are entirely unnecessary. There are projects like SAF (sustainable aviation fuel) production which can be accelerated to protect jobs. and those opportunities must not be lost.

“It would pave the way for Grangemouth to become a world leader in green aviation.

“For all the talk, nothing has been done and both governments have effectively allowed China to shut down Scotland’s capacity to refine fuel, as it hopes to use Grangemouth as an import hub. Workers will not forget or forgive.”

STUC general secretary Roz Foyer said the closure was an “inexcusable and unforgivable failure” of both governments during her speech at the body’s congress in Dundee.

Local Scottish Green MSP Gillian Mackay said the announcement will be “devastating” for the area, adding: “It is a further blow to the community. It is deeply disappointing that Labour have not stepped in to protect workers or to future-proof jobs in the same way that they have with steelworks down south.

“Grangemouth is my home, and it has been frustrating to see promises being made and dropped as easily as Petroineos’ detached billionaire has now dropped the workforce.

“I am concerned about what this will look like in the short-term for the town.

“Warm words will not pay the bills.

“Grangemouth holds a lot of potential, as do the workers who offer the skills we need for transitioning away from fossil fuels.”"
EVs could power homes if UK suffers major power cut – think tank,https://www.independent.co.uk/news/business/evs-could-power-homes-if-uk-suffers-major-power-cut-think-tank-b2742844.html,,business,independent,"Electric vehicles (EVs) could power homes if the UK suffers power outages similar to those in Spain and Portugal , a think tank has said.

The Energy and Climate Intelligence Unit (ECIU) said 60% of an EV’s battery is capable of providing nearly six days of electricity for a typical UK home.

EVs with V2G (vehicle to grid) or V2H (vehicle to home) functionality are able to send energy back from their battery to the grid or home via a bi-directional charger.

The technology enables EVs to be used to generate money by charging when electricity is cheap – such as overnight – and selling it back at peak times.

The ECIU estimated that EV owners could make £630 a year in this way.

Several EV users in Spain posted on social media that they were using this technology to power their homes during widespread power outages that began on Monday.

One claimed they were “the only one with electricity in my neighbourhood thanks to my electric car”.

ECIU head of transport Colin Walker said: “As well as reducing emissions and saving their owners hundreds of pounds in running costs, EVs are also capable of adding resilience to their owners’ homes.

“More and more EVs are arriving on the market that are capable of returning power to the home.

“In an unprecedented blackout like the one we just saw in Spain, these EVs will allow people to keep their lights on, their fridges cold and their wireless routers running for days.

“Owners of V2G-capable EVs are also able to charge their cars when electricity is cheap and sell it back to the grid when demand is higher, earning them hundreds of pounds a year.”

Automotive industry veteran Andy Palmer recalled how Japan suffered major power cuts following a tsunami in 2011, while he was at manufacturer Nissan.

He said: “My team and I commissioned Leaf-to-Home where the car could power the house, and the very first unit was installed in my house in Tokyo in 2012.

“This technology isn’t new, but it does work and we do need it.

“EVs can, and will, deliver the balance that the grid needs as we transition to a renewable future.”

This week’s blackouts caused major disruption in Spain and Portugal, with businesses unable to accept card payments, metro systems closed and traffic lights out of action."
"Musk promised $2 trillion in savings, but government spending is up",https://www.independent.co.uk/news/world/americas/us-politics/musk-doge-trump-cuts-government-spending-b2742934.html,,business,independent,"Tech billionaire and DOGE hatchet man Elon Musk promised to save the nation $2 trillion.

In reality, in spite of massive cuts in federal agencies, contracts, services and jobs, U.S. government spending is actually up more than 6 percent over the same period last year during the Biden administration, according to new Treasury data.

That increase doesn’t include the added costs of required payments to a quarter-of-a-million ousted federal workers (either fired or urged out the door), unemployment benefits and pricey rehirings of employees mistakenly fired.

According to a model by the nonpartisan Penn Wharton Budget Model, using weekly Treasury data, spending climbed 6.3% (about $156 billion) since Trump took office, compared with the first four months of 2024 when Joe Biden was president.

Many of Musk’s cuts will actually cost, including taxpayer funds going to an army of lawyers from the Department of Justice battling a cascade of court cases against the government’s dismantling that many judges have already said appears to be illegal.

Damages from any illegal firings are likely also to be extremely pricey. So is the loss of critically important workers who earn far more than their salaries, or will have to be replaced for critical services by more expensive private-sector employees.

Among the most massive costs will be the huge reduction in workers at the Internal Revenue Service, who are worth their weight in gold because of the taxes they collect or ferret out from cheats, the key source of income for the country.

Musk, who is no longer working at the White House , initially promised he would shave $2 trillion from federal spending and debt, but quickly cut that amount in half. Last month he lowered it further to $150 billion, then upped it to $160 billion, a tiny fraction of what he first promised.

But it’s difficult to know how much his Department of Government Efficiency has actually saved, given the error-riddled “receipts” that have been posted on the DOGE website.

Jessica Riedl, a budget expert at the Manhattan Institute, recently estimated the actual savings at about $2 billion The Atlantic noted. Prediction markets expect a grand total of $1 billion in savings.

In any case, the Trump administration two weeks ago had already spent $5 billion dollars more than the total Musk claimed he had saved .

Though the cost savings – the purported reason for Trump and Musk’s dismantling of the government – was a flop, the DOGE impact was nevertheless massive.

“In terms of downsizing,” what DOGE has done is “unprecedented for sure,” Richard Stern, a federal budget expert at the conservative Heritage Foundation, told Politico .

Max Stier, president and CEO of the Partnership for Public Service, a nonpartisan, pro-government nonprofit, told Politico that DOGE has touched “every element of our government,” but its impact has been particularly significant in the fields of scientific research, health care, and in international development, which he said has been “wiped away.”

He added: “What they’ve gotten rid of is important capability, amazing talent and deep relationships, both here and in other places. To rebuild will require not 100 days, but years and years.”

Musk could not immediately be reached for comment. White House Principal Deputy Press Secretary Harrison Fields told Politico that Trump had a “mandate” to “uproot waste, fraud and abuse.”"
Persimmon ‘mindful’ of trade war impact but says home sales on track,https://www.independent.co.uk/news/business/persimmon-mindful-of-trade-war-impact-but-says-home-sales-on-track-b2742951.html,,business,independent,"Housebuilder Persimmon still expects house sales to surge this year, despite flagging a potential impact from the global trade war on consumer spending and mortgages further down the line.

The FTSE 100 company said it has “not yet” seen any impact from growing economic uncertainty on its supply chain or sales rates.

While it does not trade directly with the US, it said there could be a “limited” indirect impact on its business.

“We are mindful of the current economic uncertainties and the impact that these may have on mortgage rates and consumer spending,” it told investors on Thursday.

It said private forward sales are up 17% compared with the sale point last year, and it still expects 11,000 and 11,500 home completions this year, meaning the house has been built and sold.

Companies such as Persimmon have suffered a rough few years after a spike in inflation caused the Bank of England to raise interest rates.

This made it more expensive for people to take out a mortgage, and in turn hammered the number of new homes companies built and sold.

Interest rates began to fall last summer from their peak of 5.25%, and currently sit at about 4.5%, with another cut expected this month.

Completing 11,500 homes would be a significant improvement on the 10,664 Persimmon sold in 2024, and marks a upward trend from the year before when it did not hit 10,000.

It would still be far below the levels seen before interest rates rose, after the company sold more than 14,500 homes in 2021.

Persimmon chief executive Dean Finch said: “Persimmon has started the year well, building on our strong performance in 2024 with an improved private sales rate, an increase in average selling prices and further growth in our network of outlets.

“As a result, our private forward sales are up 17% on the prior year. We have continued our investment in new land and achieved further planning success in the period.

“We have seen no immediate impact on the business or on customer confidence from the recent geopolitical uncertainty.

“Consequently, at this stage we remain on track to deliver further growth in completions to between 11,000 and 11,500 for the full year, providing the UK housing market remains stable.”"
Overseas demand for UK manufacturing exports sinks to five-year low,https://www.independent.co.uk/news/business/overseas-demand-for-uk-manufacturing-exports-sinks-to-fiveyear-low-b2742963.html,,business,independent,"UK factories have seen the biggest drop in export orders since the start of the pandemic, with demand from the US, Europe and China waning amid global uncertainty over Donald Trump’s tariffs, a new survey shows.

Manufacturing production has been shrinking for seven months in a row.

The S&P Global UK manufacturing PMI survey, watched closely by economists, showed a reading of 45.4 in April, up from 44.9 in March.

Any reading above 50.0 indicates that activity is growing while any score below means it is contracting.

April’s reading was a slight improvement on March’s 17-month low, and also higher than an earlier estimate of 44.0.

However, the survey revealed that confidence among manufacturing businesses slumped as they grappled with a worsening economic outlook and mounting cost pressures.

Overseas demand for UK-made goods slipped with the rate of new export orders sinking to the lowest level since May 2020, when orders dried up during the onset of the Covid pandemic.

Rob Dobson, director at S&P Global Market Intelligence, said: “Surveyed manufacturers noted that US tariff announcements were having a noticeable impact on global markets as trading partners adapt to increased trade volatility.”

Earlier this month, US President Donald Trump introduced sweeping new levies on US imports, at varying rates for different countries and industries.

This included a 25% charge on aluminium and steel, cars and car parts, raising concerns among manufacturers who trade regularly with the US.

UK factories had already been experiencing a downturn as rising costs and tax increases squeezed output, even before tariff uncertainty bloomed.

The latest PMI survey showed optimism among manufacturing firms fell to a more than two year low, with less than half of those surveyed expecting output to rise over the coming year.

Hiring also continued to decline, with job losses happening at the second-fastest rate in nearly five years.

Companies have been making cutbacks on staff in order to offset the impact of rising national insurance contributions and increased minimum wages, according to the survey.

Mr Dobson said: “The start of the second quarter saw UK manufacturing buffeted by adverse global market conditions, rising cost pressures, deteriorating supply chains and increased trade uncertainty.”

Fhaheen Khan, senior economist at Make UK, said: “While actual changes in trade have been limited, the unpredictability, particularly around US tariff policy, is doing significant damage and paralysing decision makers.

“Many firms are delaying major investment decisions until greater clarity emerges, whilst being forced in the meantime to cut costs through redundancies while pushing through price increases.”"
Barclays sees profits surge as tariffs turmoil boosts trading activity,https://www.independent.co.uk/news/business/barclays-sees-profits-surge-as-tariffs-turmoil-boosts-trading-activity-b2742114.html,,business,independent,"Barclays has seen profits surge by nearly a fifth thanks to a boom in trading activity sparked by recent turmoil in financial markets after Donald Trump triggered a global trade war.

The UK banking giant reported a better-than-expected 19% rise in pre-tax profits to £2.72 billion for the three months to March 31, with income across its investment banking division soaring by 16% to £3.9 billion as it cashed in on the trading frenzy.

But the lender also revealed it set aside more cash for bad debts due to worries over the American economy after the US President announced sweeping increases to trade tariffs worldwide.

Barclays increased provisions for loans expected to turn sour to £643 million from £513 million a year ago, largely driven by £74 million put by for “elevated US macroeconomic uncertainty”.

The group said it “continues to monitor the heightened uncertainty in the near-term macroeconomic outlook, especially in the US”.

Barclays has an exposure to the tariff woes and US economy through its sizeable operations in America, where it has 20 million customers.

But group chief executive CS Venkatakrishnan, known within the bank as Venkat, cheered a robust first three months of the year as he said the investment banking boost has outweighed the hit to deal-making from tariff and economic uncertainty.

He said the group remains “very committed” to its US business, despite the clouded outlook for the American economy.

“I am very pleased with our performance in the first quarter, which represents another strong quarter of execution,” he said.

“As you would expect during a period of uncertainty, client confidence is delaying investment banking decisions, but this has been more than offset by the benefits of the impact on activity in trading markets,” he added.

While Barclays kept its overall outlook unchanged for 2025, the group increased its guidance for net interest income – a key measure for retail banks – to more than £12.5 billion from around £12.2 billion previously, with some £7.6 billion now expected from the UK arm thanks to strong demand from savings customers.

Venkat added a note of caution, however, saying that “transactional and lending income could slow as corporates and individuals become more cautious”.

“We remain confident in our outlook and position ourselves carefully to navigate through these current circumstances,” he said.

The results show the business also delivered around £150 million in cost savings in the first quarter as part of its ongoing three-year overhaul.

Analysts at Jefferies said the figures from Barclays are a “decent set of numbers”.

“The corporate investment bank was standout, with revenue 9% ahead of expectations,” they added."
Rio Tinto investors reject call to drop primary London listing,https://www.independent.co.uk/news/business/rio-tinto-investors-reject-call-to-drop-primary-london-listing-b2742930.html,,business,independent,"Shareholders in Rio Tinto have rebuffed calls from an activist investor for the global mining group to ditch its primary London listing and focus on Australia.

More than 80% of investor votes cast at its annual general meeting on Thursday were made against the proposal from Palliser Capital, with just 19% in favour.

It had threatened to deal yet another blow to the beleaguered London market, following BHP’s exit and Glencore’s move to consider switching its primary listing away from the UK.

Announcing the shareholder vote outcome, Rio Tinto said: “Rio Tinto consulted widely with shareholders of both Rio Tinto plc and Rio Tinto Limited on the requisitioned resolution prior to the annual general meetings and received significant support for the board’s conclusion that unification of the dual-listed companies structure is not in the interests of shareholders and Rio Tinto as a whole.”

The FTSE 100 firm, the world’s second biggest mining group behind BHP, added: “Any unification of the dual-listed companies structure under Rio Tinto Limited would give rise to material issues, including expected tax costs in the mid-single digit billions of US dollars.”

Palliser Capital had urged the metals and minerals firm to drop its “outdated” dual listing structure across the London and Sydney financial markets, in favour of having a primary listing in Australia, following in the footsteps of rival BHP, which moved its primary listing to Sydney in 2022.

The UK-based hedge fund, which has a roughly 300 million US dollar (£225 million) stake in Rio Tinto, had tabled a resolution at Rio Tinto’s AGM calling for a “transparent and independent” review of the dual-listing structure.

But investors in both London and Australia rebuffed this. The AGM in Perth on Thursday came three weeks after UK investors cast their votes, although aggregate results were only published after both meetings had taken place.

More than three-quarters – about 77% – of investors hold UK-listed stock in Rio Tinto, although it makes most of its revenues running mines in Australia.

James Smith, founder and chief investment officer of Palliser, said: “It is deeply disappointing that rather than adhering to ‘best practice’ principles, the board chose to launch a fierce campaign… all to shield its closed door internal analysis of unification from scrutiny.

“While they told shareholders a robust review would divert significant resources, they likely spent more time, money and effort opposing the resolution than complying with it.”

He added: “We will continue to engage with Rio Tinto’s shareholders and ensure that institutions are well informed of the pertinent issues, enabling them to actively challenge leadership rather than voting, as a default, in line with board recommendations.”"
"Council must ‘come to its senses’, union chief says amid fresh bin strike talks",https://www.independent.co.uk/news/business/council-must-come-to-its-senses-union-chief-says-amid-fresh-bin-strike-talks-b2742937.html,,business,independent,"Birmingham City Council needs to “come to its senses”, Unite general secretary Sharon Graham has said as fresh talks aimed at resolving an all-out strike of bin workers got under way.

Ms Graham is leading the union’s negotiating team as talks under the auspices of the conciliation service Acas went ahead in the city on Thursday, seven weeks after bin workers walked out indefinitely over the council’s plans to delete the role of waste recycling and collection officer.

But two days before talks were due to continue, bin lorry drivers were told their jobs could be regraded, leading to a loss of income of up to £8,000 a year, the union says.

The council says it is “undertaking a fair and transparent job evaluation process of the driver/team leader role, working with all trade union partners to ensure a fair outcome”.

Speaking outside the union’s regional office in Birmingham before talks restarted at 9.30am, Ms Graham said the city council’s leader John Cotton needs to be involved in the negotiations – something he has previously made clear he would not do.

She said: “We want the council to come to their senses today. We want the leader of the council John Cotton to come into the negotiating room. He has not yet been in the negotiating room and he needs to be so we can get this dispute solved.

“He is the leader of the council, this is happening to his residents. This is happening across the board, there’s rubbish piling up. When you’re the leader, then you must take the accountability and the responsibility.”

Ms Graham said Unite is “here to do a deal” but the ball is in the council’s court.

She said: “There are things that need to be ironed out. This isn’t a council that looks to me as though they want to solve this dispute.

“Forty-eight hours ago, they announce the drivers who are likely to be losing £8,000. Why would you do that 48 hours before talks are due to take place?

“I hope that we can come to a deal, we’re here to do a deal, but really the ball is in the council’s court here.”

Last week, Unite said it believed a deal to end the industrial action could be “within touching distance” before the row over driver pay flared.

Ms Graham said it is “not fair” that workers may have to lose a quarter of their pay.

She said: “It’s not fair, they have done nothing wrong and it is totally unacceptable that they’ve been put into this position.

“We thought (a deal) was in touching distance, because John Cotton had said in an interview that nobody needs to lose any money.

“What we’ve asked on that is detail of the proposal, the sideways move – can he guarantee that they won’t go down that road again, for example, in a year’s time?”

She added: “These workers have come to work, they’re doing a good job for residents.

“In fact, the residents that I’ve spoken to, and indeed that have come to the picket line, are actually very, very supportive of the drivers.

“If this was somebody’s son, daughter, mother or father, and they walked in and they said: ‘I’m having to take an £8,000 pay cut, a quarter of my pay’ – natural justice says that’s not fair.

“Why are these workers having to pay the price for a £3.9 billion debt not of their making? This is unfair and the council need to come to the table and do a proper deal.”

Asked what her message is to the council before talks started again, Ms Graham said it needs to “be true” to statements it has made in public.

She said: “Please get the decision-makers in the room – John Cotton needs to be in the room, along with the commissioner (Max Caller), who seems to be somebody who’s got a lot to say about the dispute.

“Actually, be true to what you’ve said to the public. You’ve said to the public that nobody needs to lose any pay.

“Either that’s true, and if it is, please put that down, or it isn’t. And if it’s a lie, then (Mr Cotton) should step down.”

She added: “(Mr Cotton) has gone on the airwaves saying ‘nobody’s going to have to lose any money’. We need to see what that proposal looks like, because that is not what’s been given in the negotiating room.

“He needs to stop, maybe, doing the interviews and come into the negotiating room, because that’s where the deal needs to be done.”

Mr Cotton previously stated he was “really clear” the negotiations needed to involve union representatives and the human resources officers and management of the council, adding: “The job of the leader of the council is to set the policy and the direction.”"
P&O Ferries’ auditor quits after years of late financial accounts,https://www.independent.co.uk/news/business/p-o-ferries-auditor-quits-after-years-of-late-financial-accounts-b2743027.html,,business,independent,"P&O Ferries’ auditor has resigned after multiple years of late financial accounts and a string of controversies over mass sackings and low pay for its workers.

KPMG has been P&O Ferries’ auditor since 2007 but recently resigned, according to accounts filed with Companies House in late April.

The ferry company is still yet to file its financial accounts for 2023, and only filed its 2022 accounts in December.

A spokesman for P&O Ferries said: “We thank KPMG for their services as our auditors. P&O Ferries is focused on filing our 2023 accounts as soon as possible.”

P&O Ferries is understood to have hired a new auditor, but declined to say who it was.

P&O was widely condemned in March 2022 when it sacked almost 800 workers without due consultation, replacing them with agency staff on lower wages and with different rota requirements.

The company fired employees without notice or union consultation, attracting widespread criticism from ministers, unions and the public.

It replaced the sacked workers with overseas agency staff, and told Parliament in 2022 its agency workers’ pay averaged £5.50 per hour.

Since then, its chief executive admitted to paying the firm’s workers as little as £4.87 per hour.

Peter Hebblethwaite told MPs on the Business and Trade Committee in 2024 that P&O’s workers were not being exploited, but said he could not live on £4.87 per hour.

P&O Ferries’ most recent accounts show that it spent more than £47 million on the sackings, which allowed it to slash the overall wage and salary bill by £21.3 million.

Its pre-tax losses fell to £246 million in 2022, compared with £375 million the previous year, while revenues rose by £84 million to £919 million.

KPMG declined to comment."
HSBC chairman Mark Tucker to retire after eight-year tenure,https://www.independent.co.uk/news/business/hsbc-chairman-mark-tucker-to-retire-after-eightyear-tenure-b2743087.html,,business,independent,"The chairman of HSBC will retire by the end of the year, ending an eight-year tenure that has overseen three chief executives and a tussle with one of the bank’s biggest shareholders.

HSBC said it had kick-started a search for a new chairman after Mark Tucker told the board he intended to leave.

Mr Tucker, who took on the role of chairman in October 2017, has been at the helm of one of the world’s biggest banks during crises including the Covid pandemic and the rising cost of living, and growing tensions between the US and China.

HSBC’s chief executive John Flint stepped down in 2019 after 18 months in the role, following the bank’s confirmation of plans to cut 4,000 jobs globally.

Noel Quinn stepped into the role, but unexpectedly announced his retirement last year after an “intense” five years, saying he wanted to “get a better balance between my personal and business life”.

Georges Elhedery now leads the bank and is overseeing a major overhaul as it seeks to slash costs by 1.5 billion US dollars (£1.1 billion) by the end of 2026.

HSBC also faced mounting pressure from one of its biggest shareholders, Chinese insurer Ping An, to split the bank in two and create a separate Asia-headquartered business.

A plan to break up the bank was rejected by shareholders last year, but the restructuring announcement initially prompted some speculation that it could eventually fracture.

Mr Tucker said it had been a “great honour and privilege to lead HSBC as chair”.

“With the strong foundations laid over the last eight plus years, I am very confident that under Georges’ leadership, HSBC will go from strength to strength,” he said.

Ann Godbehere, who sits on the board and is leading the search for a successor, said Mr Tucker had “provided excellent stewardship of the bank through the Covid-19 pandemic, and most recently, led the group CEO succession process”.

“Very importantly, he has also deepened the group’s relationships with key clients, regulators and investors around the world,” she added.

The bank expects to update shareholders on its search for a new chairman “in due course”."
Hundreds of workers at Ofgem balloted for strikes in dispute over pay and jobs,https://www.independent.co.uk/news/business/hundreds-of-workers-at-ofgem-balloted-for-strikes-in-dispute-over-pay-and-jobs-b2742944.html,,business,independent,"Hundreds of workers at the energy regulator Ofgem are being balloted for strikes in a dispute over pay and jobs.

More than 700 members of the Public and Commercial Services Union (PCS) in Glasgow , London and Cardiff will vote in the coming weeks on whether to launch a campaign of industrial action.

PCS general secretary Fran Heathcote said: “Ofgem managers have been deliberately provocative in their dealings with us.

“Rather than driving through sticking plaster solutions for organisation-wide problems, they should reach agreement with us before committing to changes that risk industrial action.

“We’re happy to work with Ofgem, providing we can assure our members that their interests will be protected.

“They must have the confidence to plan for their futures.”

An Ofgem spokesperson said: “We are disappointed to hear the PCS has today announced they will be balloting their members on possible industrial action.

“Around a third of Ofgem’s workforce are members of PCS and we continue to engage with PCS and staff on these important issues.

“As with the rest of the public sector, it’s vital we are as efficient and effective as possible for the households and businesses we serve, while also ensuring we attract and retain the people and skills we need.

“We still hope to resolve these issues without industrial action, but should they proceed, our priority will be to serve energy consumers across Britain.”"
"Data is driving trade deal pursuit, not ‘post-imperial delusion’, minister says",https://www.independent.co.uk/news/business/data-is-driving-trade-deal-pursuit-not-postimperial-delusion-minister-says-b2743028.html,,business,independent,"The UK is not seeking trade deals based on a “post-imperial delusion”, the Government has said, as it faced calls to finalise agreements with the European Union and the United States.

Trade minister Douglas Alexander said the Government was using data to determine what partnerships to pursue, as he said the Conservative Party’s implementation had “buried” some businesses in red tape.

MPs heard more than two billion pieces of paperwork had been added to UK exporters.

Meanwhile, Business Secretary Jonathan Reynolds said the Government was not going to pick one trade partner over the other, as he said the UK was “pragmatic” about its national interest.

Mr Alexander was urged by Liberal Democrat MP James MacCleary (Lewes) to make the most of the UK’s summit with the EU on May 19, and said it would be a “missed opportunity” if progress was not made.

Mr MacCleary said: “This is a moment for Britain to show it’s serious about forging a renewed and reinvigorated relationship with the EU, still our largest trading partner.

“If the forthcoming summit ends up as another in a long line of missed opportunities, there’s a real danger that Brussels is just going to move on to other priorities. So, can ministers tell me what concrete measures businesses can expect to come out of the summit to cut red tape and the barriers holding back British growth and prosperity?”

Mr Alexander told Mr MacCleary the Government was looking to rebuild relationships across Europe, and added the Government was looking to find areas which are “transparently win-win”.

He added: “I’d be inclined to wait for the summit before declaiming it as a disaster.”

A Downing Street spokesperson said on Thursday that the Government can “do better than the botched” deal drawn up by the last government.

The Number 10 spokesman said: “We have made it very clear we’ll be defined by putting more money into the pockets of working people and providing Britain with long term security and stability.”

He added: “We’re not rejoining the European Union, we won’t reopen the arguments of the past, and as the Prime Minister has said himself, a better partnership with the EU can unlock benefits for British people and businesses, reducing trade barriers, driving growth and keeping us safe in an increasingly dangerous world.”

Liberal Democrat trade spokesman Clive Jones said new regulations that businesses were required to follow since Brexit had produced enough paperwork to wrap around the world 15 billion times.

Mr Alexander replied: “We are consciously pursuing a trade agenda based on data, not post-imperial delusion, and regrettably the data is pretty devastating in terms of the damage that was done by the way that Brexit was implemented by our predecessors.”

He said an Aston University study showed small and medium-sized exporting businesses had been “buried under red tape” since Brexit.

MPs later heard reports that the US were now considering the UK as a “second-order priority” in trade deal talks.

It followed a Guardian report on Tuesday, which cited sources who said Britain was now placed in the second or third level of urgency, with South Korea now considered more appealing to the White House.

MPs heard that the US is the UK’s largest single country trading partner, with total trade worth £315 billion in 2024. It is equivalent to 18% of total UK trade. More than one million Americans work for UK-owned companies and vice versa, Mr Reynolds said.

Tory shadow business minister Dame Harriett Baldwin said: “With the tariff clock ticking I am sure that the Secretary of State recognises that the US deal is surely the most urgent with the many UK jobs at risk and yet we heard recently from the Chancellor, when she was in the States, that her bigger priority is discussions with the EU where we already have zero tariffs and zero quotas.”

Mr Reynolds said: “The entirety of this Government has been clear – this is not about seeking to pick between one market or another. Both are absolutely fundamental.

“The Chancellor’s comments specifically relate to the fact that it’s simply true that our UK-EU trade is a much greater quantum than UK-US trade.”

Conservative MP Blake Stephenson (Mid Bedfordshire) said: “With Trump now reported to have made the UK a second order priority to Asia, and the UK possibly on the verge of giving up its Brexit freedoms in favour of EU alignment, how confident is (he) of achieving a comprehensive free trade deal with the US in both goods and services?”

Mr Reynolds said he wanted to “push back on anyone attempting to put the case that the decisions that we make have to be based on either the EU, or the US, or any other partner being our principal partner.

He added: “The role for the UK is to position ourselves in this very challenging world with a genuine, strategic advantage because we do things that improve our trading relationship with the EU, we secure this US deal, we secure the deals with India, with the Gulf and other key markets, and are pragmatic about where the UK’s national interest lies.

“I’m absolutely confident that it’s possible and desirable.”"
Fact check: Some households need new meters before end of June,https://www.independent.co.uk/news/business/fact-check-some-households-need-new-meters-before-end-of-june-b2743217.html,,business,independent,"A widely shared social media post claimed : “Radio saying people may be cut off from electricity because they have old style meters and not smart ones.”

People with a particular type of meter are being contacted by their energy supplier to ensure they change their meters ahead of a deadline at the end of June.

If they do not change meter their old electricity meter could stop working properly, which could prevent their heating or hot water from coming on.

But this does not affect all “old-style” meters, only one particular type of meter which last year was installed in around 800,000 homes across the UK.

The changes are set to impact Radio Teleswitch (RTS)  meters across the UK. These meters are controlled by long-wave radio signals, which tell the meter when to switch between peak and off-peak prices.

In October 2024 energy regulator Ofgem said that around 800,000 RTS meters need to be replaced across the country.

The technology that sends signals to the meters was introduced in the 1980s and is now getting to the end of its natural lifespan, trade body Energy UK has said .

“This means that the equipment that produces the radio signal can’t be adequately maintained any more,” Energy UK added.

This means that on June 30 2025 the radio signal and its supporting infrastructure will close down .

Households have been warned that if they do not switch to a new meter their heating and hot water might either stay on all the time or not come on at all. They could be charged at the wrong time of day, which could lead to higher bills.

Most households will see their meters changed to a smart meter. However some may be unable to get a smart meter. In those cases they will have different suitable meter installed instead.

Post on X ( archived )

Ofgem – Energy sector taskforce unites to tackle Radio Teleswitch challenge ( archived )

The Radio Teleswitch Service switch-off: What you need to know ( archived )

Energy Saving Trust – RTS meter switch off: what you need to know ( archived )

Ofgem – Replacing your Radio Teleswitch electricity meter ( archived )"
FTSE 100 holds on to gains as US stocks boosted,https://www.independent.co.uk/news/business/ftse-100-holds-on-to-gains-as-us-stocks-boosted-b2743256.html,,business,independent,"The FTSE 100 remained steady on Thursday, with its recovery from April’s turbulence continuing as stocks were climbing in the US.

The index managed to claw back losses from earlier in the day to gain 1.95 points, or 0.02%, to close at 8,496.8.

A mixture of stocks were making gains, including housebuilders and financial services firms, while Marks & Spencer was dragging on the index.

The retailer is continuing to recover from a cyber security attack last week, which has forced it to pause online orders and stop hiring, as it works to resolve problems in its systems.

The FTSE 100 has been on a winning streak with two weeks in a row of gains – its longest run in eight years.

It was teetering on the edge of ending this streak with a downturn during the day, but was given a late lift as stock markets opened higher in the US.

In New York , the S&P 500 was climbing about 1.3%, and Dow Jones was 0.8% higher by the time European markets closed.

Other European markets were closed on Thursday for the May Day bank holiday.

The pound was weakening against the US dollar, down 0.5% against the currency at 1.3267. Sterling was up about 0.05% against the euro, at 1.1772.

The price of Brent crude oil was up about 0.4% to 61 US dollars per barrel.

In other company news, Rolls-Royce told shareholders it has had a “strong start” to the year and expects to mitigate the impact of US tariffs.

The engineering giant said it was on track to deliver between £2.7 billion and £2.9 billion of underlying operating profit for 2025.

It also said it was closely monitoring the impact of inflation and a wider economic slowdown on demand for its products. Shares in Rolls-Royce rose 1.7%.

Elsewhere, Lloyds Banking Group reported a fall in profits for the first quarter of the year, compared with 2024, as it set aside more money for bad debts

The banking group disclosed £309 million of impairment charges, up from £57 million a year ago, including £100 million for potential borrower defaults. Shares in the bank were 2.7% lower at close.

The biggest risers on the FTSE 100 were St James’s Place, up 63.8p to 1,003p, Whitbread, up 150p to 2,743p, Polar Capital Technology Trust, up 12.5p to 301p, Informa, up 30.8p to 758.6p, and easyJet, up 20p to 514.6p.

The biggest fallers on the FTSE 100 were Lloyds, down 1.94p to 71.34p, AB Foods, down 48p to 2,016p, London Stock Exchange, down 265p to 11,360p, Marks & Spencer, down 8.3p to 380.7p, and Pearson, down 22p to 1,174.5p."
HSBC set to face pressure on climate commitments at shareholder meeting,https://www.independent.co.uk/news/business/hsbc-set-to-face-pressure-on-climate-commitments-at-shareholder-meeting-b2743432.html,,business,independent,"HSBC is set to face pressure from shareholders and activists to strengthen its climate commitments.

The UK’s largest bank will be challenged to restate its commitment to net zero at its annual general meeting in London on Friday.

A representative of ShareAction , which campaigns for responsible investment, plans to read a statement, signed by 30 investors after the lender weakened a key climate target earlier this year.

In its annual results published in February, HSBC revealed it pushed back its goal to reduce planet-heating emissions caused by its operations and supply chain by 20 years.

The banking giant set an interim goal in 2020 to achieve net zero across its own operations and supply chain by 2030, compared with where it was in 2019 as a baseline year.

But it will now aim to meet this goal by 2050.

And in a move that could prove more significant for its climate ambitions, HSBC also announced a review of its 2030 targets to reduce emissions caused by its financing of polluting firms.

The group of investors, which includes Nest Corporation, Trinity College Cambridge and Rathbones Investment Management, are calling on the board to use its announced review of climate targets to build on progress rather than backtrack.

The bank is also facing accusations that it potentially broke its own rules on coal financing by helping to raise one billion dollars (£0.75 billion) for the mining giant Glencore.

The investigation from the Bureau of Investigative Journalism (TBIJ) and The Independent, published on Thursday, found that in May 2023 the bank helped raise one billion dollars for Glencore, which had been increasing coal production for the previous two years.

This was despite the bank pledging in 2021 to stop funding firms that were increasing production “as soon as possible”, according to the report.

Jeanne Martin, head of the banking programme at ShareAction said: “After dropping its chief sustainability officer from its executive committee and announcing plans to review its climate targets and policies in February, HSBC has sent deeply concerning signals around whether managing the rapidly multiplying financial risks of global heating is still one of its priorities.

“As one of the largest banks in the world with exposure across Europe and Asia , HSBC is even more vulnerable than some of its European peers to climate risks, such as the effects of extreme weather, which are already impacting the lives and livelihoods of communities across the world.

“Despite this and having shown climate leadership in the past by stopping finance for new oil and gas projects, responsible investors have now been left in the dark on just how committed the bank remains to playing its significant part in securing the long-term prosperity of our global economy.

“This group of investors is calling on the bank to urgently affirm it will continue to build on its existing climate progress rather than backtrack, and to undertake this process in dialogue with shareholders. If the bank fails to do so it should not expect shareholders to remain silent.”

ShareAction said it will also ask questions calling for the bank to confirm it plans to continue holding in-person AGMs, following recent reports that the bank is considering meeting entirely online.

The group also plans to challenge the board on the impact of liquefied natural gas projects on indigenous communities and the environment in the Rio Grande valley in Texas.

The HSBC board will respond to ShareAction’s question at the AGM.

On the TBIJ story, a spokesman said: “We follow a clear set of sustainability risk policies which support our ambition to align the financed emissions in our portfolio to net zero by 2050.

“We do not comment on client relationships.”

PA has contacted Glencore for comment."
Standard Chartered ‘watchful’ of tariff impact as profits rise,https://www.independent.co.uk/news/business/standard-chartered-watchful-of-tariff-impact-as-profits-rise-b2743599.html,,business,independent,"Standard Chartered surpassed profit expectations over the first quarter, as it said it remains confident it can support clients through market volatility.

The Asia-focused bank reported pre-tax profits rose by 10% to 2.1 billion US dollars (£1.5 billion) for the first three months of 2025, compared with the same period a year earlier.

The company said it was boosted by strong trading in its wealth business, which saw income rise 28% year-on-year.

Positive trading comes amid an uncertain backdrop due to market volatility following US President Donald Trump’s announcement of planned tariffs.

The company is among banks with exposure to Asia and other international markets which have seen shares drop in value over the past two months, although they have recovered significant ground recently.

Bosses kept the group’s financial targets but said they will be “watchful” of economic conditions.

Bill Winters, group chief executive, said: “The subsequent imposition of trade tariffs has increased global economic and geopolitical complexity, and we remain watchful of the external environment.

“But our ability to help clients manage their business and wealth across borders in times of volatility reinforces our confidence that we can continue to improve returns.”

The company also stressed its balance sheet “remains strong, liquid and well diversified”.

Mr Winters added: “We delivered a strong performance in the first quarter of 2025, with earnings per share up 19%, driven by double-digit income growth in wealth solutions, global markets and global banking.

“Our presence in structurally high-growth markets across Asia, Africa and the Middle East is key to driving long-term sustainable value for our shareholders, and we remain focused on reinforcing these competitive advantages to drive future growth.”"
Shell reveals lower profits after slump in oil prices,https://www.independent.co.uk/news/business/shell-reveals-lower-profits-after-slump-in-oil-prices-b2743564.html,,business,independent,"Shell has revealed a dip in profits for the latest quarter as it pushed ahead with investment plans and shareholder returns despite a recent drop in oil prices.

The oil major told shareholders that adjusted earnings dropped by 27.9% to 5.58 billion US dollars (£4.19 billion) for the first quarter of 2025.

Nevertheless, it surpassed market expectations and was ahead of the previous quarter.

Bosses at the company highlighted that it came amid “volatile” market conditions which have pushed oil prices lower in recent months amid concerns about global economic growth.

The drop in profits also came as the company said it was impacted by a 509 million dollar (£382 million) charge related to the UK energy profits levy.

On Friday, Shell also continued its shareholder buyback and dividend plans.

In March, the company revealed a fresh strategy to ramp up cost savings, cut spending and boost investor returns.

It said it would look to strip out a cumulative five billion US dollars to seven billion US dollars (£3.9 billion to £5.4 billion) a year by the end of 2028.

Chief executive Wael Sawan said: “Shell delivered another solid set of results in the first quarter of 2025.

“We further strengthened our leading LNG (liquified natural gas) business by completing the acquisition of Pavilion Energy and high-graded our portfolio with the completion of the Nigeria onshore and the Singapore Energy and Chemicals Park divestments.

“Our strong performance and resilient balance sheet give us the confidence to commence another 3.5 billion dollars of buybacks for the next three months, consistent with the strategic direction we set out at our capital markets day in March.”

AJ Bell investment director Russ Mould said: “Shell has the advantage at the moment that, for any of the difficulties it faces, it can just point its finger down the road at BP and say, ‘at least we’re not as bad as that’.

“This trend of being flattered by comparison with its London-listed counterpart continued with first-quarter results.

“Yes, profit was lower thanks to easing commodity prices but it announced a fourteenth consecutive quarter of at least three billion dollars in share buybacks.”

Shares in the firm move 2.8% higher in early trading as a result."
HSBC says global trade shift poses ‘serious risks’ to economic growth,https://www.independent.co.uk/news/business/hsbc-says-global-trade-shift-poses-serious-risks-to-economic-growth-b2743725.html,,business,independent,"HSBC has warned over the shift in global trade relations as posing “serious potential risks” to growth, as the bank navigates a series of “unknowns” over the economic outlook.

Executives at the bank said economic forecasts were more difficult to compile amid uncertainty over US President Donald Trump’s tariff policy.

HSBC’s chairman Mark Tucker , speaking at the bank’s annual general meeting (AGM), said there was an “uncertain geopolitical and macroeconomic environment globally”.

“Indeed whether it is trade, international security arrangements, or economic policy, we are experiencing a period of deep and profound change,” he said.

“The overarching impact of the changing approach to global trade relations has been to increase economic uncertainty with serious potential risks to global growth.”

The range of possible outcomes from changing policy “make any attempt at medium-term projections very difficult”, he flagged.

“Despite the many unknowns that we are dealing with, we believe that the interconnectedness of the global economy remains compelling, as does global trade, the glue that keeps it all together,” Mr Tucker told shareholders.

Earlier this week, HSBC said significantly higher tariffs worldwide could bring down its revenues by a small amount, and also lead to an upsurge in bad debts.

The group increased the amount it was setting aside to cover potential losses from loans to reflect “heightened uncertainty and a deterioration in the forward economic outlook”.

HSBC made a pre-tax profit of 9.5 billion US dollars (£7.1 billion) in the first three months of the year, a quarter lower than the amount generated last year.

Chief executive Georges Elhedery said the bank was continuing to support its customers from a “position of financial strength”."
Next to reveal jump in profit despite rising costs and trade war uncertainty,https://www.independent.co.uk/news/business/next-to-reveal-jump-in-profit-despite-rising-costs-and-trade-war-uncertainty-b2743739.html,,business,independent,"Next is expected to post rising profits next week despite a string of costs increases hitting retailers and broader concerns about UK consumer confidence.

The retail giant will reveal its first quarter results on May 8, hot on the heels of profits of more than £1 billion last year.

Next, which has more than 450 stores across the UK, reported pre-tax profits of £1.01 billion for the year to January, up 10% compared with the previous year.

Its boss, Lord Simon Wolfson, said trading in the opening part of this financial year had been better than expected at the recent update.

Next raised its guidance for 2025-26 in response, pencilling in sales growth of 5% to £5.3 billion and profits up 5.4% to £1.07 billion.

But Next, like other retailers, has had to contend with a slew of cost increases since it posted its full-year results in March.

National insurance contributions (Nics), a tax which makes it more expensive to employ people, went up in April, along with the minimum wage.

Meanwhile, UK consumer confidence has also fallen to the lowest level in more than a year amid concerns that Donald Trump’s trade tariffs could push up living costs, according to a recent poll by data company GfK.

And Next, which sells its products online to the US market, could also see a knock-on impact from Mr Trump’s tariffs on sales.

Russ Mould , an analyst at AJ Bell , said Next has a “knack of exceeding expectations – a knack it demonstrated again in March when chief executive Simon Wolfson nudged up expectations for full-price sales and pre-tax profits for the year to January 2026”.

He added: “That positive steer has helped take Next’s shares to new all-time highs, despite wider stock market volatility.”

Shares were up 27% for the year-to-date on Friday.

Next has already said it will have to raise prices by around 1% to offset the impact of Nics and minimum wage increases.

Its first quarter results come amid a string of cyber attacks against UK retailers, with Marks & Spencer and Harrods facing issues in recent days.

As of Friday morning, M&S was unable to process online orders after shutting down parts of its online systems to deal with a “cyber incident”.

M&S first reported the issue over the Easter weekend but has seen its operations impacted for more than a week."
Major bank predicts four interest rate cuts - here’s what it will mean,https://www.independent.co.uk/news/business/bank-of-england-interest-rates-cut-barclays-inflation-b2743167.html,,business,independent,"The Bank of England is set to meet on 8 May and interest rates are widely expected to be cut 25 basis points down to 4.25 per cent - but homeowners and businesses might be pleased to know the drop won’t stop there.

While the BoE has pledged a gradual approach to cutting rates, in fear of letting inflation run riot again as it did two years ago, many experts are now foreseeing at least a further two cuts in 2025 - and one, Barclays , believes the UK may now see four consecutive cuts to the interest rate.

That would take the base rate down to 3.5 per cent, a level it has not been at for more than two years, since January 2023.

Here’s what such a reset would mean for your money - and why it still might turn out differently.

Research undertaken by Barclays analysts expect the BoE’s Monetary Policy Committee (MPC) to vote either 8-1 or 9-0 in favour of a one-step cut in May. They expect further 25 basis point cuts in June, August and September down to 3.5 per cent base rate.

Another financial powerhouse, Morgan Stanley, have gone even further.

They are predicting a cut as low as 3.25 per cent by the end of 2025, with another deeper cuts to 2.75 per cent by mid-2026 - almost two percentage points lower than where we stand right now in a little more than 12 months.

Barclays forecast that inflation expectations may be marginally lowered when the MPC give their decision, but one big factor is still at play - data from April.

That month’s numbers will be key in a whole range of areas, as it’s the start of when higher labour costs in the UK came into play, minimum wage went up (so more spending power for some earners) and when some businesses may have hiked costs.

In addition it’s also the start of when the Trump tariff war began, with a lot of uncertainty and back-and-forth over what those tariffs meant and what levels they were at over the first few weeks.

Therefore, both employment and spending data could give vital insight as to what to expect across the rest of the year, while price points for the likes of gas, exchange rates and more also play a part in their complicated decision-making.

Thomas Pugh, economist at consulting firm RSM UK, provides context for a slightly slower rate of cuts.

“There is a chance of consecutive cuts in May and June, but we think inflationary pressures will keep the MPC on its quarterly path unless there is clear evidence of a downward shift in growth,” he said.

As we’ve detailed previously, mortgage rates are based on the bank rate but are not explicitly tied to the timing of changes of it - they factor in swap rates, which are market expectations of what will happen with interest rates.

As such, the current options on the mortgage market largely already factor in May’s expected drop, so no additional decrease should be expected for the most part - though individual products are always subject to change with lenders of course.

However, across the course of 2025 we may see increasingly competitive pricing and rates , especially if the large drops predicted by Barclays and Morgan Stanley come to pass.

That means homeowners whose fixed rate terms are due to expire soon have a decision to make - but Luther Yeates, head of mortgages at Orton Financial, warns that even those who don’t want to wait for lower rates should make sure they don’t just take what’s on offer.

“Many homeowners don’t realise that by simply switching to a more competitive rate, they could save money. While sticking with your current lender may seem like the easiest option, this convenience can come at a cost,” he said.

“Switching lenders doesn’t have to be costly or time-consuming. In many cases, lenders will cover the legal and valuation costs. So, if your mortgage is up for renewal, don’t just accept the offer — shopping around could save you thousands.”

As usual, we must serve the reminder that the other side of the interest rates coin is savings accounts - which will naturally see their offerings decrease when the bank rate goes down.

There are still several options offering more than 4.5 per cent interest on cash savings and if you are able to lock in these terms for a set period, or open a regular saver offering an even higher rate, now is the time to commit."
FTSE 100 seals longest ever winning streak amid recovery from April tariff shock,https://www.independent.co.uk/news/business/ftse-100-seals-longest-ever-winning-streak-amid-recovery-from-april-tariff-shock-b2743960.html,,business,independent,"The FTSE 100 jumped on Friday, completing its longest ever run of consecutive days in the green.

London’s blue-chip index ended the day well into positive territory, rising 99.55 points to finish the day at 8,596.35, a 1.17% rise.

It marked 15 days of consecutive gains for the market, after investors were buoyed by the Chinese government indicating that it is open to trade talks with the US.

China’s commerce ministry said on Friday: “The US has recently taken the initiative on many occasions to convey information to China through relevant parties, saying it hopes to talk with China.”

More widely, the winning streak is part of a longer-term recovery after markets were pummelled at the start of the month by Donald Trump’s announcement of global trade tariffs.

Susannah Streeter, head of money and markets at Hargreaves Lansdown: “The FTSE 100 has significantly more power in reserve and could have further to run, given that the index has not yet regained the record levels reached in March.

“However, uncertainty over US trade policy and the extent of the effect on the global economy is likely to put a lid on further gains.”

Elsewhere, Germany’s Dax rose 2.49% and France’s Cac 40 rose 2.33%.

On Wall Street, the S&P 500 was up 1.6% as European markets were closing, while the Dow Jones was up 1.41%.

Sterling was roughly level against the dollar at 1.3286, while it was 0.3% down against the euro at 1.1726.

In company news, Marks & Spencer said it is “working day and night” to manage the impact of a damaging cyber attack.

Stuart Machin, chief executive of the high street giant, said he is “really sorry” customers have been affected by the fallout from the attack.

The retailer is currently unable to process any online orders after shutting down parts of its online systems to deal with a “cyber incident”.

M&S first reported the issue over the Easter weekend but has seen its operations impacted for more than a week.

Shares fell 2.1% on Friday.

Meanwhile, NatWest revealed its profit jumped by more than a third in recent months as the bank said its customers were “resilient” against “increased global economic uncertainty”.

The boss of the banking group said confidence had dropped among households and businesses but behaviour had not changed.

NatWest Group, which also incorporates Royal Bank of Scotland and Coutts, reported an operating pre-tax profit of £1.8 billion for the first three months of 2025.

This was 36% higher than the £1.3 billion made this time last year and exceeded the expectations of analysts for the quarter.

Shares rose 1.03%.

The biggest risers on the FTSE 100 were IAG, up 13.3p to 279p, Melrose Industries, up 21.2p to 455.9p, Babcock, up 32p to 842p, Rentokil, up 12.5p to 359.4p, and Spirax, up 190p to 6115p.

The biggest fallers on the FTSE 100 were Sainsbury’s, down 4.6p to 263.4p, United Utilities, down 17p to 1115p, Whitbread, down 39p to 2704p, Severn Trent, down 39p to 2741p, and Kingfisher, down 4p to 287.9p."
Co-op apologises after hackers access members’ personal data,https://www.independent.co.uk/news/business/coop-apologises-after-hackers-access-members-personal-data-b2744058.html,,business,independent,"The Co-op has apologised after hackers accessed and extracted members’ personal data such as names and contact details.

The retail firm said on Friday it is experiencing “sustained malicious attempts” to access its systems, having already shut off parts of its IT systems earlier this week.

It comes after fellow retailers Harrods and Marks & Spencer were also hit with cyber attacks, with the latter continuing to deal with the fallout of a ransomware attack which has left the business unable to process online orders since last Friday.

The National Crime Agency (NCA) said it is investigating the attacks individually but are “mindful they may be linked”.

A Co-op spokesperson said: “As a result of ongoing forensic investigations, we now know that the hackers were able to access and extract data from one of our systems.

“The accessed data included information relating to a significant number of our current and past members.

“This data includes Co-op Group members’ personal data such as names and contact details, and did not include members’ passwords, bank or credit card details, transactions or information relating to any members’ or customers’ products or services with the Co-op Group.

“We have implemented measures to ensure that we prevent unauthorised access to our systems whilst minimising disruption for our members, customers, colleagues and partners.

“We appreciate that our members have placed their trust in our Co-op when providing information to us. Protecting the security of our members’ and customers’ data is a priority, and we are very sorry that this situation has arisen.”

The business said its back office and call centre services have been affected but Co-op’s more than 2,000 grocery stores and 800 funeral parlours across the UK are trading as usual.

A National Crime Agency spokesperson said: “We are aware of the recent cyber incidents affecting the retail sector and are working closely with our law enforcement partners to investigate.

“We are considering the incidents individually, however, we are mindful they may be linked and therefore this will remain under review.”

The National Cyber Security Centre said the attacks should be a “wake-up call” for businesses.

CEO Dr Richard Horne said: “The disruption caused by the recent incidents impacting the retail sector are naturally a cause for concern to those businesses affected, their customers and the public.

“The NCSC continues to work closely with organisations that have reported incidents to us to fully understand the nature of these attacks and to provide expert advice to the wider sector based on the threat picture.

“These incidents should act as a wake-up call to all organisations. I urge leaders to follow the advice on the NCSC website to ensure they have appropriate measures in place to help prevent attacks and respond and recover effectively.”"
What Starmer could learn from Boris about Britain’s ambition,https://www.independent.co.uk/news/business/comment/cruise-ship-tourism-london-uk-b2743821.html,,business,independent,"A City friend has just returned from a round-the-world cruise. As we went through his photos, he remarked how friendly people had been in the various destinations, how spectacular it had been sailing into Sydney, mooring in Singapore and Cape Town. In some places, they were greeted by welcoming parties, they felt wanted, with the locals delighted to see them.

Contrast that with Britain. Here, there is little chance of docking in London, amid the capital’s historic sights. Instead, it’s a quayside at Southampton. Our attitude was not one of gratitude that tourists were visiting and spending their money but of entitlement. We did not go out of our way as a nation to make them feel special and desired.

There were plans for a passenger ship terminal at Greenwich but these were kiboshed on grounds of pollution. It’s true that the liners like to keep their engines running during their stay and folk did live close to the Thames but that applies elsewhere and, besides, there was little concession made, no attempt at compromise. That part of the riverside remains relatively undeveloped. London’s loss was… well, London’s loss.

Cruises are big business, growing in popularity all the time. The numbers taking part are increasing and the vessels are getting ever bigger and more spectacular. London is losing out. There is some cruise-ship trade at Tilbury, but not much – the city comes down the international pecking order. Floating palaces journey into the middle of New York; likewise, Rome, which is not adjacent to the sea, has the nearby facility at Civitavecchia to bring in the monied holidaymakers.

In Britain, we do not bend over backwards to woo them. Couple that with a lack of vision and imagination on high, that allows obstacles to be insurmountable and shrugs and drops rather than pushes and finds an acceptable solution, and we are struck by stasis and suffer economically.

These are not mindsets confined to cruise holidays. It is evident at Heathrow and Gatwick, our two busiest airports, where travellers must negotiate dreary, cramped staircases and travelators that frequently are not functioning. It is depressing and cold.

Likewise, one of our most popular rail terminals is London Euston; to say it’s an eyesore, unfit for purpose, is an understatement. Euston is a disgrace. Change, we are assured, is coming but do not hold your breath. It has been in such a condition for decades, yet nothing has been done.

There are perfectly cogent reasons as to why Euston, a marine ocean dock at Greenwich and other sites that ought to be improved and advanced, drag along or perish altogether. As a society, we’re expert in presenting arguments as to why something cannot happen as opposed to why it can, or must.

We accept it for what it is; then, when we venture abroad, we return, marvelling at their transport links and up-to-date infrastructure. We notice, too, how we’re not subjected to local sales taxes of the sort we require foreigners to pay in the UK. Again, our insistence on imposing a tourist tax is easily explained – our public purse is drained, it needs boosting, every little helps.

Little wonder the tourists on our streets are saving their splurging for Paris or Madrid. The maths tells us that we are missing out on their custom, that they would generate more income for the UK if they came here and spent here than was ever raised via the levy. Firms and jobs depend upon them, but seemingly, we do not afford them the same hospitality they receive elsewhere – worse, we give the impression of not encouraging them at all.

While retailers are dismayed, our political leaders remain oblivious. The suggested Greenwich investment was steered by Morgan Stanley, the US investment banking colossus and no stranger to dealing with the global super-rich and financial might. We should be winning over Morgan Stanley and, for that matter, its peers, not sending a signal that says not to bother.

Sir Keir Starmer will declare to anyone who listens that Britain is “open for business”. It’s a mantra trotted out over and over again. The hard evidence suggests otherwise. If there is progress, it is slow, crucially far slower than our competitors. Because that is the nub; we cannot simply sit back and rest on our laurels, basking in a glorious past and believing that will sustain us, that somehow, the future will happen.

The last prime minister who appreciated this was Boris Johnson; he was about imagination and ambition. Unfortunately, Johnson lacked the means to put his vision into practice. Some of it did not pass muster but he conveyed excitement and enthusiasm. Starmer has the qualities that Johnson did not possess – he knows about process and structure. Sadly, he does not share Johnson’s boldness and passion. In Johnson and Starmer, we have gone from one extreme to the other.

We desperately require leadership that falls between the two. My pal’s snaps supply the picture."
Co-op admits hackers accessed customer details in cyberattack,https://www.independent.co.uk/news/business/co-op-cyber-attack-customer-details-b2744270.html,,business,independent,"A major supermarket chain has admitted that hackers accessed the details of customers in a cyberattack .

The group, calling itself DragonForce, said it had infiltrated Co-op’s IT network and stolen ­customer and employee data in its cyberattack on Wednesday.

The hackers claimed to have the ­private information of 20 million Co-op customers who signed up to the supermarket’s membership scheme.

The Co-op initially told the public the attack only had a “small impact” on operations and that there was “no evidence data was compromised”.

But the hackers, who also claimed to be behind the ongoing cyberattack on Marks & Spencer and an attempted attack on Harrods, said the breach was far more serious than the company first revealed.

The supermarket has now admitted that hackers “accessed data ­relating to a significant number of our current and past members”.

Screenshots of the messages sent to the Co-op’s head of cybersecurity in an internal Microsoft Teams chat on 25 April by DragonForce have been seen by the BBC.

The messages said: “Hello, we exfiltrated the data from your company.”

“We have customer database, and Co-op member card data,” the chat added.

The BBC also reported that hackers shared databases showing usernames and passwords of employees.

It also revealed that the cybercriminals had obtained customers’ data, including Co-op membership card numbers, names, home addresses, emails and phone numbers.

The Co-op has since apologised to its customers and explained the National Cyber Security Centre (NCSC) and the National Crime Agency (NCA) are assisting with the investigation.

A Co-op spokesperson said: “We are continuing to experience sustained malicious attempts by hackers to access our systems. This is a highly complex situation, which we continue to investigate in conjunction with the NCSC and the NCA.

“We have implemented measures to ensure that we prevent unauthorised access to our systems whilst minimising disruption for our members, customers, colleagues and partners.

“As a result of ongoing forensic investigations, we now know that the hackers were able to access and extract data from one of our systems. The accessed data included information relating to a significant number of our current and past members.

“This data includes Co-op Group members’ personal data such as names and contact details, and did not include members’ passwords, bank or credit card details, transactions or information relating to any members’ or customers’ products or services with the Co-op Group.

“We appreciate that our members have placed their trust in our Co-op when providing information to us. Protecting the security of our members’ and customers’ data is a priority, and we are very sorry that this situation has arisen.”"
Producer: Freelancers could be jobless if Trump applies non-US films tariff,https://www.independent.co.uk/news/business/producer-freelancers-could-be-jobless-if-trump-applies-nonus-films-tariff-b2745042.html,,business,independent,"Freelancers in the UK film industry could end up jobless if Donald Trump applies a 100% tariff to non-US movies, a producer has warned.

The US president announced on Sunday that he has authorised government departments to impose the tariff “on any and all movies coming into our country that are produced in foreign lands”.

Industry figures have warned the plans “could deal a knock-out blow” to the UK film sector.

Kirsty Bell, chief executive of production company Goldfinch, said the entertainment industry is in decline “across the whole of the Western world” but said tariffs are not the answer.

She told the PA news agency: “The issue isn’t that foreign films are taking precedence over domestic films, it’s that, firstly, films are cheaper to make overseas, because of lack of tax credits in certain places… the unions, the lower cost of labour, and buying budgets have been drastically reduced over two years, all driven by the change in viewing habits.

“ People aren’t going to the cinema as much and decline in subscription services and rise of social media platforms and content creators… the industry is entirely changed.”

She added: “The answer is not tariffs if he’s (Mr Trump’s) trying to kick-start the industry in Hollywood . It’s developing an ecosystem for film-making that is entirely different to what has been before.

“There’s seismic changes in how the entertainment industry is structured needing to happen.”

Ms Bell questioned how the tariff would work and said blockbusters such as Barbie, which was distributed by US film studio Warner Bros Pictures, “was actually shot virtually entirely in the UK”.

“If those US films don’t get partly produced or produced in the UK, freelancers are going to be jobless. I’m telling you now, they really are going to be jobless,” she said.

It comes after a Culture, Media and Sport (CMS) Committee report on British film and high-end TV, published last month, warned that the industry’s “predominantly freelance workforce” needs more support from the Government when they are out of work.

CMS chairwoman Dame Caroline Dinenage said members have “warned against complacency on our status as the Hollywood of Europe”.

“President Trump’s announcement has made that warning all too real,” she added.

“Making it more difficult to make films in the UK is not in the interests of American businesses. Their investment in facilities and talent in the UK, based on US-owned IP (intellectual property), is showing fantastic returns on both sides of the Atlantic. Ministers must urgently prioritise this as part of the trade negotiations currently under way.

“At the same time, the Government’s forthcoming Creative Industries Sector Plan needs to meet the challenge we set down of incentivising inward investment while also growing our domestic sector so British film and high-end TV can thrive.”

The recent CMS committee report said the UK’s film and high-end television industry is “dominated” by inward investment from US studios and that this “brings significant economic and social benefits to the UK”.

Ben Charles Edwards, co-founder of the Dreamtown production company, told PA that any tariffs will be “a direct blow to storytelling and the lifeblood of cinema”.

“Good films don’t recognise borders, and I think these tariffs are going to punish diversity that, of course, fuels original storytelling,” he said.

“It is going to affect the rest of the world. It is going to affect the film-makers. It is going to affect independent film, in theory, depending on how these tariffs shape out, but it is going to affect Hollywood, and it is going to affect the American culture.”

Philippa Childs, head of the Broadcasting, Entertainment, Communications and Theatre Union (Bectu), said the UK industry is “only just recovering” from the impact of the Covid-19 pandemic, when many productions were delayed or cancelled.

“These tariffs, coming after Covid and the recent slowdown, could deal a knock-out blow to an industry that is only just recovering and will be really worrying news for tens of thousands of skilled freelancers who make films in the UK,” she said.

“The Government must move swiftly to defend this vital sector, and support the freelancers who power it, as a matter of essential national economic interest.”

Tariffs are taxes charged on goods imported from other countries. It is not clear how a tariff on international productions could be implemented and whether such a tariff would also apply to American film companies producing films abroad.

Mr Trump’s latest announcement is part of an ongoing trade war after he placed tariffs of up to 145% on Chinese goods.

US film and television production has been hampered in recent years, with setbacks from the Covid pandemic, the Hollywood guild strikes of 2023 and the recent wildfires in the Los Angeles area.

The UK film industry has also faced setbacks from the pandemic and the US strikes.

A Government spokesman said: “Talks on an economic deal between the US and the UK are ongoing – but we are not going to provide a running commentary on the details of live discussions or set any timelines because it is not in the national interest.

“We will continue to take a calm and steady approach to talks and aim to find a resolution to help ease the pressure on UK businesses and consumers.”

Adrian Wootton, chief executive of the British Film Commission, said: “While this announcement is clearly concerning, we need to understand the detail surrounding the proposed tariffs. We will be meeting with Government and our industry policy group in the coming days to discuss further.”"
"M&S hackers tricked IT help desk workers to access system, says report",https://www.independent.co.uk/news/business/m-s-coop-hack-scattered-spider-it-worker-b2745218.html,,business,independent,"Hackers who targeted Marks & Spencer and the Co-op tricked IT workers to gain access into their companies systems, according to a report.

The “social engineering” attack on the Co-op allowed cybercriminals to reset an employee’s password before breaching the network, with a similar tactic used against M&S , sources revealed to BleepingComputer website.

Hundreds of agency workers at Marks & Spencer were told not to come into work as the retailer dealt with the fallout of a cyberattack which saw the company lose £650m of value in a matter of days.

The disruption began in April when contactless payments and click-and-collect orders were affected, before M&S chief executive Stuart Machin wrote to customers confirming the problem, adding that the retailer would be implementing “minor, temporary changes” to in-store operations as the company manages the ongoing “cyber incident”.

The National Cyber Security Centre (NCSC) has issued new guidance to combat the “social engineering” technique used against the UK supermarkets by the hackers from the Scattered Spider network.

“Criminal activity online — including, but not limited to, ransomware and data extortion — is rampant. Attacks like this are becoming more and more common. And all organisations, of all sizes, need to be prepared,” said Jonathon Ellison, NCSC’s national resilience director, and Ollie Whitehouse, its chief technology officer, in a blog post according to The Times .

They have advised organisations to “review help desk password reset processes” and pay particular attention to “admin” accounts, which generally have more access throughout a company’s network.

The Scattered Spider network is a group of young men in the UK and US who drew notoriety in September 2023 when members broke into and locked up the networks of casino operators Caesars Entertainment and MGM Resorts International, and demanded hefty ransoms. Caesars paid about $15 million to restore its network.

It specialises in “breaking down the front door” of networks before handing over to a “ransomware” gang who cripple the network and extort its owner, the Times reported.

Tyler Buchanan, a Scottish man accused of being a leading member of the group, was extradited to the United States from Spain last month after being charged with attempting to hack into dozens of companies, Bloomberg News reported, citing a US Justice Department official.

At the time of the attack, M&S said it is “working extremely hard to restart online and app shopping” and apologised again for the disruption to shoppers. It had already been unable to process click and collect orders in stores after being impacted by the “cyber incident”.

The company reported the incident to data protection supervisory authorities and the National Cyber Security Centre."
"Businesses will ‘continue to be at heart’ of tariff response, says Reynolds",https://www.independent.co.uk/news/business/businesses-will-continue-to-be-at-heart-of-tariff-response-says-reynolds-b2743782.html,,business,independent,"The Trade Secretary has said that businesses will “continue to be at the heart” of the Government’s decisions in response to Donald Trump’s trade tariffs, as a four-week consultation on counter measures has closed.

Firms and other stakeholders were asked in April for their views on how they would be hit by any UK measures striking back at the American trade levies.

There have been more than 200 responses, the Department for Business and Trade has said, and officials will now work through them – looking at the possible impact of retaliatory tariffs, as well as views on items that could be included in any UK response.

Mr Trump imposed 10% tariffs on UK exports to the US when he revealed sweeping levies on the rest of the world on April 4, along with 25% charges on cars, steel and aluminium.

Jonathan Reynolds said that “all options remain on the table” when it comes to a response.

He said: “We are now in a new era for trade and the economy, and that means going further and faster to strengthen the UK’s economy.

“All options remain on the table and any future UK action will be made in the national interest – and that is exactly why this engagement was so important.

“Our approach so far has been guided by the interests of British business and their voice will continue to be at the heart of our decisions.

“While we analyse responses, this Government’s priority will be to build on the strength of our relationship with the US and continue talks to find a resolution for UK businesses.”"
E2E Female 100: Reshaping the beauty industry with Trinny London,https://www.independent.co.uk/news/business/e2e-100/skincare-beauty-makeup-trinny-london-trinny-woodall-b2712515.html,,business,independent,"Trinny London is a global, digital-first beauty brand with a mission to help customers fearlessly feel their best self. It was founded in 2017 by Trinny Woodall, following a twenty-year media career helping women to find their style, feel confident, and live their best lives. Today, the company ships premium skincare, makeup and skincare-makeup hybrids to customers in more than 180 countries, as well as operating retail stores across the UK, Ireland, US and Australia. With continuous innovation and uncompromising quality at its heart, the company is helping to reshape the beauty industry.

Trinny London’s standout feature is its online “Match2Me” tool, which offers customers a seamless and personalised digital shopping experience. It analyses customers’ unique combination of skin, hair and eyes, and recommends products to perfectly suit them. This bespoke approach has built a loyal following, boosting customer satisfaction and engagement.

The beauty industry is notoriously saturated, and operating within this space is a challenge all beauty brands face. Trinny London overcame this challenge and successfully executed a strategy to build brand recognition against established names.

Their award-winning products are designed to deliver meaningful results, and the brand’s commitment to providing clear product descriptions and honest information about ingredients and their efficacy has greatly helped them in standing out from the crowd. This refreshing, authentic approach has been a key part of Trinny London’s popularity, and has helped to build a global community of repeat customers who trust in its formulations. Trinny London stays ahead of consumer trends, continuously innovates, and ensures the brand remains relevant and forward-thinking.

With its continued focus on product innovation, authenticity, and building a strong emotional connection with customers, Trinny London is well positioned to grow. In the last year, the brand has tripled its retail presence, which now accounts for a quarter of total revenue. As the brand continues to expand into international markets and strengthens retail partnerships, it will continue to lead the beauty industry. The future of its product lines is likely to include more skincare offerings, expanding its existing range of hybrid skincare-makeup solutions.

Trinny London remains committed to product innovation and customer empowerment. This, combined with Trinny Woodall’s strong, values-driven leadership, places Trinny London as an inspiration, proving that with vision, perseverance, and a deep understanding of consumer needs, a brand can redefine an industry.

You can view the complete E2E 100 Female track here."
E2E Female 100: Diamonds are forever at Beaverbrooks,https://www.independent.co.uk/news/business/e2e-100/e2e-beaverbooks-retail-jewellery-customers-best-companies-b2712447.html,,business,independent,"Interview with Anna Blackburn, Managing Director at Beaverbrooks

Beaverbrooks has been a family business for over a century. Can you share the story behind its founding and how it has evolved over the years?

In 1919, three brothers, Isaac, Harry and Maurice Adlestone moved to Belfast and started Adlestones, now Beaverbrooks, with just a suitcase full of jewellery, silver and dreams. 106 years on, we have 89 Beaverbrooks Group Stores across the country, a 1,100-strong team and the same family at the helm, with Chairman Mark Adlestone OBE (grandson of Isaac) overseeing the business and myself and the senior management team overseeing the day-to-day running. We are proud of our heritage and the business is built on strong family principles, values and a mission to ‘enrich lives,’ which means making a positive difference to the world we live in.

Anna, your progression from a graduate trainee in 1998 to becoming the first female and non-family member CEO in 2013 is inspiring. What were some pivotal moments in your leadership journey and how have they influenced Beaverbrooks’ direction?

I was proud to become the first non-family member and female CEO of Beaverbrooks in 2013 and then non-family member and female member of the board when I was promoted to Managing Director in 2018. Beaverbrooks has a fantastic culture of developing our people and creating the environment to thrive, providing training and development opportunities and focusing on promoting from within where possible. I am grateful to have had the opportunity to do just that having worked in all key areas of the business before leading our amazing teams across the country which I’ve done for the past 12 years.

There have been a number of career highlights, but a defining moment in my leadership was definitely when Beaverbrooks took the number one spot in the Best Companies 2021 Best Place to Work in The UK award. This was based on how our people felt we navigated Covid which was the most challenging year in Beaverbrooks’ history.

Our Chairman and I have also won several leadership awards; putting our people first in every decision we make is central to our culture, and I believe this has led to our success over the years. Not only do we encourage engagement and collaboration across all parts of the business, but we ensure we look after our people with fair hours and pay, comprehensive benefits and flexible bespoke policies to support our teams.

These awards, a raft of Best Retailer to Work For awards and 19 years of three-star Best Companies accreditation is testament to our amazing teams and the amazing success we have achieved through engagement and collaboration across the business.

Since 2000, Beaverbrooks has donated over £25 million to more than 750 charities. How does the company integrate philanthropy into its business model, and what motivates this strong commitment to giving back?

As a family-owned business, enriching lives and a making positive difference to the world is in our DNA, and this is reflected in every decision we make as a company. Giving back to communities and charities is important to all of us across the business. Due to our hard work and success, we have been able to consistently donate significant amounts of our profit to charities through the Beaverbrooks Charitable Trust – we are proud to have donated over £25m since the year 2000.

We engage our people through Payroll Giving, match fund time-giving and provide annual charity team donations that each individual team chooses. Every colleague is enabled to give 16 company hours to charities of their choice – teams volunteered over 4,290 hours of their time to support fantastic causes last year.

The retail landscape has faced numerous challenges in recent years, including economic shifts and the rise of e-commerce. How has Beaverbrooks adapted to these changes while maintaining its core values and customer focus?

As a 106-year-old business, we have a strong reputation and heritage as a trusted, family-owned retailer, which instils confidence in our customers. Remaining agile and flexible has been key to our success. With every decision we have made and continue to make, our main focus is keeping our people at the centre of the business to maintain that trust with customers and remain a strong, resilient business.

We have always provided value, exceptional quality and beautiful products and choice for our customers with ranges of high-quality diamonds, jewellery and luxury watches. Whether looking for wedding jewellery, engagement rings, a Swiss watch or a special gift for a loved one, shoppers can come to us for an exceptional customer service and quality products.

In an increasingly digital world, the way we shop has changed, but we also know our customers still value the personal touch they get when interacting with our experts. This means we have continued to invest in our stores, phone customer service and ecommerce proposition to ensure customers get this high level of experience and service wherever they shop with us.

As Beaverbrooks continues to grow and evolve, what are your key priorities and goals for the future? How do you envision the company’s role in the jewellery industry in the coming years?

Despite a challenging marketplace, we are very proud of what we’ve achieved by maintaining a long-term view on investment that gives us confidence moving forward. I believe if we remain true to our values, mission and culture, we will continue to drive success and ensure our business is resilient and futureproofed. We know there may well be tough times to come, but we remain committed to providing the best quality service, expertise and products to customers.

We will continue to bring value and quality through our ranges of diamonds, luxury watches and jewellery for the weddings, engagements and special purchases our customers make. We will also continue to invest in our stores, website and people to bring customers the best experience and service to shop with Beaverbrooks the best way for them. This includes a new store opening in Harrogate this April and further store refits planned to enhance shopping experience for our customers across the UK.

Drawing from your experience, what advice would you offer to female entrepreneurs and professionals aiming to advance in their careers within the retail and jewellery sectors?

Whether it is colleagues, customers or the community where your company operates, putting people first in all business decisions reflects positively in motivation, success and the bottom line. Invest in and listen to your own teams to enable them to deliver the best service and you will in turn have happy customers and clients. I carry out 10-12 focus groups per year to truly listen to colleagues views to influence how we run our business.

Being a clear communicator and transparent with all decisions you make will ensure that people buy into your beliefs and values. People who work in a collaborative and inclusive work environment will feel empowered, so spend time with your teams in person and provide opportunities for people to contribute. After all, an engaged team will deliver the best results for your business.

I have found staying true to my values and instilling them in our people has been important in delivering success, enjoyment and fulfilment for our people. Collaboration and team engagement is central to making this work.

Beaverbrooks is an award-winning, family-owned jeweller established in 1919, providing exceptional quality diamonds, jewellery and watches. The jeweller spans a total of 89 locations across the UK, with 63 Beaverbrooks stores, 3 Loupe Boutiques (all with Rolex Showrooms) plus 23 dedicated luxury mono-brand boutiques, including TAG Heuer, OMEGA, Breitling, TUDOR and Longines. Having always championed a people-first culture, the company has achieved numerous accolades including Employer of the Year at the UK Jewellery Awards 2024, as well as 3 rd Best Retailer to Work For and 14 th place in the 100 Best Large Companies to Work For in the 2024 Best Companies Awards. For further information please visit www.beaverbrooks.co.uk

You can view the complete E2E 100 Female track here."
Deliveroo set to be sold to US rival DoorDash in £2.9bn takeover,https://www.independent.co.uk/news/business/deliveroo-doordash-sale-takeover-b2745487.html,,business,independent,"Deliveroo , the UK-based food delivery giant, is set to be acquired by its US rival, DoorDash, in a deal valued at approximately £2.9 billion.

The acquisition, which will see DoorDash pay 180p per share in cash for the London -listed company, will create a global powerhouse in the food delivery sector.

The combined entity will operate in 40 countries and process an estimated £67.7 billion (US$90 billion) worth of orders annually.

Both companies expressed optimism about the merger, stating that the combination ""will strengthen DoorDash’s position as a leading global platform in local commerce, enabling the combined entity to better serve businesses, consumers and couriers”.

Founded in 2013 by CEO Will Shu, Deliveroo currently operates in nine countries and collaborates with over 130,000 riders worldwide.

It made sales of around £2 billion in 2024.

Mr Shu said: “We are now at the beginning of a transformative new chapter.

“DoorDash and Deliveroo are like-minded organisations with a shared strategic vision and aligned values.

“Together, we will be even better positioned to serve consumers, merchants, riders and local communities.

“The enlarged group will have the scale to invest in product, technology and the overall consumer value proposition.”

DoorDash was also set up in 2013, co-founded by chief executive Tony Xu, who has led the company ever since.

It operates in more than 30 countries and delivers more than 2.5 billion orders a year, helping it notch up revenues of US$10.7 billion (£8 billion) in 2024.

Mr Xu said: “I could not be more excited by the prospect of what DoorDash and Deliveroo will be able to accomplish together.

“We’ll cover more than 40 countries with a combined population of more than one billion people, enabling us to provide more local businesses with the tools and technology they need to thrive.”

The deal is expected to complete in the final three months of 2025 but will need to be approved by Deliveroo’s shareholders."
BP shares rise amid reports Shell considering takeover offer,https://www.independent.co.uk/news/business/bp-shares-rise-amid-reports-shell-considering-takeover-offer-b2745499.html,,business,independent,"BP shares jumped on Tuesday following reports that its rival, Shell , is exploring a possible acquisition of the oil and gas giant.

Shares rose as much as 2.5% in early trading after it was reported that Shell has been weighing the merits of a takeover with advisers in recent weeks.

BP’s stock has slumped following a period of massive investment in renewable energy which failed to deliver enough profits to please investors.

In February, it revealed a new growth strategy focused on extracting more oil and gas after pressure from some investors to boost profits at the firm.

At the time, bosses said the business went “too far, too fast” on green energy and confirmed plans to heavily reduce spending on renewables.

It is also facing pressure from influential US hedge fund Elliott Management, which took a nearly £4 billion stake in the company – just under 5% of its shares – earlier this year.

The move is understood to have been aimed at pushing BP back towards fossil fuels to boost profit.

In April, chief executive Murray Auchincloss said the company has been making progress with the strategy despite wider economic uncertainty.

But it has done little to arrest the slide in BP’s share price, which is down about one-third compared with the same point last year.

BP’s market capitalisation is about £56.5 billion based on its current shares, compared with Shell’s £146.7 billion.

Bloomberg reported last week that Shell has been weighing a bid based on whether BP shares continue to slide.

A merger would be among the largest in the oil industry’s history, and would end decades of speculation over a possible deal between two of the UK’s biggest companies.

A Shell spokesman said: “As we have said many times before, we are sharply focused on capturing the value in Shell through continuing to focus on performance, discipline and simplification.”

Shell shares were down 1.35% on Tuesday morning.

BP has been approached for comment."
UK services sector shrinks for first time in 18 months amid tariff worries,https://www.independent.co.uk/news/business/uk-services-sector-shrinks-for-first-time-in-18-months-amid-tariff-worries-b2745555.html,,business,independent,"The UK’s services sector shrank last month for the first time since October 2023 as concerns over trade tensions weighed on firms, according to new figures.

Service sector companies reported their weakest levels of new work from overseas for more than four years as recent US tariff plans caused caution globally across the sector.

The S&P Global UK services PMI survey scored 49.0 in April, down from 52.5 in March. It was the weakest reading for more than two years.

Any reading above 50 means the sector is growing while a score below means it is contracting.

The monthly reading was below the 49.9 level predicted by economists.

Tim Moore , economics director at S&P Global Market Intelligence, said: “UK service sector output slipped into contraction for the first time in one-and-a-half years as heightened business uncertainty weighed on order books during April.

“Export conditions were particularly weak, with new business from abroad falling to the greatest extent since February 2021.

“Survey respondents often commented on the impact of global financial market turbulence in the wake of US tariff announcements.”

He added that businesses in the technology and financial service sector highlighted “risk aversion and delayed spending decisions among clients”.

President Donald Trump announced wide-ranging tariffs at the start of the month, although many services are expected to be exempt from the import tax.

The latest industry figures showed that new business decreased in April for the third time in the past four months.

Businesses highlighted continued to report “unfavourable domestic demand conditions” but stressed that a marked decline in overseas markets was the main cause of recent weakness.

Reduced workloads and delayed spending conditions also resulted in cautious hiring activity, the research found."
Pontins in court over death of grandmother at resort,https://www.independent.co.uk/news/business/pontins-brean-sands-wendy-jones-court-b2745575.html,,business,independent,"The parent company of Pontins holiday parks has appeared in court in connection with a grandmother’s death.

Eighteen people were injured at the Brean Sands site near Burnham-on-Sea in Somerset in February 2019 when a 40-metre section of structural ducting and ceiling fell inside an entertainment area.

Grandmother Wendy Jones, 68, was among six people taken to hospital after she sustained serious injuries. She died in August 2019.

Pontins’ parent company, Britannia Jinky Jersey Ltd, has been accused of corporate manslaughter between January 1, 2015 and February 21, 2019.

The charge alleges the company “managed and organised its activities in such a way so as to cause the death of Wendy Jones in that exposed Wendy Jones to the risk of death from the collapse of the ventilation ducting, which was positioned at height in the Fun Factory at its Brean Sands site, in gross breach of its duty to take reasonable care for the safety of Wendy Jones as an organisation carrying out activities on a commercial basis and as an occupier of premises”.

Stephen Bennison, 59, of Farington, Lancashire , has been charged with failing to discharge general health/safety duty to a person other than an employee under Section 3 of the Health and Safety at Work Act 1974 between January 1, 2015 and February 21, 2019.

The charge alleges he “being self-employed within the meaning of the Health and Safety at Work Act failed to conduct his undertaking, namely as a contractor carrying out sound-prodding work at Pontins Brean Sands in such a way as to ensure so far as reasonably practicable that persons not being his employees and who may be affected thereby, namely members of the public, including Wendy Jones, were not exposed to risks to their health and safety, namely the risk posed by overloaded ductwork in the Fun Factory”.

The two defendants appeared before Bristol Magistrates’ Court where District Judge Lynne Matthews sent the case to Bristol Crown Court for trial, where they will next appear on June 9.

They did not enter any pleas to the respective charges they face.

Bennison was released on unconditional bail.

Devon and Somerset Fire and Rescue Service confirmed at the time it had been called to reports of a section of ducting collapsing into the bar area of a building at the holiday park.

It said approximately 40 metres of structural ducting and ceiling sections had fallen, exposing live damaged electrics.

Pontins Brean Sands is currently closed to tourists, with EDF housing workers at the holiday park as part of the Hinkley Point C project. The energy giant has a three-year-deal with Britannia, who owns Pontins, to use it for their workers until it reverts back to a holiday spot in either 2026 or 2027."
The reasons why new car sales across UK dropped,https://www.independent.co.uk/news/business/new-car-sales-uk-market-b2745585.html,,business,independent,"New car registrations experienced a significant drop last month, according to industry figures.

Preliminary data released by the Society of Motor Manufacturers and Traders (SMMT) reveals a 10.4 per cent year-on-year decline in new car registrations for April.

Only 120,331 new cars were registered in the UK, compared to 134,274 in April of the previous year.

The SMMT points to several factors contributing to this downturn, most notably changes to Vehicle Excise Duty (VED) rules.

The removal of the VED exemption for electric vehicles, effective from April 1, prompted a surge in pre-deadline purchases. Many buyers, described by the SMMT as ""shrewd"", brought forward their electric vehicle purchases to avoid the new tax.

The timing of Easter also played a role. With the holiday falling later in April this year, fewer working days were available for car sales compared to the same period in 2024. This further compounded the decline in new car registrations.

Uptake of pure battery electric new cars grew by 8.1 per cent in April, reaching a market share of 20.4 per cent, up from 16.9 per cent a year earlier.

Under the zero emission vehicle (Zev) mandate, at least 28% of new cars sold by each manufacturer in the UK this year must be zero emission, which generally means pure electric.

SMMT chief executive Mike Hawes described the overall performance of the new car market in April as “disappointing but expected” after the 12.4 per cent year-on-year growth in March when new registration plates were released.

He said: “Another month of growth for electric vehicle registrations is good news, however, even if demand remains well below ambition.

“Recent Government adjustments to flexibilities and compliance within the Zev mandate are welcome and an important first step in relieving some of the pressure on the market and manufacturers.

“However, EV uptake is still being heavily and unsustainably subsidised by the industry, which is why a compelling package of measures from Government is essential if consumers are going to make the switch.”

Ian Plummer, commercial director of online vehicle marketplace Auto Trader , said “short-term turbulence” is most likely to blame for April’s softening new car sales.

He added: “We’re seeing new car visits on Auto Trader up 8 per cent on 2024 and we’re confident this will convert to sales in the coming months.”

Dan Caesar, chief executive of lobby group Electric Vehicles UK, said: “Month after month at least one in five new car buyers are now going battery electric.

“As the industry demonstrates that battery electric vehicles are the cheaper and better option, more and more end-users will opt for all-electric vehicles.”"
E2E Female 100 list for 2025 revealed,https://www.independent.co.uk/news/business/e2e-100,,business,independent,CONTENT_NOT_FOUND_CONTAINER_MISSING
UK company sees £2bn wiped off shares through American challenges,https://www.independent.co.uk/news/business/bunzl-shares-ftse-100-trump-tariffs-b2734376.html,,business,independent,"One of the UK’s largest public listed companies has seen its share price sink by 25 per cent on Wednesday, after reporting a lower annual forecast for 2025 and warning over the “uncertainty” caused by Donald Trump ’s tariffs .

Bunzl is a distributor business which supplies other companies around the world with essential everyday goods such as food packaging and labels for supermarkets, catering equipment for restaurants, and masks, gloves and gowns for hospitals.

Having held a market capitalisation in excess of £10bn, the share price crash of the FTSE 100 company has seen more than £2bn wiped off that total in hours after CEO Frank van Zanten cited a “challenging trading environment”.

No other company on the London Stock Exchange ’s biggest index saw a fall of more than four per cent on Wednesday, leaving Bunzl as a huge outlier as it battles with its biggest market operating cautiously amid potential import costs and a weak dollar. The report does not include data on revenues directly affected by tariffs.

“A profit warning and termination of a share buyback programme, the first such halt by any FTSE 100 firm since the dark days of Covid-19 and lockdowns, are both taking a heavy toll on shares in Bunzl and driving them to a four-year low,” said AJ Bell investment director Russ Mould, explaining why the tariffs had particularly weighed on the company.

“The specialist distributor had already flagged the combination of higher input costs and price pressure in the US business in particular, where sales and profit fell in 2024. These challenges have become even more acute, especially for the food service and grocery segment. Volumes have stayed soft, prices have weakened, a customer has been lost and Bunzl has invested in its sales proposition to reaffirm its competitive position in the market.

“That is all putting a lid on profit margins after a period of strong expansion and also eroding one of the key parts of the investment case for Bunzl’s shares, namely the essential nature of the services it provides for its customers, and the pricing power this brings.”

Bunzl have halted a £200m buyback programme for this year, which sees companies buy their own shares from the market to return value to investors.

No FTSE 100 company had taken this course of action since 2020.

“It's still all connected with the concerns about global tariffs and slowdowns...there's nervousness in the market. Any bad news or any hint of bad news is being punished severely,” added Nick Saunders, CEO of Webull UK.

Bunzl has about 27,000 employees, with more than half of its revenue coming from North America.

The company reported higher earnings for the past year, generating an operating profit of £799.3m, about 1 per cent higher than 2023. However, its profit before income tax declined nearly 4 per cent year-on-year, and total revenues came in fractionally lower at £11.78bn. Bunzl said the decline was mainly driven by deflation across the US and Europe, which led to fiercer competition to decrease prices among suppliers.

The volume of sales was also impacted by the firm switching its focus towards own-brand products in its food services division in the US.

In the UK, Bunzl flagged a more challenging sales environment leading to weaker volumes, particularly in its safety division, which includes supplying equipment for building sites, and retail arm, with packaging for luxury fashion and jewellery firms impacted by slower consumer demand.

The company said it had a record year of acquisitions, buying 13 companies in 2024 and pledging to spend £883m.

Matt Britzman, senior equity analyst for Hargreaves Lansdown, said: “It’s been a tough year; prices have been falling in many of Bunzl’s markets after a period of rampant inflation and that’s been bad news for top line growth – but it might finally be at an inflection point.

“Key markets are showing brighter volume trends, and pricing looks set to flip positive soon, setting the stage for a stronger core business, with own-brand gains and cost efficiencies promising sustainably higher margins despite last year’s cost pressures.”

Bunzl said it expects revenues to grow in 2025 “despite significant uncertainties relating to the wider economic and geopolitical landscape”.

Additional reporting by PA"
Major UK distributor has £2bn wiped off shares after tariff warning,https://www.independent.co.uk/bulletin/news/bunzl-shares-ftse-100-trump-tariff-uncertainty-b2734591.html,,business,independent,CONTENT_NOT_FOUND_CONTAINER_MISSING
