title,url,summary,category,source,full_content
"Voters deserting Labour and Tories for Reform, top pollster says",https://www.independent.co.uk/news/uk/politics/reform-farage-local-elections-john-curtice-b2738113.html,,politics,independent,"Fewer people than ever are prepared to vote Tory or Labour as Reform look set to claim hundreds of seats at this week’s local elections, polling guru Professor Sir John Curtice has said.

Speaking exclusively to The Independent , Prof Curtice said less than half of voters are telling pollsters they will vote for one of the two main parties, in a historic shift in voting patterns.

He said: “Fewer than half of the people who tell pollsters how they are going to vote say they are going to vote either Conservative or Labour. It has never been quite that low before.”

The big winner from the shift in voter intentions is Nigel Farage’s Reform UK, which Prof Curtice described as having “already won” next week’s elections before a single seat is declared.

The professor said that while Reform, along with its predecessor parties Ukip and the Brexit Party, has previously eaten into the Tory vote, it is now taking thousands of Labour votes as well.

He also predicted that the Liberal Democrats will do well in places including Oxfordshire and Cambridgeshire, due to Reform having “murdered the Tories”, enabling Sir Ed Davey’s party to slip through.

The leading pollster said the Lib Dems have eclipsed Mr Farage’s former challenger party Ukip in standing candidates in more than 99 per cent of the seats up for grabs on 1 May, contesting more wards than Labour or the Conservatives. At its peak, Ukip managed to fight in 75 per cent of available seats in the 2013 local elections.

Stressing the “highly uncertain” nature of next week’s vote, and cautioning against drawing conclusions from how many seats each party wins or loses, Prof Curtice told The Independent : “Reform, in a sense, have already won these local elections. One of the targets they set for themselves is to create local party organisations.

“Evidently, in the limited number of places we have elections, they have managed to create enough of an organisation to find 1,600 candidates, and they are fighting for more seats than any other party. Ukip never got to fighting more than 75 per cent of the wards in 2013, so they have already won an organisational battle.”

Prof Curtice said Reform will end up winning “probably a few hundred” seats across the country, a significant step towards Mr Farage convincing voters that his party is the real opposition to Labour.

In a dire assessment of the Tories’ prospects, echoing a warning from their leader Kemi Badenoch herself, Prof Curtice said the baseline for the party is May 2021.

“It is the day Boris Johnson won the Hartlepool by-election. It is a high Tory baseline in predominantly Tory areas. Even if the Tories were to achieve something of a recovery from last year, they would still lose heavily in these elections.”

And despite Sir Keir Starmer ’s party having collapsed in the polls since the general election, Prof Curtice gave a less bleak view of Labour’s prospects next week.

“It may well be that Labour end up making net gains,” he said. This is because, while Labour are still polling well below their own May 2021 benchmark, Reform will take more seats from the Conservatives and allow Sir Keir’s candidates to hold on.

But, in a warning to the prime minister, Prof Curtice added: “The problem for Labour now is that whereas Reform, at 15 per cent, was great news for Keir Starmer, because it murdered the Tories and enabled a Labour Party with just 35 per cent of the vote to [win the general election], Reform at 25 per cent – at the same level as Labour – are in a position to take loads of Labour seats.

“We are in very uncertain territory ... partly because Reform are intervening virtually everywhere. There is no baseline against which to measure them.”"
‘A myth’: Independent readers reject the UK-US ‘special relationship’,https://www.independent.co.uk/news/uk/politics/uk-us-special-relationship-trump-trade-b2740769.html,,politics,independent,"T he so-called “special relationship” between the UK and the US has sparked fierce debate among Independent readers, with many questioning whether it ever truly existed — and whether it should survive.

Against the backdrop of escalating trade tensions and Donald Trump’s new tariffs on British exports, Chancellor Rachel Reeves has suggested that reconnecting with Europe may now matter more than clinging to historic US ties.

Her comments in Washington followed a new Ipsos poll which revealed that nearly 70 per cent of Brits no longer believe in a special relationship with America — a view echoed by our readers.

In our own poll , 35 per cent said they never believed in the special relationship, 59 per cent said times have changed, and just 6 per cent think it is still important.

Some readers argued that Britain has clung for too long to an outdated myth, born from the Second World War and nurtured by politicians unwilling to accept Britain’s post-imperial decline.

Several described the relationship as one-sided, with the US benefitting at Britain’s expense, and one even branded it ""abject subservience.""

Others pointed out that Britain has more in common culturally and economically with Europe than with the US, and urged a shift towards closer European ties.

Overall, readers seemed united in believing that the ""special relationship"" has become a relic of the past and agreed that a shared language and history are not enough to justify continued loyalty today.

Here’s what you had to say:

This idea dates from Churchill during the war, and he was half American. I suppose the attraction is that the US has taken over the power that the now-defunct British Empire used to have.

I have long believed that Europe is our future. Sadly, our politicians think otherwise. What Reeves said about needing to connect with Europe is not before time.

This special relationship nonsense is due mainly to the Second World War. The Americans only joined after Japan attacked Pearl Harbour. If that hadn't happened, it would have been us and Russia.

As for the Lend-Lease, the Americans got very well paid for that. It took us until the 21st century to pay that off. But we should be respectful and grateful to all those Americans who gave their lives for our freedom.

England has always been obsessed with past glory. Hence, Brexit.

We, as Europeans, believe in our union. Brits still believe they are superior, and because of that feeling, they are unable to conceive of being a member of the EU.

As for the special relationship, let's not forget they fought a war to get rid of the king. The only thing both share is English... and in our world of today, that's not enough.

Europeancitizen

The Special Relationship only ever existed in the minds of British politicians, especially Labour politicians. In this sense, it still exists, but “special relationship” was never the right word: how about “abject, grovelling subservience”? Yes, the USA was a key ally during the Second World War. So was the USSR — do we have a special relationship with them too?

Actually, the situation post-dates 1945. The Attlee government emerged from the war hoping to maintain the British Empire and hold onto superpower status. When they realised that Britain did not have the industrial muscle for this, and especially after the sudden loss of the Indian Empire, they decided that hanging on to Uncle Sam’s coat-tails would be the best option.

You can date this to 1948, when Britain decided to pull out of the Greek Civil War and also to go along with the disastrous American support for a Zionist state in Palestine — something the British had previously opposed. After that came and the Cold War, enthusiastically supported by the Labour government.

Do I think America listens to us? Not really. Do I think the British are more like the Americans than any other people in the world? Yes. And that's more than an empire that all speaks our language, but to have inherited this position, too.

Nepo baby states that can't really do anything in the real world, but that's no barrier to ruling the world. Power without merit lingers on in its position and its place, the least civilised part of the civilised world.

TheRedSquirrel

I’ve always been sceptical about the special relationship. I’ve only ever heard that phrase being used by British politicians and media, although I’m willing to be corrected on that. It appears to me that we’ve always adopted a position of subservience to the US.

Having worked a bit in the US, I also disagree that we are more like Americans than anyone else. Culturally, we are quite different, and I think that we have more in common with our close European neighbours. I know that it’s a bit of a cliché, but the average American is really quite parochial and ignorant of the rest of the world.

Bionicpants

I wish that I thought that there was a special relationship, but recent events have made that no longer credible. The Trump presidency will continue until 2028, and longer if he is able to fool the American people into rewriting the constitution – we have no idea what will come after – and even a change of party in power can’t remove the possibility of a return to isolationist unpredictability when the Presidency next changes.

So, I think it’s over, and we need to seek more predictable partners elsewhere in the world.

What special relationship? To me, it seems to be a one-way relationship with the bigger partner benefitting exclusively at the expense of the smaller. Take off the blindfolds and earmuffs and wake up to reality.

Christopher

Both the UK and the US are divided into English and American languages, as are Canada, Australia, New Zealand, etc.

There is nothing special about sharing a language, especially for America. It is also worth considering that the American language has constantly shifted in spelling and meaning, and in creating American grammar.

We have never truly had a so-called special relationship with America when it comes to trade.

Under Trump, the situation will get worse... his tariffs have wiped trillions of pounds off the world markets, and I guarantee that Trump's companies, and those owned by his billionaire buddies (such as Musk), will have made a shed load of money by effectively insider trading due to their knowledge in advance of Trump’s tariffs plan — which changes every five minutes.

Trump has already said that the USA, China and Russia should have control of world markets, as they are the biggest economies — funny how his politics mirror communism and dictatorship.

The pressure to maintain this so-called ""relationship"" arose from our wish to retain a commercial advantage which would be of benefit to the UK. Now, a broken relationship at the behest of a rogue president, we are faced with a vacuum from which the US is avowed to seek an advantageous position over all its trading partners.

It's an abusive one-way relationship. America buys up all our assets and innovative businesses and then charges us for the privilege of using them... Then proceeds to insult and belittle us. Like Angus Hanton says, we are a Vassal State.

theculture3

It never existed. It was always a myth designed to lead Britain by the nose to bend to America's will whilst we continued paying dearly for the privilege. They sat out WW1 until 1917 , then only saw action in 1918. They turned up, predictably, for the sharing out of reparations.

Next time round, they stayed home trading with both sides, even using nefarious deals to disguise their efforts using neutral nations as channels by which to supply Germany/Hitler. They didn't get their boots muddy and their knees dirty until 1942, and then Churchill cornered them into declaring against Germany.

After WW2, they tried to drag us into every profiteering land and asset-grab they went into as they sought to preserve their own assets/resources and exploited the hell out of anybody else's. That always featured oil as a main target.

We need to be telling Trump that all bets are off- that, in future, he will be paying huge rents for any bases in the UK, that, he will be agreeing to the end of treaties that enable US criminals to be shipped home/escape prosecution if they are military/state personnel.

We managed to pay off their war loans, now it is time to actually make European bonds that will enable us economically to make the USA recognise they really are not the commercial or military super-power, be all and end all, their lazy, fatuous mythology paints them as.

PaganPilgrim3

The special relationship is like comedy gold, the only time the US uses it is when they want support in one of their wars that they keep stumbling into like a drunk in a china shop.

In a way, the UK relives its days of empire and glory of ruling the world through the US (which itself is a dying empire). Sadly, we needed to be part of a strong European project to deal with world issues, but that's dodo for us, and Europeans seem confused, relying on the US too much.

Some of the comments have been edited for this article for brevity and clarity.

Want to share your views? Simply register your details below. Once registered, you can comment on the day’s top stories for a chance to be featured. Alternatively, click ‘log in’ or ‘register’ in the top right corner to sign in or sign up.

Make sure you adhere to our community guidelines , which can be found here . For a full guide on how to comment click here."
Ministers consider pay rises for millions of public sector workers,https://www.independent.co.uk/news/uk/politics/reeves-pay-rises-teachers-nhs-strike-b2740645.html,,politics,independent,"Rachel Reeves is facing the prospect of further pressure on struggling public finances as the government is considering handing pay rises to millions of public sector workers in order to avoid the looming threat of strike action.

It comes after public sector pay review bodies recommended pay rises of as much as 4 per cent for teachers and 3 per cent for NHS workers – significantly more than the 2.8 per cent that the government budgeted for.

Care minister Stephen Kinnock said the government will give “careful consideration” to the recommendations, but insisted the government would make sure it is balancing the books.

A rejection of the recommendations is likely to spark another wave of disruptive strike action which could bring public services to a standstill.

But even if the government does meet the pay recommendation, they still face the prospect of strikes, as unions are likely to take issue with the funding coming from cuts to school or health service budgets.

Speaking to Sky News, Mr Kinnock said the government has received the recommendations, which were first reported in The Times .

“We’re all about putting more money into the pockets of working people, but we do also have to ensure that we are balancing the books, and we’ve got to work in terms of public sector pay within fiscal constraints,” he said.

“So, of course, we will give these recommendations careful consideration. But I would, of course, also urge our colleagues in the trade union movement to engage constructively with us and recognise the reality of the financial position.”

Speaking to ITV’s Good Morning Britain , he pointed to a pay deal for junior doctors that got them “off the picket line and onto the front line”, and said it had helped to get waiting lists down.

“Absolutely nobody wants to have strike action,” he said.

It comes just days after official figures revealed that the government borrowed nearly £15bn more than expected as a result of last year’s public sector pay rises and increased spending on benefits.

Earlier this year, the Treasury warned that there would be no additional funding for public sector pay rises beyond the 2.8 per cent allocated, saying that if ministers wish to award further pay rises they must find the money from existing departmental budgets.

But Unite branded the pay offer “insulting”, while the National Education Union said it was “putting the government on notice” that it was not enough."
"‘Impossible’ to make smartphones safe for children, Sophie Winkleman warns",https://www.independent.co.uk/news/uk/politics/adolescence-sophie-winkleman-rosie-duffield-netflix-government-b2740874.html,,politics,independent,"Smartphones are “impossible” to make safe for children and should be banned from schools, a royal family member and actress has said.

Sophie Winkleman , styled as Lady Frederick Windsor, warned phones can have physical and emotional “consequences”.

The actress, known for playing Big Suze in Channel 4 comedy Peep Show, has previously leant to her support to a ban on under-16s from having smartphones, and was a supporter of strengthening the Online Safety Act.

“I think the impact of smartphones on children’s mental and physical health is so immense and so multi-stranded that it’s actually impossible to make them safe,” she said.

“They’re designed by geniuses to be unputdownable,” she told an event hosted by the Policy Exchange think tank in Westminster.

“Even if a child is only watching animal videos for three hours, they’re still stationary, isolated and passive.

“They’re simply consuming content, open vessels for other people’s garbage often for hours at a time.

“The physical consequences of this vice like addiction range from eyesight damage, spinal damage, sleep disturbance, hormone disruption, obesity and manifold neurological impairments, which include the decimation of the attention span, giving rise to various ADHD like symptoms.

“The emotional and safeguarding harms are equally multiple.”

A survey of more than 15,000 schools in England by the Children’s Commissioner suggests that the vast majority already have policies in place that restrict the use of mobile phones during the school day.

The Netflix drama Adolescence , which examines so-called incel (involuntary celibate) culture, has fuelled a debate about smartphones in schools in recent weeks.

But the Government has so far resisted calls to ban phones in schools.

Also speaking at the event, independent MP Rosie Duffield , who resigned from Labour last year, said the Government should be more receptive to findings on the harm caused by smartphones in schools.

“We share evidence, research, ideas and opportunities to engage with the Government and discuss policy,” the former teaching assistant said.

“This has been surprisingly clunky and difficult given the mounting evidence of harm and the growing level of concern from individual parents and groups of parents.

“Children need us to keep up the pressure on the Government that growth from financial deals with tech firms cannot be at the expense of our children.

“More and more parents and groups are coming to talk to me about this issue.”

Ms Duffield resigned the Labour whip in September 2024, accusing the Prime Minister of “hypocrisy” and pursuing “cruel” policies.

Relations between the Canterbury MP and the party leadership had long been strained, particularly over transgender rights."
Equalities watchdog under pressure to scrap new trans guidance,https://www.independent.co.uk/news/uk/politics/trans-supreme-court-single-sex-spaces-toilets-b2740729.html,,politics,independent,"The equalities watchdog is under pressure to withdraw its interim guidance on single-sex spaces in the wake of the Supreme Court ruling on gender, after campaigners dubbed it a “bigoted attempt to segregate trans people in public spaces”.

The Equality and Human Rights Commission (EHRC) has been accused of breaching trans peoples’ rights, with campaigners saying it not only forces them into inappropriate spaces but it also risks outing them.

It comes after the Supreme Court ruled that trans women are not legally women under the Equalities Act , which means that transgender women with a gender recognition certificate can be excluded from single-sex spaces if “proportionate”.

While gender critical campaigners have hailed the ruling as a victory for biological women, there are concerns it will put trans people at risk and exclude them from public life.

Interim guidance published by the equalities watchdog in the wake of the ruling says that trans women “should not be permitted to use the women’s facilities” in workplaces or public-facing services like shops and hospitals.

But it also says that “in some circumstances the law also allows trans women (biological men) not to be permitted to use the men’s facilities, and trans men (biological women) not to be permitted to use the women’s facilities”.

It is unclear what these circumstances are or who is expected to make such decisions.

While the guidance adds that “trans people should not be put in a position where there are no facilities for them to use”, trans activist and model Munroe Bergdorf dubbed it a “tool of humiliation designed with the intention of stoking the escalating flames of British transphobia”.

Meanwhile, Steph Richards, CEO of trans campaign group Translucent, told The Independent that the guidance is likely to force trans people to out themselves, which she said would be in breach of article eight of the European Convention on Human Rights, which guarantees the right to respect for private life.

She said: “Let’s say there is a trans woman working in an office in London somewhere, and the company turns around and says, ‘You can no longer use the female loos’, and perhaps only one or two people know that she's a trans woman.

“If she suddenly no longer goes in the ladies’ loo and she trots off four floors down to find a gender neutral loo, that is outing her, and that is a violation, in my view, of article eight of the European Convention on Human Rights.”

Robin Moira White, a discrimination and employment law barrister, agreed, saying the guidance “would appear to be incompatible with trans people’s rights under the ECHR” and warned it would have a “horrific effect on trans lives”.

Helen Belcher, chair of campaign group TransActual, said that officials have “clearly not thought through any of the vast and disturbing consequences raised by the Supreme Court ruling.

“The idea, as promoted this week by Keir Starmer, that there is now clarity as a result of this ruling and we can all just get on with our lives is pathetic, and demonstrates a woeful ignorance of the law and the realities in this area”, she said.

Ms Belcher warned that Labour is currently supporting “rhetoric and measures that place the UK on a collision course with the European Convention on Human Rights – and expose us as a nation now wedded to hate and discrimination”.

Instead, she urged the government to “step up, engage with us meaningfully and decide to protect all citizens, not just a loud, hateful few”.

The EHRC guidance comes after the prime minister said he no longer believes trans women are women in the wake of the ruling, which he said brought clarity to the situation.

The prime minister has since said the government’s approach is to “protect single-sex spaces based on biological sex” and “ensure that trans people are treated with respect and … dignity in their everyday lives”.

“I do think this is the time now to lower the temperature, to move forward and to conduct this debate with the care and compassion that it deserves,” he added.

The Green Party has urged the EHRC to withdraw its guidance, saying it is “ill-considered and impractical”.

In a joint statement, party co-leaders Carla Denyer and Adrian Ramsay said the guidance is likely to cause “distress to the trans community and further confusion to employers, businesses and service providers who are trying to understand what the Supreme Court ruling means for them”.

“In particular, this guidance could put trans people at risk of discrimination in the workplace, and is overly prescriptive in a way that seems to fly in the face of the tolerance that we value in this country,” they added.

“This guidance should be withdrawn until the EHRC can produce something more thought-through, which takes into account the voices of all those affected.”

Tory leader Kemi Badenoch said the issue of which toilets trans people should use is “not as complex a situation as it’s often made out to be.

“The thing that has created the biggest problem isn’t trans people, it is predatory men who used lax rules to say, ‘oh, actually, I’m a woman now, I’m going to women’s loos’,” she told ITV’s Good Morning Britain .

Asked if transgender people should have separate toilet facilities, she said: “Almost all businesses I see have disabled loos. They are unisex, different from gender neutral. Trans people can use those. But if you are providing a single sex space, it has to be a single sex space.”

Ms Badenoch spoke just days after Labour minister Karin Smyth was unable to say which changing room transgender women should use after the Supreme Court ruling.

“Look, I think we need to make sure that in this discussion we are following both the law so that is clear for women and for service providers and you know... This varies upon what the provision of those service providers are. Large organisations, smaller organisations, many smaller organisations,” she told Times Radio.

Asked why it varies, Ms Smyth responded: “Because some will have unisex provisions. There might only be one bathroom, one changing room in an organisation. It’s a large complex issue, so that’s why people have to be very clear on that guidance.”

The government has been contacted for comment."
Will ministers give in to public sector demands for higher pay?,https://www.independent.co.uk/news/uk/politics/politics-explained/public-sector-pay-unions-strikes-b2740984.html,,politics,independent,"W ith apologies for dropping such a clangingly awful cliche, but are we in for a… summer of discontent? Reports suggest that the pay review boards for teaching and NHS staff have completed their annual deliberations. They are recommending pay rises for these two groups of around 4 per cent and 3 per cent respectively. But the government has only budgeted some 2.8 per cent extra in each case, leaving the gap – a substantial one given the numbers of staff involved – to be found from existing budgets. The unions have threatened strike action…

No, but there is an almost contractual expectation that any government will. That’s because these pay review bodies, ironically given the recent record, were designed to take industrial action out of the process of setting pay in vital public services.

The idea was, and is, that conventional free collective bargaining between the unions and employers (ie ultimately the government) is replaced by referring the issue to “pay review boards” – committees of professional experts and economists who take evidence from interested parties, assess supply and demand, and make a recommendation. In return, the unions and government agree to abide by the review board’s decision.

The extreme example is the armed forces: they cannot strike by law, but in return, there is no question of dishonouring the Armed Forces’ Pay Review Body.

It is, formally speaking, but this is where it gets tricky, because it isn’t fully funding the prospective pay rises – some of the cash will have to be found elsewhere, from schools and the hospital system. So the National Education Union (NEU) and National Association of Schoolmasters Union of Women Teachers (NASUWT) say they’ll take industrial action if schools don’t get extra discretionary funding. The Royal College of Nursing (RCN) has also warned it will not accept pay awards taking resources from the front line.

That’s always going to be a matter of opinion in any case. You could argue that the UK cannot afford not to have, say, maths teachers and geriatric nurses – and at a time of labour shortages, the government has to pay to get them.

In terms of the process, the government of the day always makes a submission to the relevant review body and that represents its opportunity to make the case for “affordability” in terms of the state of the economy and public spending priorities.

Sometimes, and that’s why we had lots of strikes , not least on the railways. If a government reneges on the implicit understanding that a union gives up its right to strike in return for agreeing to whatever a pay review body comes up with, then it will feel doubly emboldened to go on strike if ministers break their side of the bargain – and strikes cause real damage to the economy and the public finances. Sometimes it’s cheaper to settle, which is what Rachel Reeves did with the railworkers and nurses after the last election.

For the moment, it is determined not to budge or borrow to fund new awards: “Unlike previous governments, we are not going to go and get more money from markets to pay for these things.”

The government will, out of necessity, be more determined to resist fully funding the pay increases because recent downgrades to UK economic growth forecasts, and thus tax revenues, mean Reeves has even less room for manoeuvre if she wants to stick to her fiscal rules about borrowing, which she does. She is obviously also reluctant to raise taxes again to fund pay increases. In more purely party political terms, she will also be conscious that the Conservatives and Reform will attack her for “caving in to her union paymasters” and “wasting” taxpayers’ money on “bumper” pay rises, or some such. The upshot may be that, before long, she and Keir Starmer will be suffering more strike action than even Rishi Sunak and Jeremy Hunt had to deal with.

For this Labour government, things can’t necessarily only get better."
Reeves warned employment rights law has already led to hiring freeze,https://www.independent.co.uk/news/uk/politics/rachel-reeves-economic-growth-employment-rights-b2741041.html,,politics,independent,"Rachel Reeves is facing another major warning over her hopes to spark economic growth as the organisation which represents Britain’s retailers lashed out at the impact of Labour’s Employment Rights Bill.

According to a survey by the British Retail Consortium , more than half of retail HR directors say the Employment Rights Bill will reduce hiring and job flexibility.

And 70 per cent claim the bill will have a negative impact on their businesses.

The row comes as the House of Lords debates the bill on Tuesday.

The chancellor has found herself under siege over a flatlining economy, with overnight warnings from business groups and major think tanks on the government’s policies and its record after nine months in office.

With anger over hikes to national insurance and cuts to welfare payments for the disabled as well as winter fuel payments for 10 million pensioners, Ms Reeves has found herself with a near impossible task.

Added to that, the chancellor spent most of last week in Washington DC trying to improve relations with the US and get a trade deal with Donald Trump while talking up the UK economy to investors.

There will be hope that the arrival of the EU’s trade negotiator, commissioner Maroš Šefčovič, for Brexit reset talks will help spark a turnaround when a deal is announced on 19 May.

But despite also promising massive planning reforms to spur a building bonanza, Ms Reeves is facing an onslaught over the impact of her policies so far.

Leading the way, the Confederation of British Industry (CBI) has warned that private sector firms once again expect activity to fall in the three months to July (weighted balance of -21%).

According to the CBI’s latest Growth Indicator Survey, business volumes in the services sector are anticipated to decline (-26 per cent), with expectations at their weakest since November 2022.

The anticipated fall is driven by predictions of declines in both business and professional services (-22 per cent – also the weakest since November 2022) and consumer services (-41 per cent) volumes.

Distribution sales are also expected to fall markedly in the three months to July (-23 per cent), but manufacturers anticipate output to fall only slightly (-5 per cent).

Alpesh Paleja, deputy chief economist at the CBI, warned: “Global volatility is another drag on business sentiment, already hit by the rise in National Insurance Contributions and the National Living Wage, and continued concern over the Employment Rights Bill.”

The employment rights legislation was also picked up by the BRC in its survey.

Helen Dickinson, chief executive at the BRC, said: “Those in charge of retail hiring are clear – unless amended, the bill will make it even harder to keep and create jobs and reduce the flexibility that defines many existing retail roles.”

But heaping on the pressure, Labour’s traditional backers, the trade unions, have made it clear that there must be no backing down or dilution of the promised legislation.

TUC general secretary Paul Nowak said: “Stronger workers’ rights means a happier, healthier and more productive workforce.

“The government has been at pains to engage unions and employers – large and small – in designing these new reforms.

“Most businesses already do the right thing, and this will level the playing field for those good employers.”

Meanwhile, a report from the Resolution Foundation has suggested that the government should focus spending from its “limited pot” in areas such as health and housing if it wants to increase living standards.

The analysis by the think tank also urges ministers to examine investment at June’s spending review in the prisons system and public transport, but describes them as “secondary priorities”.

The Treasury is currently undertaking the review, which will set the budgets for government departments for the next three years in terms of day-to-day spending.

The process will set the budgets for so-called unprotected departments, including local government, justice, transport and culture. Protected departments include defence, the NHS (health), and schools as part of the education envelope.

“The chancellor must now decide how to allocate a limited pot of capital spending in a way that both addresses the UK’s legacy of frayed infrastructure and supports future ambitions for growth and higher living standards,” the report stated.

At the budget in October 2024, Ms Reeves announced more money for capital spending, but also said that there would be “four key guardrails” introduced to ensure good value for money.

“Ultimately, if the government wants to avoid dramatic cuts to departmental budgets, then it will likely have around £20-50bn of capital spending to allocate over the next five years,” the Resolution Foundation report said.

Rachel Reeves told the BBC in March that “we can’t just carry on like we have been, spending on the same things that the previous government spent on”.

The Treasury and Department for Business and Trade have been contacted for comment."
Ban on migrants convicted of sex offences claiming asylum in Britain,https://www.independent.co.uk/news/uk/politics/labour-asylum-starmer-ban-reform-b2740935.html,,politics,independent,"Migrants convicted of sexual offences will be banned from claiming asylum in the UK under a change to the law aimed at improving border security.

Under the Refugee Convention, countries are able to refuse asylum to those who have committed “particularly serious” crimes and are a danger to the community, with the provision currently used to block claims from criminals handed prison sentences longer than one year.

Sir Keir Starmer’s crackdown will extend the provision to include anyone convicted of a crime which places them on the sex offenders register, regardless of the length of their sentence.

Home Office sources said the change could have prevented the Clapham chemical attacker Abdul Ezedi from being granted asylum despite convictions for sex offences in 2018. But officials repeatedly refused to give an estimate of how many migrants would be affected by the changes.

The new measure will be introduced in an amendment to the government’s Border Security, Asylum and Immigration Bill currently going through Parliament, the Home Office said.

It is hoped the move will send a clear message that sex offences are treated with the “seriousness they deserve”.

The crackdown will also see ministers set a 24-week target for first-tier immigration tribunals to decide on appeals of those living in asylum seeker-supported accommodation, or who are foreign national offenders, in a bid to cut the asylum backlog.

However, on Tuesday Yvette Cooper admitted that “other obstacles” could still be in the way of returning failed asylum seekers but said they are “working so hard to...remove those”.

Asked whether sex offenders could be stopped from using the European Convention on Human Rights (ECHR) to appeal against their removal, the home secretary told Times Radio: “Of course, there are often other obstacles that are put in the way of different kinds of returns and removals, but that’s why we’re working so hard to seek to remove those.

“But the first step is to remove somebody’s entitlement to asylum protection in the first place if they have committed these serious crimes.”

It comes hours after Sir Keir conceded that Thursday’s local elections will be “tough” for Labour. Nigel Farage’s Reform party has opened a consistent lead in the polls and has relentlessly attacked Labour as soft on migration.

But Yvette Cooper said Labour is “changing the law to help clear the backlog, end the use of asylum hotels and save billions of pounds for the taxpayer”.

The home secretary said: “Sex offenders who pose a risk to the community should not be allowed to benefit from refugee protections in the UK.

“We are strengthening the law to ensure these appalling crimes are taken seriously.

“Nor should asylum seekers be stuck in hotels at the taxpayers’ expense during lengthy legal battles.”

The Conservatives said the changes were “too little, too late”. Shadow home secretary Chris Philp said: “Foreign criminals pose a danger to British citizens and must be removed, but so often this is frustrated by spurious legal claims based on human rights claims, not asylum claims.

“The Conservatives had already tabled tough, clear reforms to remove all foreign criminals and to disapply the Human Rights Act , so activists and lawyers cannot block deportations. But Labour voted against our measures.”

The amendments to the Border Security, Asylum and Immigration Bill come ahead of a wider crackdown on migration expected in response to a triumphant night for Reform on Thursday.

Within weeks, ministers will publish a white paper detailing plans to slash migration by making it harder for foreign students to remain in Britain and banning employment law-breaking employers hiring from abroad.

One of Labour’s key election pledges was also to halve violence against women and girls within a decade.

Safeguarding minister Jess Phillips said: “That’s exactly why we are taking action to ensure there are robust safeguards across the system, including by clamping down on foreign criminals who commit heinous crimes like sex offences.”

The Home Office also announced that artificial intelligence will be used to support caseworkers processing asylum claims, such as by summarising interview transcripts and accessing other countries’ advice.

Using the technology could save caseworkers up to an hour per case, according to the department.

The moves come as the government intends the immigration bill to introduce a range of measures to crack down on people smuggling across the English Channel and reform the asylum system.

These include scrapping the Conservatives’ Rwanda plan, introducing new criminal offences and handing counterterror-style powers to police and enforcement agencies to tackle the crossings.

The Home Office has also announced plans for the legislation to crack down on people posing as immigration lawyers by giving the Immigration Advice Authority powers to fine those not properly registered up to £15,000."
Blair calls for reset of climate policies in major intervention,https://www.independent.co.uk/news/uk/politics/tony-blair-net-zero-climate-change-b2741110.html,,politics,independent,"Tony Blair has warned Western policies to tackle global climate change are “failing”, demanding a radical reset to win over hearts and minds on the issue.

The major intervention by the former prime minister torpedoes current net zero policies and calls for the COP process to be torn down and replaced.

It is a shot across the bows of the current Labour government and energy secretary Ed Miliband ’s plans to push headlong towards renewables.

Writing the foreword for his own think tank’s new paper, The Climate Paradox: Why We Need to Reset Action on Climate Change , Sir Tony warned that there is a widening credibility gap with voters who are “being asked to make financial sacrifices and changes in lifestyle when they know that their impact on global emissions is minimal.”

The intervention could not come at a more sensitive time for Sir Keir Starmer’s government which is facing local elections in 48 hours, a first serious electoral test since the general election.

Sir Tony endorses the paper, authored by the Tony Blair Institute (TBI)’s director of climate and energy policy Lindy Fursman, which calls for the COP international series of conferences to be dismantled, while a “new coalition” must be built to tackle the climate crisis.

It claims that COP is struggling to “deliver change at the speed required” and must evolve to match ambition with delivery.

In his foreword, Sir Tony argues that while climate activism has succeeded in raising awareness, today’s policy strategies have become disconnected from political, public, and economic reality, and the debate is “riven with irrationality”. The result is a widening credibility gap between climate policy and climate delivery.

“Activists have shifted the political centre of gravity on climate,” he said, but “the movement now needs a public mandate - attainable only through a shift from protest to pragmatic policy.”

Highlighting a cycle that pushes proposals but delivers little real progress on global emissions, he wrote that “political leaders by and large know that the debate has become irrational” but are “terrified of saying so, for fear of being accused of being ‘climate deniers.’”

Meanwhile, voters “feel they're being asked to make financial sacrifices and changes in lifestyle when they know that their impact on global emissions is minimal.”

Sir Tony pointed to global trends that undermine today’s climate approach: fossil fuel use is set to rise further up to 2030, airline travel is to double over the next 20 years, and by 2030, almost two-thirds of emissions will come from China, India, and Southeast Asia.

These are “inconvenient facts” he says, that mean that “any strategy based on either ‘phasing out’ fossil fuels in the short term or limiting consumption is a strategy doomed to fail.”

While acknowledging COP’s role in scaling ambition, Sir Tony said that “the process will not deliver change at the speed required”:

“The great gathering of all the nations has its place - though probably not every year. But the reality is it is the decisions of the large countries, and the policy direction they give towards the technology and the financial flows, which can in truth solve the climate issue.”

He proposes a new model which must evolve to match ambition with delivery: “We now need a new process that scales global solutions.” Instead of eliminating emissions with green energy and electric cars, the papers urges governments to prioritise global investment in carbon capture - investing in solutions that capture emissions at source before they reach the atmosphere, together with breakthrough technologies like direct air capture that permanently remove carbon.

The TBI also wants them to harness the power of technology, including AI – decarbonising smarter and faster, technology can turbocharge the path to net zero, from smarter tech delivering lower bills, to better systems and faster progress.

It argues that AI applied to energy efficiency and the better use of the energy grid is potentially revolutionary in reducing energy demand.

There is also a call to invest in frontier energy solutions - including new generation nuclear and fusion technologies. The papers argue that small modular reactors offer hope but need integration into energy strategy. Scaling up means less pollution, more jobs and new abundant energy sources that don’t fuel the climate crisis.

The TBI also wants Starmer’s government and others to scale up nature-based solutions – from planting forests to developing carbon-smart crops, we must harness the power of nature and science together. They argue that nature is one of our best allies in this fight, and we need to back it with smart science and innovation."
Doctors say Supreme Court trans ruling is ‘scientifically illiterate’,https://www.independent.co.uk/news/uk/politics/trans-gender-supreme-court-ruling-bma-doctors-b2741304.html,,politics,independent,"Doctors at the British Medical Association (BMA) have condemned the Supreme Court’s ruling on biological sex , dubbing it “biologically nonsensical” and “scientifically illiterate”.

The union branch representing resident doctors – made up of around 50,000 medics previously known as junior doctors - passed a motion on Saturday criticising the judgement , which ruled that trans women are not legally women under the Equalities Act.

Politicians have said the judgement - which means that transgender women with a gender recognition certificate can be excluded from single-sex spaces if “proportionate” - provides clarity, while gender critical campaigners have hailed it as a victory for biological women.

However, the doctors argued that a straightforward binary divide between sex and gender “has no basis in science or medicine while being actively harmful to transgender and gender-diverse people”.

The union branch said it “condemns scientifically illiterate rulings from the Supreme Court, made without consulting relevant experts and stakeholders, that will cause real-world harm to the trans, non-binary and intersex communities in this country”.

It is understood the BMA’s official position will not be decided until a conference in June.

The motion, first seen by The Times , will spark concern that the medical profession could seek to obstruct the implementation of new NHS guidance on trans patients and single-sex spaces.

Last year, the union became the only medical organisation in the country to reject the findings of the Cass Review, an independent review into gender identity services for young people in the UK. The BMA also called for a ban on prescribing puberty blockers for under-18s to be lifted.

Its latest motion comes amid growing pressure on the equalities watchdog to withdraw its interim guidance on single-sex spaces in the wake of the Supreme Court ruling, after campaigners dubbed it a “bigoted attempt to segregate trans people in public spaces”.

The Equality and Human Rights Commission (EHRC) has been accused of breaching trans peoples’ rights, with campaigners saying it not only forces them into inappropriate spaces but it also risks outing them.

Interim guidance published by the equalities watchdog in the wake of the ruling says that trans women “should not be permitted to use the women’s facilities” in workplaces or public-facing services like shops and hospitals.

But it also says that “in some circumstances the law also allows trans women (biological men) not to be permitted to use the men’s facilities, and trans men (biological women) not to be permitted to use the women’s facilities”.

It is unclear what these circumstances are or who is expected to make such decisions.

While the guidance adds that “trans people should not be put in a position where there are no facilities for them to use”, trans activist and model Munroe Bergdorf dubbed it a “tool of humiliation designed with the intention of stoking the escalating flames of British transphobia”.

Meanwhile, Steph Richards, CEO of trans campaign group Translucent, told The Independent that the guidance is likely to force trans people to out themselves, which she said would be in breach of article eight of the European Convention on Human Rights, which guarantees the right to respect for private life.

She said: “Let’s say there is a trans woman working in an office in London somewhere, and the company turns around and says, ‘You can no longer use the female loos’, and perhaps only one or two people know that she's a trans woman.

“If she suddenly no longer goes in the ladies’ loo and she trots off four floors down to find a gender neutral loo, that is outing her, and that is a violation, in my view, of article eight of the European Convention on Human Rights.”

Helen Belcher, chair of campaign group TransActual, said officials have “clearly not thought through any of the vast and disturbing consequences raised by the Supreme Court ruling”.

The EHRC guidance comes after the prime minister said he no longer believes trans women are women in the wake of the ruling, which he said brought clarity to the situation.

The prime minister has since said the government’s approach is to “protect single-sex spaces based on biological sex” and “ensure that trans people are treated with respect and… dignity in their everyday lives”.

A BMA spokesperson said: ""Attendees at the BMA's resident doctors conference voted to show their opposition to the Supreme Court ruling on Saturday. However, BMA-wide policy is set at the Annual Representative Meeting (ARM), with the next meeting coming in June.

“The BMA respects trans patients' dignity, autonomy, and human rights and continues to believe that trans doctors, NHS workers and patients deserve dignity, safety, and equitable access to healthcare and healthcare facilities.""

The Department for Health and Social Care has been contacted for comment."
"Online Safety Act ‘not up for negotiation’ in US trade talks, says minister",https://www.independent.co.uk/news/uk/politics/donald-trump-mps-prime-minister-southport-tiktok-b2741463.html,,politics,independent,"The Online Safety Act is “not up for negotiation” and will not be part of any trade deal discussions with the United States, MPs have heard.

There have been reports that, in the wake of lobbying from US-based tech giants, President Donald Trump would push the UK to water down online safety laws in exchange for a trade deal or relief from tariffs.

But when asked directly by MPs on the Science, Innovation and Technology Committee if the Act could be part of trade negotiations, parliamentary under-secretary for online safety Baroness Jones of Whitchurch said: “The Prime Minister has made it absolutely clear that the Online Safety Act is not up for negotiation.

“It’s not part of the trade deal discussions. We’ve made that clear, and the fact is that the Online Safety Act is a piece of legislation – it can’t just be negotiated away.

“It’s well through the process of being implemented, so it can’t be changed, and we’re happy to reassure everybody that we are sticking with the Online Safety Act.”

The online safety rules are currently being steadily rolled out and, once fully in place, will require platforms hosting user-generated content, such as social media sites, to protect users, in particular children, from illegal and harmful content, as well as put measures in place to ensure users do not encounter harm.

Those found in breach of the rules could face fines of up to £18 million, or up to 10% of global turnover – whichever is greater – and, in the most serious cases, sites could be blocked from the UK.

Giving evidence earlier in the session, Mark Bunting, from Ofcom, said that, had the Online Safety Act been in force during last summer’s riots, which were sparked by misinformation spreading on social media in the wake of the Southport stabbings, platforms would have faced action from the communications regulator.

During an appearance before the committee in February, tech firms including Meta, TikTok and X had suggested very little would have been different had the online safety rules been in force, but Mr Bunting did not agree.

“I think we were very clear that we thought there were a number of questions that the tech firms would have had to answer had the duties been in force when those events took place,” he told MPs.

“Now, I don’t want to go back and legislate events that happened before the duties were in force, but I think I can say that we don’t think the companies are sufficiently, consistently or effectively responding to events of this kind, and, as the committee will probably be aware, we’re working now on proposals for further measures in our codes of practice for companies to implement crisis response protocols, specifically in response to the events of last summer.

“It will expect companies to be doing a lot more and to be able to be much more accountable for their response than they have been in the past.”"
Poll: Does the UK’s sugar tax actually work?,https://www.independent.co.uk/news/uk/politics/uk-sugar-tax-proposals-milk-drinks-b2741435.html,,politics,independent,"Since its introduction in 2018, the UK’s sugar tax, officially known as the Soft Drinks Industry Levy, has sparked fierce debate over whether it actually helps reduce obesity or just adds pressure to household budgets.

Originally applied to fizzy drinks with high sugar content, the levy prompted many manufacturers to reformulate products, leading to a 46 per cent reduction in sugar levels across the soft drinks sector.

Now, the government is consulting on expanding the tax to include milk-based drinks like milkshakes and pre-packaged lattes, as well as non-dairy alternatives such as oat and rice drinks.

Officials argue that the health risks posed by high sugar consumption outweigh earlier concerns about calcium intake, particularly for children. Supporters say the tax is a practical tool to improve public health and incentivise companies to cut sugar even further.

Critics, however, warn it’s a regressive move that hits lower-income families the hardest and does little to tackle the root causes of obesity.

Home Secretary Yvette Cooper insists the government is focused on “sensible measures” to protect children’s health, while others, including opposition figures and some industry leaders, argue it’s another example of overreach that interferes with personal choice.

The Treasury says the levy has raised £1.9 billion to date, but as consultations continue, the big question remains: has the sugar tax really worked?

What do you think? Vote in our poll and share your thoughts in the comments below."
"Regulation of AI chatbots is ‘muddled and confused’, charity warns",https://www.independent.co.uk/news/uk/politics/ofcom-regulation-wall-street-journal-meta-government-b2741569.html,,politics,independent,"Online safety regulator Ofcom has been accused of having a “muddled and confused” response to regulating the dangers of AI chatbots which could pose a “clear risk” to the public.

Andy Burrows, chief executive of online safety and suicide prevention charity, the Molly Rose Foundation, said too many AI chatbots were being rushed out by tech firms in a battle for market share in the new, but rapidly growing space of generative AI (Gen AI).

Last week, the Wall Street Journal reported that it had found Meta’s AI chatbots and virtual personas will take part in romantic and even sexual role-plays with users, including children.

The report said Meta had called the testing manipulative and unrepresentative of how most users would engage with chatbots, but made changes to its products after seeing the findings.

Mr Burrows said this latest report should prompt greater action from Ofcom to more tightly regulate AI chatbots under the Online Safety Act, a subject he said the regulator has not been clear enough on.

“Every week brings fresh evidence of the lack of basic safeguarding protections in AI generated chatbots that are being hurriedly rushed out by tech companies in an all too familiar battle for market share,” he said.

“Despite this, Ofcom’s response to the risks remains muddled and confused.

“The regulator has repeatedly declined to state whether chatbots can even trigger the illegal safety duties set out in the Act.

”If there are loopholes in the Act, Ofcom should stop dodging the question and start providing clarity on how we need to plug them.

“From child sex abuse to inciting acts of violence and even suicide, poorly regulated chatbots are a clear risk to the safety of individuals and the public.”

Asked about the subject during an evidence session of the Science, Innovation and Technology Committee on Tuesday, Ofcom’s director for online safety strategy delivery, Mark Bunting, acknowledged that the “legal position” was “not entirely clear” and “complex”.

“The first thing to say is that Gen AI content that meets the definitions of illegal content, or content that is harmful to children is treated in the Act exactly the same way as any other type of content,” he told MPs.

“The Act is deliberately drawn in a way that’s technology neutral.

“There are areas of the technology where we think the legal position is not entirely clear or it’s complex.

“So, for example, chatbots and the character services that we’ve seen linked with harm in the last few months, we think they are caught by the Act in some circumstances, but not necessarily all circumstances.

“The mere fact of chatting with a chatbot is probably not a form of interaction which is captured by the Act, so there will be things there that we’ll want to continue to monitor.

“We’ll want to talk to industry about those things where we think that there’s more that could be done – we’d be very happy to work with Government and parliament to try to build on the legislation that’s already in place.”

Online safety groups have raised a number of concerns around AI chatbots, including that they can easily and quickly spread misinformation because of flawed training data or through AI hallucinations, as well as through AI-image generation tools being used to create child sexual abuse material.

Earlier this month, the safety organisation the Internet Watch Foundation (IWF) reported finding record levels of web pages hosting child sexual abuse material in 2024, and warned that AI-generated content were a key factor in that rise."
Badenoch calls for Trump-style mass deportations and Thatcher statue,https://www.independent.co.uk/news/uk/politics/kemi-badenoch-trump-deportations-thatcher-statue-local-elections-b2741561.html,,politics,independent,"Kemi Badenoch has called for Donald Trump -style mass deportations and the building of a statue of Margaret Thatcher in Parliament Square, in what appears to be a last ditch attempt to win over Reform voters ahead of the local elections .

The Tory leader said she “absolutely” would support mass deportations of hundreds of thousands of illegal immigrants, adding: “It's not going to be easy, but you've got to start from somewhere”.

It comes after Tory peer and pollster Lord Hayward predicted a devastating night for his own party at the local elections, taking place on Thursday.

Voters in 23 local authorities across England will go to the polls on 1 May to choose their new councillors, with mayors also up for election across six regions. It will be the first big electoral test for the parties since last summer’s general election, and more than half of the council seats up for grabs are currently held by the Conservatives.

Lord Hayward said he expects the Tories to lose between 475 and 525 local authority seats, predicting that the party, which is defending nearly 1,000 seats, will only win between 375 and 425.

Speaking to ITV, he also painted a grim picture for Labour. While he does not expect the party to see a notable change in overall seat numbers, the pollster warned they will fail to take seats in the Midlands and North that he argues “they should have won”.

These areas will instead see heavy gains for Reform UK, the pollster predicted. In total, he expects Nigel Farage’s party to make significant gains, winning between 400 and 450 seats.

Speaking to BBC 5Live, the Tory leader said: “We need to make sure that we remove foreign criminals from our country. And we actually put down an amendment that says that we will deport. It's not going to be easy, but you've got to start from somewhere. If you start from the position of, ‘oh well, it can't be done, then you're never going to do it’.

“We have a problem now with immigration being too high. I have acknowledged that that happened under the Conservatives' watch. I was not in charge. I am now. And that is something that we are going to fix.”

Asked if she would commit to mass deportations of hundreds of thousands of illegal immigrants, Mrs Badenoch said: “Of foreign criminals? Absolutely. If people are in the country illegally, then they should be deported. That is the law. Otherwise you're rewarding people for breaking the law.”

The Conservatives are attempting to regain control of the narrative on immigration, seemingly going even further than Mr Farage who has said he would not support Trump-style mass deportations.

Mrs Badenoch also told the BBC she thinks that there should be a “statue of Margaret Thatcher outside Parliament”.

“There's one that's near the chamber of the House of Commons that's inside, but most people would never see that. I think she's such an iconic figure. It's odd that she isn't there”, she said.

“And I remember having this conversation about 15 years ago, long before I became an MP, and the person said, ‘oh, they'd be really worried about the statue being defaced’.

“And then what did we see last weekend or two weekends ago? People are defacing every statue of Millicent Fawcett. For goodness sake, I think we need to treat the statues with a bit more respect.”"
First transgender judge takes UK to court over biological sex ruling,https://www.independent.co.uk/news/uk/politics/victoria-mccloud-transgender-ruling-european-court-human-rights-b2741391.html,,politics,independent,"The only ever judge to publicly say they are transgender in the UK is taking the government to the European Court of Human Rights over the ruling that trans women are not legally women under the Equalities Act.

The long-awaited judgment from the Supreme Court was hailed by gender-critical campaigners but led to warnings it would “exclude trans people wholesale from participating in UK society”.

Dr Victoria McCloud, 55, who stood down last year, is bringing action against arguing a breach of her rights under article six of the European Convention on Human Rights .

She claims the court refused to hear her views on how the ruling would affect her and other trans people. Another trans person had also wanted to give evidence.

Dr McCloud came out as trans in her twenties and is one of about 8,000 people to have legally changed the sex on their birth certificate.

Dr McCloud sought to present evidence to the Supreme Court about how the outcome of the ruling would affect her and other trans people. She has since accused them of “refusing to hear me or my evidence”.

The court’s ruling means that transgender people can be excluded from single-sex spaces if “proportionate”.

Gender-critical campaigners have hailed it as a victory but there are concerns it will put trans people at risk and exclude them from public life.

While the Supreme Court did consider arguments on how the ruling would impact trans people – including from Amnesty – it did not hear from trans activists.

Speaking to The Guardian , Dr McCloud said the basis of her action was that “the Supreme Court refused to hear me, or my evidence, to provide them with information about the impact on those trans people affected by the judgment and failed to give any reasons”.

She added: “Those are two basic premises of normal justice. There were protest groups speaking on behalf of women in this court case, but ordinary women were not actually represented as a whole.

“The disabled were not represented, and now we’re seeing the Conservatives saying that trans people have got to use the disabled loos, which impacts the lives of disabled people. The impacts of all of this have not been dealt with.”

She added that rather than bringing clarity, the judgement and subsequent statements had “brought chaos”.

Doctors at the British Medical Association (BMA) have also condemned the Supreme Court’s ruling on biological sex , dubbing it “biologically nonsensical” and “scientifically illiterate”.

The branch of the union which represents resident doctors, around 50,000 medics previously known as junior doctors, passed a motion on Saturday criticising the judgment , which ruled that trans women are not legally women under the Equalities Act.

Earlier this month five judges from the Supreme Court, the highest court in the UK, ruled unanimously that the terms “woman” and “sex” in the Equality Act refer to a biological woman and biological sex, in a decision that will have wide-ranging ramifications for trans women’s rights to use services and spaces reserved for women.

It means that transgender women with a gender recognition certificate (GRC) can be excluded from single-sex spaces."
Brexit-style misinformation still a danger in local elections- warning,https://www.independent.co.uk/news/uk/politics/local-elections-brexit-misinformation-online-b2741633.html,,politics,independent,"Fears have been raised that the sort of election interference with fake stories and narratives on polling day which marred the Brexit referendum is still a threat in the UK.

The warning comes as voters in many parts of England prepare to go to the polls on Thursday to cast their ballots for county council and mayoral elections as well as the parliament by-election in Runcorn and Helsby.

The elections could see Nigel Farage ’s Reform propelled from a fringe party to one challenging for power but there are calls for an urgent change in the law to deal with misinformation going online when people go to the polls.

BCS, The Chartered Institute for IT, which represents IT and tech engineers, has said that restrictions on reporting on election days means that mainstream media is unable to counter narratives which could emerge as people go to the polls.

Almost two thirds of tech experts now believe broadcasters and recognised online media platforms should be allowed to rebut misinformation on polling day.

While BCS, The Chartered Institute for IT did not mention Brexit by name the issue came to the surface with the EU referendum.

A parliamentary investigation by the culture, media and sport committee looked at the way how social media bots were able to spread misinformation.

Researchers at City St George’s University of London found that 13,493 accounts tweeted on the two weeks before and after the referendum before disappearing after the polling stations closed.

While the £350m per week for the NHS promise on the Vote Leave bus became symbolic of misinformation, bots spread claims on immigration and other inflammatory issues.

Analysis of the 2019 general election by Lord Ashcroft found that 16 per cent of voters made their decision on polling day or when completing their postal ballot.

Now 62 per cent of IT professionals surveyed believe the ban on election coverage on polling day should include an exemption to allow mainstream media to counter online misinformation.

Dan Howl, head of policy at BCS, The Chartered Institute for IT said: “As we head into local elections, which often see lower turnout and less public attention than general elections, it's even more important that broadcasters are empowered to challenge misinformation and disinformation in real time.

“Currently, while polling stations are open, the rules prevent even the most reputable media outlets from responding to false or misleading claims — leaving voters vulnerable to online rumours, deepfakes, and other forms of manipulation at a time when trusted information is crucial.

“Allowing broadcasters to fact-check and correct misleading content as it appears would help voters feel more confident in the information they rely on and ensure that elections at every level are fairer, more transparent, and better trusted by the public.”

The current regulations, set by Ofcom, state that discussion and analysis of election issues must finish when the polling stations open, and not resume until they close. This also includes that whilst people are voting, broadcasters must not publish the results of any opinion polls.

In the same survey of 1200 technologists, 65 per cent of respondents expressed concern that deepfakes would have had a significant influence on the result of the 2024 UK general election."
Will extending the ‘sugar tax’ leave a sour taste?,https://www.independent.co.uk/news/uk/politics/politics-explained/sugar-tax-milkshake-latte-oat-milk-b2741563.html,,politics,independent,"T he government is consulting on extending the existing “ sugar tax ” on soft drinks to pre-packaged milkshakes and lattes, ending the exemption on milk-based products and adding in non-dairy substitutes such as oat milk. It would, as now, only apply to shop-bought products, rather than those found in fast food joints or restaurants.

The Treasury has also confirmed proposals to reduce the maximum amount of sugar allowed in drinks before they become subject to the tax from 5g to 4g per 100ml. There has already been some strong reaction...

The sugary drinks tax, or soft drinks industry levy (SDIL) to give it its proper title, was proposed by then chancellor George Osborne in his 2016 Budget and implemented by the Conservatives in 2018. No doubt, raising money for the Treasury was one motivation, but so was reducing the amount of money the NHS had to spend dealing with the rising incidence of tooth decay, obesity and diabetes, especially among the young.

At the time there were concerns that if the tax was applied to milk-based drinks it might affect the intake of calcium, so products based around milk were exempted. Subsequent experience suggests that very little calcium is sourced from milkshakes and the like – 3.5 per cent – and that the benefits of reducing sugar intake outweigh the risk of reduced calcium intake among the young.

Yes. What’s happened is that the soft drinks industry has applied its skill and ingenuity to reducing the quantity of sugar to below the threshold for the tax, presently 4g, with little effect on sales or the palatability of the products. No one seems to miss the sugar that much.

Thus the government says that some 89 per cent of soft drinks sold in the UK are not subject to the tax because of widespread “reformulation” by manufacturers since 2018. However, as with all such fiscal rules, there’s been a trend to get drinks to just below the 5g/100ml “target”. Hence the move to 4g/100ml.

Not really, because the drinks industry has managed to avoid it by revising their recipes. So in 2023-24 the government raised £338m from the SDIL – useful but tiny compared to other sin taxes. Ten times more than that comes in from duties on gambling, and £8.8bn in tobacco taxation. For scale, £300m is the amount GB Energy will invest in offshore wind farms.

Because of what economists call “externalities” – unavoidable costs borne by the entire community as a consequence of such activities – including cleaning up pollution, NHS spending on cancers, and the social and economic costs of problem gambling and alcoholism.

Unavoidably so, but can be ameliorated by raising the incomes of the poor.

For the Conservatives, the shadow chancellor, Mel Stride, said the move was a “sucker punch” to households when Labour had “already pushed up the cost of living for families”. Kemi Badenoch said it was too much nanny state – despite the scheme basically being a Tory proposal.

Nigel Farage, leader of Reform UK and famously partial to a cigarette and a pint said that he is “sick to death of a government telling us how we should live”. He says the focus should be on health and diet education. His Reform UK colleague, Lee Anderson, famously argued that meals could be cooked from scratch for just 30p.

Much the same arguments as apply to sugar can be made for taxing foodstuffs containing too much salt and/or fat, including meals eaten out. The National Food Strategy, an independent review commissioned by the Johnson administration and since shelved, suggested a £3/kg tax on sugar and a £6/kg tax on salt sold wholesale for use in processed foods, or in restaurants and catering businesses.

Whatever the merits of this, the British have long resisted taxing foodstuffs of any kind, including a reluctance to levy tariffs on food imports. It would certainly widen the tax base, ease the weight of the burden on the NHS (sometimes literally), and make the nation that much healthier and happier. But which politician is going to be brave enough to put the cost of groceries up?"
Fly-tippers to have vehicles seized and crushed under new crackdown,https://www.independent.co.uk/news/uk/politics/fly-tipping-car-seize-crush-jail-b2741458.html,,politics,independent,"Fly-tippers will have their cars and vans seized and crushed under a new crackdown targeting so-called “waste cowboys”.

Ministers warn the problem is “soaring” with more than 1.1 million fly-tipping incidents in England each year.

Now drones and mobile CCTV vans will used to identify vehicles used to dump waste.

Those responsible for fly-tipping will also face up to five years in prison under new legislation.

As part of the drive, the government plans to slash red tape currently blocking councils from taking and destroying vehicles.

Fly-tippers will also have to pay to have their car crushed, so the burden does not fall to taxpayers. At the moment the local authority usually covers the cost.

Criminals caught transporting and dealing with waste illegally will also now face up to half a decade in jail .

Environment secretary Steve Reed said perpetrators “who blight our towns and villages have gone unpunished for too long”.

He said he would not stand by “while this avalanche of rubbish buries our communities”.

Fly-tipping has risen skyrocketed by a fifth, while the number of prosecutions has fallen by the same amount, since 2018.

However, countryside leaders warn the problem is even greater than official figures suggest as they only include rubbish dumped on public land, while farmers and rural businesses face stress, disruption and “staggering” costs to clear up waste illegally left on private land.

The statistics show that last year, some 60 per cent of cases involved household waste, with 688,000 incidents, ranging from black bags of waste to the contents of shed clearances, furniture, carpets and DIY.

The most common place for fly-tipping to happen was on pavements and roads, accounting for 37 per cent of incidents , according to a map of England .

Under the plans, the Environment Agency will also be given more powers to issue enforcement notices and hefty fines.

Philip Duffy, its chief executive, said: “Waste crime is toxic. Criminals’ thoughtless actions harm people, places, and the economy, blighting our communities and disrupting legitimate businesses.

“At the Environment Agency, we’re determined to bring these criminals to justice through tough enforcement action and prosecutions.”

Councils already have the power to take vehicles linked to fly-tipping, but the move is not widely used. Just two councils, West Northamptonshire and Kingston-upon-Thames in London, accounted for most of the vehicles seized last year.

In 2018, a study by the Home Office suggested that criminals may use waste management activities, such as operating illegal waste sites, as a cover for crimes including theft, human trafficking, fraud, drugs supply, firearms supply and money laundering."
Amess’s daughter calls for probe into Kneecap ‘kill your MP’ comments,https://www.independent.co.uk/news/uk/politics/david-amess-kneecap-starmer-badenoch-b2741764.html,,politics,independent,"Police should investigate Kneecap after a member of the band called for Tory MPs to be killed, the daughter of murdered MP Sir David Amess has said.

Katie Amess has called for the Metropolitan Police to probe the group after a member called for Conservative MPs to be killed and another appeared to shout ""up Hamas , up Hezbollah "".

Ms Amess said: “If the police had followed through and looked into threats against my dad the night before the murder, my dad would still be here .

""So we can't wait until after the act and then say, 'oh dear, lessons will be learned'. No, lessons are never learned.

""When these things happen, when there's a warning, when there's an incitement to do this, we have to get ahead of these things in order to prevent loss of innocent lives. And if we'd have done that with my dad, he would still be here.

""So yeah, the police do need to investigate, and we need to follow through and see what kind of outcome there's going to be from that so that we can go forwards and stop people calling for dangerous acts of crime to happen, because you never know who's in the audience.

""People could be crazy. They could think, 'oh, yeah, I am going to go out and do that' and so it's a very, very important serious issue and it needs to be taken extremely seriously.""

A video from a November 2023 gig appeared to show one member of the group saying: ""The only good Tory is a dead Tory. Kill your local MP.""

The Metropolitan Police is assessing the footage, along with a video clip from another concert in November 2024 in which a member of the band appeared to shout ""up Hamas, up Hezbollah"" - groups which it is a crime to support in the UK.

Her calls came after Kneecap's performance at the Eden Project has been cancelled, with growing calls for the band to be dropped from the Glastonbury lineup.

Kneecap have apologised for the comments and said the comments had been ""exploited and weaponised"".

In a statement posted on Instagram, the group, made up of Liam Og O Hannaidh, Naoise O Caireallain and JJ O Dochartaigh, said they ""reject any suggestion that we would seek to incite violence against any MP or individual"".

The post read: ""Kneecap's message has always been - and remains - one of love, inclusion, and hope. This is why our music resonates across generations, countries, classes and cultures and has brought hundreds of thousands of people to our gigs. No smear campaign will change that.""

They said they have ""never supported"" Hamas or Hezbollah, and the group apologised to the families of murdered MPs Sir David Amess and Jo Cox saying ""we never intended to cause you hurt"".

Downing Street said the apology was ""half-hearted"" while Kemi Badenoch said the band was simply trying to save its spot at Glastonbury and called for Kneecap to be banned “full stop”.

“It glorifies terrorism, it has called for MPs, politicians, to be killed,” the Tory leader added.

Home secretary Yvette Cooper urged the promoters of gigs featuring the rap trio and their management to ""take some responsibility"".

Asked if the band should still perform at Glastonbury in June, Ms Cooper told Times Radio: ""That's a matter for the organisers.""

She went on: ""What they're reported to have said is a total disgrace.

""It's dangerous and irresponsible to say these sorts of things, and I hope that everybody involved - not just the band but also those involved surrounding them and those involved in events - also take some responsibility on this and looks very seriously at the consequences of these kinds of remarks, not just what's been said."""
Tony Blair at war with Ed Miliband over net zero,https://www.independent.co.uk/news/uk/politics/tony-blair-ed-miliband-net-zero-b2741510.html,,politics,independent,"Tony Blair has gone to war with Keir Starmer’s government over its pursuit of net zero policies.

The ex-PM warns energy secretary Ed Miliband his eco policies are wrong because voters know their sacrifices will have virtually no impact on climate change.

Sir Tony claimed voters “feel they’re being asked to make financial sacrifices and changes in lifestyle when they know the impact of global emissions is minimal”.

Sources close to the energy secretary have hit back, pointing out that the green agenda Mr Miliband is pursuing was in Labour’s election manifesto and that Sir Keir has described them as part of “the DNA of the party”.

The concerns outlined by Sir Tony come against a fraught political background where Nigel Farage’s Reform UK have used the “net zero madness” messaging to propel their surge in the polls with a promise to copy Donald Trump and reverse it.

In his dramatic intervention the ex PM said attempts to phase out fossil fuel in the near future - a key aim of the British government and other leading nations – was doomed to fail.

With local elections and a crucial by-election in Runcorn on Thursday there are serious concerns that the energy policies being pursued by Mr Miliband could contribute to Labour being punished at the polls.

The Tories, who have embraced rowing back on net zero under Kemi Badenoch’s leadership, have seized on Sir Tony’s comments.

Shadow energy secretary Andrew Bowie said: “It seems even Tony Blair has come to the realisation that Keir Starmer and the Labour Party’s mad dash to net zero by 2050 is simply not feasible, or sustainable.

“As Ed Miliband’s net zero zealotry pushes this country’s energy security even further into the arms of China, and their slave labour supply chains, and risks driving up energy bills further and further, only Kemi Badenoch and the Conservatives are telling the truth about energy policy in this country.

“Under new leadership, we have been clear that the cost of net zero by 2050 to families will be far too high, and we must urgently change course. Will Labour now finally be prepared to do the same, and put the national interest above their own ideological dogma?”

The TBI report – “The Climate Paradox: Why We Need to Reset Action on Climate Change” – was released as Spain and Portugal suffered a mass blackout, with some blaming the Spanish government for going 100 per cent renewable with energy sources.

Global trends such as a massive rise in fossil fuel use by 2030, a doubling of the number of airlines over the next 20 years, and the fact that by 2030 almost two-thirds of emissions will come from China, India and southeast Asia has made a nonsense of current climate change strategies, Sir Tony said. The UN-led climate change conferences would “not deliver change at the speed required”, he warned.

Sir Tony’s criticism is not just confined to the UK, with a wider warning that world leaders know climate change policies are not working but are “terrified” of speaking out for fear of being accused of being “climate deniers”.

His stark warning will fuel fierce debate about the ideological stance taken by Mr Miliband and the pragmatic arguments by Sir Tony who won three elections for Labour by pursuing centrist policies.

It comes only days after Sir Keir declared Britain would go “all out” for a low-carbon future and accelerate the drive to net zero instead of rowing back as some have called for.

A spokesperson for Mr Miliband pointed out that the UK was already doing what Sir Tony had suggested by investing in more carbon capture schemes and harnessing the power of artificial intelligence to develop smarter technology.

A source added: “We've just won an election in part on an argument that we need to speed up the clean energy transition. The PM said last week that clean energy is in the DNA of the government.”

Backers of Mr Miliband’s policies on ending coal mining and North Sea oil and gas production, with a focus on wind and solar farms, said they have the support of the business community.

Analysis published by the Confederation of British Industry found that 22,000 net zero businesses, from renewable energy to green finance, employ almost a million people in full-time jobs. The average annual wage in the businesses – £43,000 – was also £5,600 higher than the national average."
Watch: Adolescence creator addresses parliament on misogyny,https://www.independent.co.uk/news/uk/home-news/adolescence-creator-misogyny-parliament-livefeed-b2741528.html,,politics,independent,"Watch as Adolescence creator Jack Thorne addresses parliament on Tuesday (29 April) to discuss misogyny among young men and boys.

Mr Thorne spoke to the Women and Equalities Committee with fellow executive producer Emily Feller as the government faces calls to do more to tackle extreme content being served to young people on social media.

The session came after Sir Keir Starmer gave his backing for the Netflix drama to be shown in schools and parliament.

The prime minister revealed how he had watched the drama with his teenage children.

Speaking at a recent PMQs, he said: “This violence carried out by young men, influenced by what they see online, is a real problem.It's abhorrent, and we have to tackle it.”

The record-breaking show centres on a 13-year-old boy arrested for the murder of a young girl and the rise of incel culture.

The show has prompted calls for the government to get tough on tech firms."
"French police to change rules on stopping small boats, Cooper claims",https://www.independent.co.uk/news/uk/politics/small-boat-migrants-yvette-cooper-today-b2741349.html,,politics,independent,"French police will intervene to stop migrants getting on to small boats when they’re in the water after the UK “persuaded France to change its rules”, the home secretary has said.

Small boat smugglers have been picking up migrants from the sea rather than French beaches in the latest attempt to evade police.

Yvette Cooper said on Tuesday that smugglers are using the dinghies as “taxis”, launching further up the French coast and then travelling down to beaches closer to the UK to pick up migrants.

Migrants then wade or swim out to clamber aboard the small boats in the water, rather than getting on the dinghy from the beach. These tactics have been particularly effective at evading the French police, as the authorities currently don’t intervene once migrants are in the water, Ms Cooper explained.

The home secretary told BBC Radio 4’s Today programme that the UK has recently “persuaded France to change its rules”. The French have agreed to intervene once migrants are in the water to stop the crossings, but the plan has yet to be put into action, Ms Cooper added.

She explained the trend, saying: “We have to go after the gangs. One of the things that they are increasingly doing is described as ‘taxi boats’. The boat is launched much further up the coast, travels down the coast, and then picks people up from the water.

“If people are already in the water, then the French authorities currently don’t intervene. Those are their rules which they’ve had for a long time. They don’t intervene in French waters. We’ve now persuaded France to change its rules. That’s gone through cabinet now. They’re changing their rules so that they can intervene in French waters to stop boats crossing, that’s hugely important. It’s not in place yet but it’s step by step, practical things like that.”

She said that the changes would come in “over the next few months”.

The number of people who have crossed the English Channel in small boats so far this year has now exceeded 10,000. Last year, this milestone was reached about a month later, on 24 May.

Ms Cooper said that a high number of good weather days has had an impact on the level of crossings.

She said the “criminal smuggler gangs ... are also taking advantage of the very high of calm weather days. This has been much higher than previous years. We can’t carry on in this situation. The reason we are ending up in a situation with border security being affected by the weather is because of the way in which these gangs have taken root.”

The Home Office announced on Tuesday that migrants convicted of sexual offences will be banned from claiming asylum in the UK.

Under the Refugee Convention, countries are able to refuse asylum to those who have committed “particularly serious” crimes and are a danger to the community, with the provision currently used to block claims from criminals handed prison sentences longer than one year.

Sir Keir Starmer’s crackdown will extend the provision to include anyone convicted of a crime which places them on the sex offenders register, regardless of the length of their sentence."
In full: Starmer grilled in parliament ahead of crunch local elections,https://www.independent.co.uk/news/uk/politics/starmer-labour-local-elections-pmqs-livestream-b2742269.html,,politics,independent,"Sir Keir Starmer faced questions from MPs in Prime Minister's Questions ( PMQs ), a day before people head to the polls to vote in the local elections and the by-election in the Cheshire constituency of Runcorn and Helsby.

It also follows the Labour government announcing a crackdown on fly-tipping, with councils crushing vehicles belonging to perpetrators.

In addition to being grilled by leader of the opposition Kemi Badenoch and Liberal Democrat leader Sir Ed Davey as normal, Sir Keir is due to be asked questions from Nottingham MP Nadia Whittome , and the youngest-serving MP Sam Carling.

It comes after the environment secretary defended Sir Tony Blair’s comments on the government’s net-zero approach as a “valid and important contribution” - after the ex-PM criticised any strategy that limits fossil fuels in the short term.

He later clarified to The Times that he believes the government’s approach is the “right one”.

The row has broken as Thursday’s local elections loom, with polling suggesting Nigel Farage ’s Reform UK could be set to win hundreds of seats.

Voters across 23 local authorities will decide on some 1,641 council seats, while six mayoralties are also being contested."
Why Canadians should beware what they have wished for with Mark Carney,https://www.independent.co.uk/news/uk/politics/mark-carney-bank-of-england-brexit-canada-b2741637.html,,politics,independent,"W hen Mark Carney ’s name is mentioned to Mark Francois , chairman of the ultra Brexiteer European Research Group, a smile creeps across his face.

The newly elected Canadian prime minister has won an extraordinary victory in Canada for the Liberal Party, overturning a previous two digit lead for the Conservative Party.

But Brexiteers consider his interventio n in the 2016 EU referendum to be almost as decisive in their favour, even though he spoke against the Leave campaign.

Mr Francois noted: “Ultimately, I would say it was almost as helpful as Barack Obama’s. The British people simply refused to be bullied by ‘Project Fear’, of which Mark Carney was clearly a part.”

While the remark may be seen as a joke, it underlines a mixed legacy for the former governor of the Bank of England.

Mr Carney was brought in as governor in 2013 by the then chancellor George Osborne having previously occupied the same role in the Bank of Canada.

He continued with it until 2020 taking the UK through austerity, the Scottish and EU referendums, and then the immediate aftermath following the vote to leave in 2016.

At the time, Mr Osborne described his new recruit as ""the outstanding central banker of his generation"" and expressed his confidence that he was the man to help the UK restore its economic and fiscal credibility in the wake of the banking collapse of 2008.

Announcing the appointment to MPs, Mr Osborne said: ""He is quite simply the best, most experienced and most qualified person in the world to be the next governor of the Bank of England and to help Britain's families and businesses through these difficult economic times.""

Osborne has never regretted the decision and recently said of Carney that he would “want him to go in to bat for Canada” if he was Canadian.

As governor Carney was instrumental in helping George Osborne push through his economic policies on squeezing public spending, trying to bring down structural debt and restore the public finances.

The Bank’s cutting of interest rates under his watch to what became historically low levels but also the printing of billions of pounds to underpin the economy were essential for Osborne’s strategy.

However, it meant that under Mr Carney’s watch the UK was storing up problems for the future.

The ongoing austerity saw wages especially in the public sector lag behind their previous levels, and involved cuts in public services.

Trade union leaders like the former TUC president Matt Wrack have pointed to those restrictions on wages being behind the wave of strikes from council workers, doctors, nurses and teachers all demanding restoration of pay levels.

The Labour government now is blaming the years of austerity for the lack of economic growth and productivity.

While arguments can be made both for and against on the Osborne/ Carney economic legacy, the real controversy comes over his decision to step into UK domestic politics.

The term “Project Fear” was coined to great effect by the late Alex Salmond in the 2014 Scottish independence referendum to underline the establishment coordinated attempts to get a no vote.

The anger Project Fear caused in Scotland saw the SNP and separatists at one point go ahead in the polls and only narrowly losing in the final vote.

But then in 2016 the EU referendum, also overseen by Mr Osborne, saw the same tactics being used.

This time Project Fear, which involved a clumsy intervention by the then US president Barack Obama, helped Mr Francois, Boris Johnson, Nigel Farage and others in winning the referendum.

Mr Carney’s own contribution was to warn of a massive recession and economic meltdown if Brexit was voted for. People did not believe him but in the long term he may be proven right.

Arguably, as an official not a politician then, Mr Carney should have stayed well clear of the debate on political issues and just done his job. the skills he has used in recent weeks in Canada were not the ones he needed to deploy in the UK.

Mr Carney did not get as much credit as he deserved for creating financial stability as the political chaos unfurled after the EU referendum.

But to achieve this he had to slash interest rates to just 0.25 per cent and carry out more quantative easing (printing money).

He left just before the Covid pandemic in 2020 with the UK’s finances still reeling from the effects of the Brexit vote.

When he departed for a life in the private sector on company boards and then into Canadian politics, Mr Carney left a country more divided politically and economically than before he arrived.

While he cannot be blamed for all of what happened there is little doubt he contributed to those divisions."
Minister says UK is preparing for blackouts after Spain power cuts,https://www.independent.co.uk/news/uk/politics/spain-portugal-blackouts-uk-steve-reed-b2742065.html,,politics,independent,"The UK is “constantly looking at our own resilience” to prepare for possible blackouts , a cabinet minister has said in the wake of large power outages which affected Spain and Portugal this week.

Environment secretary Steve Reed added that the UK must wait to see what caused the blackouts before learning lessons to help strengthen the UK’s energy network.

Widespread power cuts brought Spain and Portugal to a standstill on Monday as traffic lights switched off and people were left unable to access cash machines.

Spanish power distributors said on Tuesday morning that more than 99 per cent of power had been recovered.

“We’re constantly looking at our own at our own resilience,” Mr Reed told Times Radio. “There’s a subcommittee of cabinet, chaired by Pat McFadden, that is doing that day in and day out.

“When it comes to what’s gone on in Spain and Portugal, we need to have a look at exactly what their investigation finds out, and then see what lessons we can learn from it.

“But it’s difficult to learn the lessons until they find out what’s caused it.”

Addressing the Commons on Wednesday afternoon, energy minister Michael Shanks said the government has “robust emergency plans” to ensure that a similar power outage won’t hit the UK.

“As a responsible government, we prepare for all eventualities, no matter how unlikely”, he said.

In an attempt to reassure MPs, Mr Shanks said Britain’s electricity system is “highly resilient”, adding that the government “works closely with industry to continually improve and maintain the resilience of energy infrastructure, networks and assets to reduce vulnerabilities”.

It comes after Downing Street dismissed suggestions that a reliance on renewable power was behind the outages, following Kemi Badenoch’s claim that it was likely to be the cause.

The Conservative Party leader also said the UK’s net zero plans could lead to domestic blackouts, saying she had heard “different theories” about what happened in Spain and Portugal.

“Some have said that it’s cyberterrorism, but the more likely issue is the grid – that when you have an electricity supply that’s reliant on renewables, you need a lot of battery storage,” Ms Badenoch said.

“And quite often, what we’re seeing is renewables running ahead of the storage facilities, which means that when you have surges one way or another, you end up with blackouts.

“And this is one of the reasons why I’ve been saying that the net zero plans we have are not thought through.

“That we’re rushing ahead without having the right infrastructure in place and actually doing things that could end up bankrupting the country or creating blackouts.”

Her remarks came a month after a U-turn which saw her scrap her party’s commitment to net zero by 2050, saying it would be impossible to reach.

But a No 10 spokesperson said it is too early to confirm the cause of the incident and defended the government’s energy transition plans.

“In terms of the claims of reliance on net zero energy leaving countries affected vulnerable to power cuts, these are unfounded claims, and speculation at this stage,” they said, pointing out that switching to clean energy offers security and a supply of electricity that fossil fuels cannot provide.

“We’ve empowered the national energy system operator to carry out resilience functions across electricity and gas systems, and we’ll continue to work with industry and regulators to improve and maintain the resilience of old, new and future energy infrastructure,” the spokesperson added.

Earlier on Tuesday, energy secretary Ed Miliband warned not to “jump to conclusions about what happened” and said he had been in touch with the UK’s National Energy System Operator (Neso) after the outages in Spain and Portugal.

Meanwhile, home secretary Yvette Cooper told Sky News that the UK has a “continued approach” to “resilience” and “security issues”.

She added: “We’ve been looking, as part of wider security reviews across the country, how we deal with both resilience and also different kinds of challenges and threats.

“Some of which can be the traditional security challenges, some of which can be the kinds of resilience – things that we’re talking about in Spain and Portugal – and we obviously support them and the governments there in the work that they’re doing.”

It came after former prime minister Sir Tony Blair attacked any strategy that limits fossil fuels in the short term as “doomed to fail”, saying the government’s current climate approach “isn’t working”.

He argued the debate has “become irrational” and that people are “turning away from the politics of the issue because they believe the proposed solutions are not founded on good policy”.

“In developed countries, voters feel they’re being asked to make financial sacrifices and changes in lifestyle when they know that their impact on global emissions is minimal,” Sir Tony wrote in the foreword for a report from the Tony Blair Institute.

But Downing Street insisted that the government’s approach has a minimal impact on people’s lives.

This week’s blackout saw train passengers stranded and millions of people left without phone and internet access.

The Portuguese National Cybersecurity Centre said in a statement that there was no indication that it was caused by a cyberattack.

It came just weeks after Heathrow airport was forced to halt operations for most of a day after a power outage caused by a substation fire.

The airport was closed to all flights until around 6pm on 21 March, which disrupted more than 270,000 air passenger journeys.

Mr Miliband said at the time that the government would “have to look hard” at “resilience” for major institutions such as Heathrow."
Key seats to watch in the 2025 local elections,https://www.independent.co.uk/news/uk/politics/uk-local-elections-2025-key-seats-b2742441.html,,politics,independent,"E ngland’s local elections on 1 May represent a key test for all the major parties.

In what could be a new era of multi-party politics, Labour and Reform are almost neck-and-neck in the latest national opinion polls, with the Tories lagging behind.

And it is the latter who face the most difficult challenge. The last time this particular set of council elections was held was at the height of Boris Johnson’s “vaccine bounce” . Since then, Partygate and a series of other scandals have reversed the party’s fortunes, leaving it out of power in Westminster for the first time since 2010 .

But Labour could also struggle in certain seats. Despite its momentous rise to power at the general election last summer, the party has made a series of controversial decisions since then, including scrapping winter fuel allowance for millions of pensioners and sweeping welfare and international aid cuts , that could trigger a backlash from voters.

Meanwhile, Nigel Farage ’s Reform will discover whether its momentum in the opinion polls continues or has started to stall.

As well as council elections, there are also a number of mayoral positions up for grabs, and a parliamentary by-election .

Here are the key seats to look out for in the early hours of Friday morning and beyond – and why they matter.

A recent YouGov poll suggested that the Reform candidate, former Tory MP Dame Andrea Jenkyns , is well ahead in this contest.

One of two new mayoral positions being contested for the first time, it is seen as likely to be a two-horse race between the Tories and Reform. While Mr Farage’s party has picked an ex-Tory, the Conservatives have stayed local, with the leader of North Lincolnshire council Rob Waltham.

Another new mayoralty being contested for the first time this year. Reform have tried to make a splash by picking former boxer and Olympic medallist Luke Campbell. But they face competition from the Conservatives, Labour and Liberal Democrats , which all have support in different parts of the area.

Labour’s Dan Norris won for his party in 2021 but is not standing this time around after he was elected as an MP. However, he hit the headlines recently when he was suspended by the party after he was arrested on suspicion of sexual offences . The high-profile case could harm Labour’s chances of holding on to the mayoralty.

The only council Labour is defending at this year's elections, the party currently holds 41 of 55 seats here. On a very bad night for the Labour they could lose overall control of the council to Nigel Farage’s Reform, for whom this is a top target.

The seat, due to declare early on Friday morning, could be an early indication of Tory fortunes. The Conservatives have held a majority since 1974 and currently have 105 of 147 seats. Boundary changes mean the council is being cut by around a third – but, barring an upset, the Tories should remain in control.

This could be a real sign of whether or not the Lib Dems can continue to make inroads into Tory votes. Currently the largest party on the council but without a majority, with 23 of its 61 seats, they hope to get closer to majority control.

The Tories may lose overall control here, with Labour, Lib Dems and Reform hoping to gain seats. Sir Keir Starmer’s party did well here at last year’s general election, and the Conservatives, who have run the county council since 2017, are defending 40 of its 64 seats.

Could be another key seat, with potential for the Lib Dems to continue to take votes from the Tories. The Lib Dems are currently in a distant second, with nine seats. But on a good night they could deny the Tories majority control of the council, while an outstanding night would see them take full control.

The Conservatives have had control here since 2021 but no longer with a majority, holding just 26 of the 53 seats. A strong showing by the Lib Dems, currently on 16 seats, could see them leapfrog the Tories to become the largest party.

This is a difficult contest for the Tories, who have a tiny majority, with 46 of the council's 84 seats, with Labour second on 26. But both could face challenges from Reform, who currently have two seats, and independents, who have five.

The Tories face one of their toughest challenges in Nottinghamshire. The party has only a small majority, holding 34 of the council's 66 seats. And it faces challenges from Labour, currently on 14, as well as Ashfield Independents, who have 10. Reform, which took the Westminster seat at the last election, with the election of former Tory MP Lee Anderson, is also hoping to continue its success.

The Lib Dems are the largest party here but do not have a majority, currently holding 20 of its 63 seats. Could a backlash against Labour in the university city allow the Lib Dems to make enough headway to take full control?

The area has been held by Labour for more than 40 years. But the by-election was triggered after the former Labour MP Mike Amesbury resigned following his assault conviction for punching a constituent .

As voters go to the polls, both Reform and the Conservatives will attempt to overturn Labour’s 15,000 vote majority in what was once considered one of the party’s safest seats."
Rachel Reeves investigated by parliament’s watchdog,https://www.independent.co.uk/news/uk/politics/rachel-reeves-investigated-parliament-local-elections-b2742528.html,,politics,independent,"Rachel Reeves is being investigated by parliament ’s standards commissioner , it has emerged, less than 24 hours before voters go to the polls in England’s local elections.

The probe, understood to be into free theatre tickets, comes as a blow to Labour ahead of what are expected to be a difficult set of elections .

Earlier this year, Ms Reeves was forced to announce she would not accept future “freebie” concert tickets after her decision to accept a seat in a box to watch singer Sabrina Carpenter reignited a furious row.

The new probe comes after the chancellor attended a show at the National Theatre over Christmas but did not add the donation to her MPs’ register of interests until March. MPs have to register donations within 28 days.

It has previously been reported that she saw an adaptation of the classic children’s novel Ballet Shoes at the theatre over the festive period.

As well as a register for interests for MPs, there is also a separate one for ministers, where it is understood that the tickets were declared on time.

A spokesperson for Ms Reeves said: “The chancellor’s interests are fully declared and up to date.”

Ms Reeves faced fire from MPs, including a government minister, for receiving hospitality at the Sabrina Carpenter concert as she prepared to slash £5bn from the welfare bill.

Last year, she also pledged she would not accept any more free clothes from donors after days of negative headlines over “wardrobe-gate”.

The abrupt change of policy followed a furious row just before Labour’s annual conference.

It erupted after it emerged Sir Keir Starmer did not initially declare clothing bought for his wife Victoria by Waheed Alli, who has given more than £500,000 to Labour over the last 20 years.

The Labour leader was also embroiled in a row over his decision to accept more than £100,000 in gifts.

In what was dubbed “passes for glasses”, Lord Alli also gave the PM tens of thousands of pounds worth of clothing and accommodation, including “multiple pairs” of spectacles.

The standards commissioner’s website says that its inquiry, which opened on Tuesday, is under paragraph 5 of the code of conduct.

This says that “members must fulfil conscientiously the requirements of the House in respect of the registration of interests in the Register of Members’ Financial Interests. New members must register all their current financial interests, and any registrable benefits (other than earnings) received in the 12 months before their election within one month of their election, and members must register any change in those registrable interests within 28 days.”"
Solar panels on all new UK homes by 2027 under new Labour plan,https://www.independent.co.uk/news/uk/politics/solar-miliband-net-zero-panels-b2742820.html,,politics,independent,"Almost all new homes in England will be fitted with solar panels within two years under plans to be announced by ministers, it has emerged.

The plans would see housebuilders mandated to install solar panels on the roofs of new properties by 2027, which the government argues will slash energy bills and boost its net zero drive .

The change would reportedly add around £3,300 to the cost of building a semi-detached or terraced house, rising to around £4,000 for a detached property, while saving an average household more than £440 per year on energy bills.

The plans, seen by The Times , would force 80 per cent of new homes to have solar panels equivalent to 40 per cent of a building’s ground area. Another 19 per cent would have slightly fewer, and just 1 per cent of new homes would not have any solar panels.

An official told the paper: “We believe this proposal has the benefits of ensuring that the majority of new homes will be built with solar panels but that there is flexibility for legitimate cases when reduced or no solar panel coverage is appropriate.”

Currently just two in five newly built properties have solar panels, and ministers faced industry pressure to lower the number of new homes that would be required to have them.

But the installation of solar panels on new homes, as Labour targets 1.5 million new homes by the end of the decade, forms a key part of its net zero plans and its pledge to lower average household energy bills by £300.

Greenpeace welcomed the “common-sense” decision. “For too long we’ve wasted the free energy that falls on the roofs of houses every single day,” Lily Rose Ellis, a climate campaigner at the group, said.

She added: “It shows the drive for net zero can slash both emissions and bills. The government must now ensure that everyone feels the benefits of cheap solar on their roofs, as well as every hospital and school, so they too can enjoy huge savings and use that cash to improve our public services. “

It comes after the Local Government Association (LGA) this week called for all new builds to have rooftop solar panels

The organisation, which represents town halls, pointed to a recent report from the Resolution Foundation which found domestic solar panels could deliver savings on bills of £440 on average for households which had them.

Downing Street this week defended Labour’s net zero policies after Sir Tony Blair attacked any strategy that limits fossil fuels in the short term as “doomed to fail”.

The Labour former prime minister argued that the current climate approach “isn’t working”, with the debate having “become irrational” and people “turning away from the politics of the issue because they believe the proposed solutions are not founded on good policy”.

“In developed countries, voters feel they’re being asked to make financial sacrifices and changes in lifestyle when they know that their impact on global emissions is minimal,” Sir Tony wrote in the foreword for a report from the Tony Blair Institute (TBI).

But Downing Street insisted that Sir Keir Starmer ’s Government’s approach has a minimal impact on people’s lives.

The former prime minister has since rowed back on his comments and insisted he supports the government’s climate plans.

A government spokesperson said: “We have always been clear that we want solar panels on as many new homes as possible, because they are a vital technology to help cut bills for families, boost our national energy security, and help deliver net zero.

“Through the Future Homes Standard we plan to maximise the installation of solar panels on new homes, as part of our ambition to ensure all new homes are energy efficient, and will set out final plans in due course.”"
Union boss criticises Labour’s net zero push in fresh blow to Miliband,https://www.independent.co.uk/news/uk/politics/tony-blair-net-zero-starmer-labour-b2742260.html,,politics,independent,"The boss of one of Britain’s biggest unions has lashed out at Labour ’s net zero policies in a fresh blow to Ed Miliband .

With pressure mounting on the energy and net zero secretary , Sharon Graham warned ministers not to throw workers “on the scrapheap” in a bid to cut emissions.

The Unite general secretary said there has been no ""investment"" towards reaching net zero ""and also secure jobs"".

And she told Times Radio: “Workers want net zero, my members have no problem with net zero. The problem that we've got is that there is no investment currently about how we get to that and also secure jobs.""

She pointed to developments at Grangemouth, in which the site has ceased as an oil refinery and added: ""The problem is that the jobs part of this is not being discussed.

""There hasn't been one single thing done so far that I can see in terms of investments on wind manufacture, in terms of investments into areas like sustainable air fuel [...], all of those things have not happened, and you cannot just plough on regardless and throw all of these workers on the scrapheap.""

It came as Sir Tony Blair has clarified his position after what was widely seen as an attack on the government’s net zero policies as the row threatened to derail Labour’s plans.

The former prime minister had warned that energy secretary Ed Miliband’s eco policies and the push towards renewable energy were wrong because voters know the financial and lifestyle sacrifices needed to meet government pledges will have virtually no impact on climate change .

His criticism, contained in the foreword to a report for his Tony Blair Institute (TBI), fuelled the fury over high energy costs that have exacerbated the cost of living crisis and damaged economic growth by piling on costs for businesses and manufacturers.

But on Wednesday, following tense phone calls between Sir Tony’s think tank and Downing Street , a spokesperson for the TBI insisted that Sir Tony supports the current government’s policies.

The spokesperson said: “The TBI report is clear: we must prioritise technologies that capture carbon, place a bigger emphasis on protecting and enhancing nature, and develop new nuclear power, smart grids, and a new system of financing existing renewable solutions in developing economies. The UK government is already pursuing these, and their approach is the right one.”

They added: “The report is clear [that] we support the government's 2050 net zero targets, to give certainty to the investors and innovators who can develop these new solutions and make them deployable.”

The row came less than 24 hours before voters go to the polls in the local elections and the Runcorn by-election, in the first major electoral test of Sir Keir Starmer ’s government since last year’s election. Downing Street was asked whether officials had scrambled to secure the clarification from Sir Tony’s think tank, and did not deny that this was the case.

Kemi Badenoch’s official spokesperson told journalists: “She enjoyed the fact that, barely five minutes out from PMQs, the Tony Blair Institute felt it fit to release that statement.”

Sir Tony had called for the government to invest more in carbon capture, which sees carbon removed from the air; to allow fossil fuels to continue to be used; to make greater use of technology, including artificial intelligence; and to oversee a rollout of nuclear power.

The former PM had claimed that voters “feel they’re being asked to make financial sacrifices and changes in lifestyle when they know that their impact on global emissions is minimal”.

His intervention on Tuesday came as the Climate Change Committee warned that the UK is critically unprepared for the escalating climate crisis and accused the government of not doing enough in the face of impending floods , heatwaves , droughts, and wildfires .

It enabled Sir Keir to claim during PMQs that his predecessor is “absolutely aligned” with the current government.

Responding to DUP MP Sammy Wilson, Sir Keir said: “What Tony Blair said is we should have more carbon capture – we’ve invested in carbon capture. That’s many jobs across different parts of the country.

“He said that AI [artificial intelligence] should be used; we agree with that. We’ve invested huge amounts in AI and the jobs of the future. He also said we need domestic targets so that businesses have their certainty.

“If you look at the detail of what Tony Blair said, he’s absolutely aligned with what we’re doing here. These are the jobs and the security of the future.”

The attempt to cool down the row came after environment secretary Steve Reed earlier on Wednesday admitted that Sir Tony’s criticisms of Labour’s net zero policies were “valid and important”.

Speaking to Times Radio, Mr Reed disagreed with a government source who accused the ex-PM of “having a public tantrum”, and said that Sir Tony “is making a valid and important contribution to a very significant debate that we’re having”.

He went on: “I agree with much of what he said, but not absolutely every word and dot and comma of it. But this government is moving to clean energy because it’s best for Britain. It’s more energy security for Britain. It’s jobs and investment right across the United Kingdom. And those are all things we all want to see.”

It was a very different tone from the one used by sources close to Mr Miliband, who was seen as the main target of Sir Tony’s ire.

The ally of the energy secretary said: “We’ve just won an election, in part on an argument that we need to speed up the clean energy transition. The PM said last week that clean energy is in the DNA of the government.”

But despite appearing to disagree with Mr Miliband’s hardline stance, Mr Reed defended the government’s actions.

These include a 78 per cent tax on energy profits, which is pushing up the price of energy; stopping drilling for oil and gas in the North Sea; and closing down coal mines. Instead, Mr Miliband has greenlighted plans for massive solar and wind farms as renewable alternatives.

Mr Reed said: “The reason we’re asking people to take that action is because it breaks our dependency on fossil fuels and the likes of Vladimir Putin. Why should anybody that cares about the security of the United Kingdom want us to remain dependent on fossil-fuel dictators?

“We want to take back control of our energy [and] generate more of it at home, because it gives us more energy security as well as lowering prices.”

Meanwhile, Sir Tony’s former political secretary, John McTernan, denied that the former PM’s claims put him at odds with Mr Miliband, adding that Sir Tony’s views “totally align with Ed Miliband’s current policies”.

Nicholas Stern, now a Labour peer, who was commissioned by Blair in the early 2000s to write a report on climate change, hit out at the TBI report, calling it “muddled and misleading”.

He said that it “downplays the science in its absence of a sense of urgency, and the lack of appreciation of the need for the world to achieve net zero as soon as possible in order to manage the growth in climate change impacts that are already hurting households and businesses across the world and in the UK”. He added: “Delay is dangerous.”"
Local election win for Reform could reshape the political landscape,https://www.independent.co.uk/news/uk/politics/local-elections-2025-reform-nigel-farage-b2742882.html,,politics,independent,"English local elections on May 1 mark the first time widespread voting has happened in the UK since last year’s general election. They are therefore the first big test for the Labour government – but also for Reform ’s Nigel Farage .

Farage has led his party into elections before, but not since becoming an MP.

Reform achieved 14.3 per cent of the vote in July 2024 and opinion polls put them at around 25 per cent now. Farage has declared his party is therefore the “opposition to the Labour government”.

These elections in 23 English local authorities are about selecting the representatives that will serve communities, both in day-to-day essential operations, and during council reorganisations amid plans for decentralisation of British democracy.

Yet attention is also being paid to the challenge Reform have set themselves – can they continue the transition from anti-establishment outsiders to a winning party engine?

There are 1,641 local councillor vacancies up for election this week, in 1,401 wards . Reform are contesting more seats than any other party. In fact, there’s only a handful without their candidate on the ballot, amounting to 99.3 per cent coverage.

This is a major step forward for the party. Ukip contested 80 per cent of this set of seats near the height of its popularity 12 years ago.

The Conservatives are contesting 97.2 per cent, Labour 94 per cent, the Liberal Democrats 85.1 per cent and the Greens 72.2 per cent. There are candidates from others and independents, including local parties, also standing in every local authority.

This year’s elections see the Conservative heartlands up for grabs. Known as the shire counties, some of these local authorities, such as Devon and Leicestershire, have been solidly Conservative for over 20 years. So if Reform see themselves as replacing the Tories, then these are the contests Farage’s party should be winning.

Notably, these seats also have the lowest female representation, which has partly been driven by the Conservative dominance. Analysis of this year’s candidates shows that Reform is fielding the fewest women, meaning this gender disparity could be about to get worse.

There have been 241 vacancies in council byelections across Britain since the general election. Reform has won 15 of them. Where it fielded candidates, they’ve generally received significant vote shares, taking seats from both the Conservatives and Labour and gaining momentum. In the six-month period between October and March, Reform contested 64 of 78 council byelections (82 per cent) and either won or came second in half of them.

This shows that Reform can be successful – and usually on the low turnouts generally seen in byelections. With turnout being less than a third at the last two local election cycles, followed by the second lowest ever general election turnout, it’s these dedicated voters who will be affecting change this week.

The seats up for election now were last contested in 2021 – when a “vaccine bounce” for Boris Johnson delivered the Conservatives their best local results since 2008. Now they are bracing for a bad night. If Reform and the Liberal Democrats wipe out the Tories in different areas but to the same degree, there may be no Conservative heartlands left in the country.

Labour, meanwhile, did so badly in 2021 that it could even make gains due to the areas up for election. In council byelections, Reform has taken seats from Labour in some of the areas that are up now (Lancashire and Kent) but overall these locals are in Tory heartlands. Labour is defending 287 of the seats up this time – and at least 25 are vulnerable.

However, local elections are often fought on local issues, which puts Reform in a difficult spot. On one hand, they could position the new faces they are putting forward for councils as members of the community.

On the other, the party is often seen as a national entity whose main messages are on immigration and the economy, which councils don’t control. And while Farage has set his sights on damaging the two main parties in a continuation of anti-establishment sentiment, he is now trying to do so as a semi-establishment figure.

In similar local elections in 2013, Ukip received more than a fifth of votes but only ended up with a tenth of the seats. Therein lies the biggest hurdle for new entrants to the British voting system.

Farage’s parties have often polled well but failed to gain the concentrated pockets of support needed to win representatives. This was most recently in evidence at the general election, where Reform received a higher vote share than the Liberal Democrats but only came away with five seats, compared to Ed Davey’s 72.

This is a particularly difficult set of elections to call for a number of reasons. Boundary changes in more than 42 per cent of seats are confusing the picture, for one thing, and the fact that such a small number of areas are voting makes projections more difficult. Reform is also so new to these races that there aren’t past comparisons to draw on.

But as an indicator, there are around 200 seats with no boundary changes that are particularly vulnerable to a challenger win. Of these, 60 per cent are defended by the Conservatives, and it’s feasible that Reform could take a chunk of them. More than 900 seats are considered a Tory defence (when boundary changes are taken into consideration), but at least 400 of them are relatively safe.

Some local authorities sit in areas that returned a Reform MP in July, such as Boston and Skegness in Lincolnshire, and many of them house constituencies that saw Reform come in second place. However, there are also areas like Cornwall where the Liberal Democrats are a strong challenger.

What it may come down to is the strength of the party engine. Reform has found the candidates, but the test is whether its campaign has built on a growing base of support. If Reform wins are in the hundreds, they’ll be able to claim they’re on track.

But Reform candidates then have to start the hard work of being councillors. They’ll need to adapt their “Britain is broken” slogan to start evidencing that they’re fixing it. That takes more than words.

Hannah Bunting is a Senior Lecturer in Quantitative British Politics and Co-director of The Elections Centre, University of Exeter

This article was originally published by The Conversation and is republished under a Creative Commons licence. Read the original article"
UK counterterror police say they will investigate comments by Irish rap group Kneecap,https://www.independent.co.uk/news/uk/politics/irish-middle-east-northern-ireland-hamas-jo-cox-b2742949.html,,politics,independent,"British police said Thursday that counterterrorism detectives will investigate comments by Irish hip-hop group Kneecap, which has been criticized by U.K. politicians over statements about the Middle East and British politics.

The Irish-language rappers from Northern Ireland were reported to police over footage from a 2024 concert in which a band member appeared to say: “The only good Tory is a dead Tory. Kill your local MP.” Footage from another concert, in 2023, appears to show a member of the trio shouting “up Hamas , up Hezbollah” – both banned organizations in the U.K.

London’s Metropolitan Police force said the videos “were referred to the Counter Terrorism internet Referral Unit for assessment by specialist officers, who have determined there are grounds for further investigation into potential offenses linked to both videos.

“The investigation is now being carried out by officers from the Met’s Counter Terrorism Command and inquiries remain ongoing at this time,” the force said in a statement.

The Belfast trio is known for satirical lyrics and use of symbolism associated with the Irish republican movement, which seeks to unite Northern Ireland, currently part of the U.K., with the Republic of Ireland. More than 3,600 people were killed during three decades of violence in Northern Ireland involving Irish republican militants, pro-British Loyalist militias and the U.K. security forces.

Kneecap’s comments were criticized in the House of Commons this week by government and opposition lawmakers, who noted that two members of Parliament have been murdered since 2016.

In a statement on Instagram, band members Liam Og O Hannaidh, Naoise O Caireallain and JJ O Dochartaigh apologized to the families of Labour Party lawmaker Jo Cox , who was killed in by a far-right attacker in 2016, and Conservative legislator David Amess, murdered in 2021 by an Islamic State supporter.

The group said “we never intended to cause you hurt.”

Kneecap said it had “never supported Hamas or Hezbollah,” and accused “establishment figures” of taking comments out of context to “manufacture moral hysteria” because of the band’s criticism of Israel’s attacks on Palestinians in Gaza.

Several Kneecap gigs have been canceled as a result of the controversy, and some British lawmakers have called on organizers of June's Glastonbury Festival to scrap a planned performance by the group.

Fellow musicians have come to the rappers’ defense. Several dozen performers, including British rock group Primal Scream, Irish band Fontaines D.C. and mod singer Paul Weller have signed an open letter criticizing a “clear, concerted attempt to censor and ultimately deplatform” Kneecap and opposing “political repression of artistic freedom.”"
Farage wants end to NHS funding through taxes - but doesn’t say how,https://www.independent.co.uk/news/uk/politics/farage-reform-nhs-local-elections-starmer-b2742970.html,,politics,independent,"Nigel Farage has called for an end to the NHS being funded through taxes, but refused to say how it would be paid for instead .

The Reform UK leader sparked fresh fears that patients would be charged for accessing the health service if he won a general election, arguing the current model “does not work” .

In an interview on the eve of the local elections, Mr Farage said: “I do not want it funded through general taxation . It doesn't work. It's not working. We're getting worse bang for the buck than any other country, particularly out of those European neighbours.”

Pressed on the remarks by Sky News, Mr Farage stressed that he does want the NHS to remain “free at the point of delivery”. He added that “it is how we get there” that Reform is looking into.

“Where Starmer is out of touch and Labour are out of touch on this as many other issues, most people out there in the real world know the NHS isn't working,” Mr Farage added.

Labour has consistently attacked Mr Farage over his plans for the NHS, with Sir Keir Starmer repeatedly claiming Reform would charge patients if it was in power.

At PMQs on Wednesday, the prime minister said a vote for Reform “means a vote to charge for the NHS”.

And, seizing on Mr Farage’s latest comments, health secretary Wes Streeting said: “Nigel Farage has said the quiet part out loud: he doesn’t want a publicly funded NHS.

“With Farage’s plans to leave people paying over a grand for an A&E trip only one thing is clear - patients would be worse off under Reform.”

Mr Farage’s plans for the NHS have been one of Reform’s biggest weaknesses.

Responding to the repeated criticism from Labour, Reform last month posted on social media that it will “never charge you to use the NHS”.

But it has so far refused to set out how it would fund the service if not through general taxation, which currently makes up the vast majority of the NHS budget. Just 1 per cent of the Department of Health and Social Care budget in 2023/24 came from patient charges for services such as prescriptions and dental treatment, according to the King’s Fund think tank."
Fresh blow for Starmer as Labour grandee hits out on immigration,https://www.independent.co.uk/news/uk/politics/starmer-labour-election-alan-johnson-immigration-b2742924.html,,politics,independent,"Sir Keir Starmer has been dealt a fresh blow as a second Labour grandee hit out at the party’s policies as polls opened in the local elections.

After Sir Tony Blair criticised western governments for failing to do enough to tackle climate change earlier this week, former education secretary Alan Johnson warned Britain’s world class universities are “under threat” as Labour plans a crackdown on immigration .

Mr Johnson said the higher education sector is facing a “worrying” situation and urged ministers not to “make the mistake” of trying to cut net migration with measures that could “ruin or close” universities.

He told BBC Radio 4’s Today programme: “They need to recognise that we have world class universities, and they are under threat for a variety of reasons.

“If they don't grasp this, if they make the mistake of believing that the way to solve the migration problem is to ruin our universities and close some of them - that's how stark this is - they will be making a very big mistake.”

With Nigel Farage ’s Reform UK posing a growing threat to Labour, Sir Keir and home secretary Yvette Cooper are poised to unveil a white paper within weeks on how the party plans to bring down net migration.

The plans are expected to make it harder for foreign students coming to the UK to stay in Britain after net migration hit a record high of 900,000 in 2023.

Mr Johnson’s warning to Labour comes after criticism of world leaders’ approaches to net zero by Sir Tony’s think tank, The Tony Blair Institute (TBI).

In what was seen as an attack on Labour and energy secretary Ed Miliband , Sir Tony called for the government to invest more in carbon capture, which sees carbon removed from the air; to allow fossil fuels to continue to be used; to make greater use of technology, including artificial intelligence; and to oversee a rollout of nuclear power.

The former PM claimed that voters “feel they’re being asked to make financial sacrifices and changes in lifestyle when they know that their impact on global emissions is minimal”.

After tense phone calls between No10 and TBI, the former PM clarified that his remarks were not a criticism of the government or Mr Miliband and that he supports Labour’s approach on net zero.

In another setback for the PM as voters take to the polls, the boss of one of Britain’s biggest unions has lashed out at Labour’s net zero policies.

Sharon Graham warned ministers not to throw workers “on the scrapheap” in a bid to cut emissions.

The Unite general secretary said there has been no ""investment"" towards reaching net zero ""and also secure jobs"".

She told Times Radio: “Workers want net zero, my members have no problem with net zero. The problem that we've got is that there is no investment currently about how we get to that and also secure jobs.""

She pointed to developments at Grangemouth, in which the site has ceased as an oil refinery and added: ""The problem is that the jobs part of this is not being discussed.

""There hasn't been one single thing done so far that I can see in terms of investments on wind manufacture, in terms of investments into areas like sustainable air fuel [...], all of those things have not happened, and you cannot just plough on regardless and throw all of these workers on the scrapheap.""

Labour face a battle to hold on to what should be the safe Westminster seat of Runcorn in a by-election.

At the same time council elections across England could see Mr Farage’s Reform take hundreds of seats – and two mayoralties.

Polling guru Professor Sir John Curtice has warned that fewer people than ever are prepared to vote Labour or Tory in these elections amid the rise of Reform.

Speaking to The Independent , Prof Curtice said less than half of voters are telling pollsters they will vote for one of the two main parties, in what is a historic shift in voting patterns."
Olympians to Love Island stars: The famous faces standing in your area,https://www.independent.co.uk/news/uk/politics/uk-local-elections-2025-candidates-campbell-petrov-cracknell-b2742444.html,,politics,independent,"Local councillors are usually obscure figures, passionate local activists hoping to improve their areas or ambitious party loyalists wanting to climb the electoral ladder.

But among the thousands of councillors standing across the country on Thursday , a few names stand out.

From Olympians to ousted ex-MPs, The Independent looks at how the main parties are hoping star power will help their candidates over the line in one of the most unpredictable sets of local elections in British history .

Stiliyan Petrov, the son of an ex-Aston Villa and Bulgaria captain of the same name, is standing for Reform UK in the May local elections.

His father is Bulgaria’s most capped player and he hopes to represent Nigel Farage ’s party in Lapworth & West Kenilworth, Warwickshire.

“I decided to stand for election because I think it’s time the working-class people and the youth of this country have a voice that’ll actually represent them,” the ex-professional footballer’s son said.

James Cracknell is standing for a seat on Oxfordshire County Council.

The double Olympic gold medal-winning rower is standing as a Conservative for Henley, having previously attempted to become the area’s MP.

He was awarded an OBE for “services to sport” in the 2005 New Year Honours list and is promising to help Henley “get its buzz back”, according to the local Conservatives.

As a rower, he has made holding water companies to account over river cleanliness a key issue he is fighting on.

Reform UK’s candidate for the Hull and East Yorkshire mayoral election is also an Olympic gold medalist.

The boxer is swapping his gloves for the chance to represent the region as the first head of the new combined authority.

Mr Campbell, who won gold at the London 2012 Olympics, said Hull and East Yorkshire has “given me everything” and that he now wants to fight for the region in return.

The Love Island star is hoping to strike it lucky with voters and win a Reform UK seat on Cornwall council.

Ollie Williams appeared on the ITV dating show in 2020, but left after just three days claiming he had feelings for another woman.

The 29-year-old sparked fury among viewers as photos emerged of him posing beside dead animals , leading to suggestions he was “trophy hunting”.

He has avoided the limelight in the years since his appearance on the ITV show, but is now standing for Reform in the Lostwithiel and Lanreath ward.

“Our freedom of speech and society has been eroded for far too long and it’s time to act,” he declared.

Self-styled “Brexit bad boy” Arron Banks co-founded the Leave.EU campaign alongside now Reform UK deputy leader Richard Tice .

The long-standing Farage supporter is now running to become the West of England mayor for his party.

Announcing his candidacy at Reform’s local election launch in Birmingham, he called on people to “vote Banksy for Bristol”. As well as close ties to Mr Farage, Mr Banks has a history of ties to Donald Trump and was pictured with him after the US Presidential election in 2016 . He has cited Mr Trump’s success as being the result of connecting with voters on an emotional level.

Mr Banks and Mr Farage drew the interest of Robert Mueller as part of his investigation into Russia’s interference in the 2016 election . Mr Banks described the investigation as a “witch hunt”.

Mr Banks also made headlines after the murder of Labour MP Jo Cox in 2016. At the time, he commissioned a controversial poll on whether her murder had affected public opinion on voting."
"Brexit led to 1,500 deaths a year as EU nurses left UK, study finds",https://www.independent.co.uk/news/uk/politics/brexit-nhs-death-eu-nurse-b2742598.html,,politics,independent,"Brexit 's disastrous impact on the NHS led to 1,485 extra deaths per year, according to a new academic study.

Researchers from the University of Surrey say that after the 2016 leave vote, EU nurses left and were replaced by less experienced or skilled staff, which had a knock-on effect for patients.

Professor Giuseppe Moscelli, the lead investigator of the study, said: ""Brexit has had real life-or-death consequences for patients in our hospitals... (as the loss of staff) led to a measurable decline in care quality.”

Prof Moscelli said the study had two important findings for taxpayers and policymakers.

The first was the “critical role that skilled migrant nurses play in the NHS, particularly in emergency care, where the stakes are highest,” he said.

Secondly, he warned of the UK’s “considerable reliance” on foreign nurses and the need to train more healthcare professionals in the UK “to prevent similar quality of hospital service deteriorations in the future.""

The study looked at patient-level data from 131 NHS hospitals in England, including mortality rates and unplanned emergency readmissions.

It estimates that in the three years after the 2016 referendum the NHS faced a staggering 34 extra deaths per hospital with what the authors termed “average exposure to the Brexit shock”.

Alongside a “staggering drop” in the number of EU nurses coming into hospitals in the wake of the referendum and a simultaneous sharp increase in the share of non-EU foreign nurses hired, the pool of new nurse hires had lower experience or skills and were paid lower salaries.

This change in the make up of the workforce is the “most likely” reason for the increase in mortality and unplanned readmission rates, the authors say.

The study is not the first to look at the effect of Brexit on the NHS workforce.

In 2017 a paper in the Lancet warned the health service risked being hit by fewer EU nationals coming to work in the UK, with London and the south-east particularly affected.

In part in a bid to replace EU staff the NHS in England has hired tens of thousands of health staff from countries such as Nigeria, Ghana and Zimbabwe since the UK officially left the EU at the end of 2020.

A Department of Health and Social Care spokesperson said: “The NHS has faced chronic workforce shortages for years, with staff being burnt out and demoralised. Our 10-Year Health Plan will set out a bold agenda of reform to build a health service fit for the future.

“Bringing in the necessary staff will take time, but we are committed to delivering the biggest expansion of NHS staff in history, including hiring more nurses.”"
KC warns assisted dying bill incompatible with human rights convention,https://www.independent.co.uk/news/uk/politics/assisted-dying-bill-human-rights-convention-b2743007.html,,politics,independent,"A top lawyer has claimed that the assisted dying bill breaches the European Convention on Human Rights (ECHR), because of inadequate safeguards for people with disabilities.

Tom Cross KC’s review of the legislation comes as the government is expected to publish the impact assessment of the bill, which is due to have its final stages debated in the Commons on 16 May.

Mr Cross, who is one of the counsel for the Equality and Human Rights Commission, and fellow barrister Ruth Kennedy have warned that the bill breaches Article 14 of the ECHR - the provision that everyone’s rights are protected equally - and would unfairly discriminate people with conditions such as autism, bipolar disorder and depression.

However, allies of Kim Leadbeater, who brought forward the bill, have dismissed the claims, pointing out that the legislation has been carefully looked at by government lawyers.

A source close to Ms Leadbeater told The Independent : “They’re wrong. I can’t share government legal advice but it goes without saying that lawyers have examined the bill in minute detail and would have flagged any possible ECHR issues.”

The legal advice was commissioned by The Christian Institute, one of a number of charities and campaign groups looking at potentially going to the courts to prevent the bill coming into law if it is passed by Parliament.

It follows a testy committee stage in the House of Commons where scores of amendments put in by MPs opposed to the bill to add further safeguards were rejected.

Ms Leadbeater has pointed out that she accepted 32 of the 393 amendments from MPs who were opposed to the Bill.

But the row saw another Labour MP Naz Shah, who had originally intended to support the bill, warn that it is “fundamentally flawed”.

The main debate appears to focus on whether some people with conditions and disabilities are more vulnerable to coercion to end their lives.

In a detailed legal opinion, Mr Cross and Ms Kennedy say: “Persons with disabilities of the above sort are in a significantly different situation from persons who do not have such disabilities, because they are - all else being equal - more likely to express the clear and settled wish to die required under the legislation to be eligible to be assisted to die.

“They are on that basis more vulnerable both than persons whose disabilities are not of that sort and than persons who are not disabled at all. Accordingly, they are on well-established principles required to be treated differently under Article 14 [non-discrimination] unless there is justification not to do so. However, without justification, the legislation fails to provide an adequate safeguard to address that greater vulnerability.”

They went on: “In our opinion, this failure to treat these different cases differently in the enjoyment of the right to life is in breach of the ECHR.

“We consider that, on that basis, an application for judicial review in respect of the legislation once enacted could be brought to obtain a Declaration of Incompatibility under the Human Rights Act 1998 (HRA); and a person or body falling within the concept of a ‘victim’ for ECHR purposes could bring a complaint about the legislation in the European Court of Human Rights (ECtHR).”

Simon Calvert, deputy director at The Christian Institute, said the legal advice should make MPs think again about backing the legislation.

In the second reading of the bill, Ms Leadbeater and her supporters won a clear majority of 55 by 330 to 275.

However, up to 140 MPs could change their mind with some saying they voted in favour to extend the debate and others indicating their support was provisional to the original intention that a judge would make the final decision in court on an application to die. This has since been replaced with an expert panel through an amendment brought by Ms Leadbeater.

Mr Calvert said: “It's time that MPs gave up on this dangerous and discriminatory Bill and focused instead on improving healthcare and end-of-life care for everyone. If the many hours wasted on debating assisted suicide had been spent on debating how to improve palliative care, we’d be in a much better position, offering people life and hope instead of death and despair.”"
Ministers’ ‘evangelical’ support for EdTech sparks warning by campaigner,https://www.independent.co.uk/news/uk/politics/bill-parliament-schools-one-evidence-b2743148.html,,politics,independent,"A children’s rights campaigner has warned over ministers’ “evangelical” backing for the use of technology in the classroom as she highlighted the risks to pupils’ welfare and education.

Filmmaker Baroness Kidron told Parliament that pupils were being wrapped “in a world of digital products” that normalised screen time over human interaction with no proof of the benefits.

The independent crossbencher, who has championed children’s online safety, also signalled her support for a statutory ban on smartphones in schools, arguing that legally binding rules rather than current Government guidance would relieve pressure on teachers.

Lady Kidron made her comments as peers debated the Children’s Wellbeing and Schools Bill , which proposes wide-ranging measures, from increased support for care leavers to free breakfast clubs in primary schools and a new register of all home-schooled children in England.

It would also curb the freedoms of academy schools, including a requirement to follow the national curriculum.

Schools in England were given non-statutory Government guidance in February last year intended to stop the use of phones during the school day.

But urging a stronger stance to improve children’s welfare, Lady Kidron said: “ One of the easiest and cheapest things we could do is give them a break from the well-documented intrusions of digital tech whilst at school.”

She added: “ Evidence that I will bring … is showing that restrictions are helpful to school communities not only for learning but for peace in the school community and for friendship and human flourishing.

“The current guidance, which is excellent, puts pressure on teachers that statutory rules could relieve.”

Lady Kidron went on: “But while ministers are slow on smartphones they are increasingly evangelical about bringing EdTech (education technology) into the classroom.”

Although recognising such tech could benefit children with disabilities or special needs, she argued there was no such evidence for many youngsters.

Lady Kidron said: “There is no oversight, no pedagogical criteria, no understanding of its efficacy, no proof of learning outcomes.

“Some tech is wonderful, some is benign, some we know is in our schools stealing children’s data and stealing their opportunity to learn.

“And yet we are rapidly wrapping pupils in a world of digital products that isolate and normalise screen over human with no proof of the benefits.”

She went on: “There are many wonderful uses of technology but we have to make sure that schools are a place of privacy, safety and learning for our children.”

Earlier, Tory frontbencher the Earl of Effingham noted the failure of the Bill to introduce a ban on smartphones in schools.

He said: “Although the previous government’s guidance to schools on banning smartphones was a positive first step, it is not enough. Only 11% of schools have an effective ban in place.

“Scores of scientific studies have linked both better mental health and school attainment to removing smartphones from classrooms.

“We recognise that this is not universally welcomed by headteachers, but we are most concerned that, in this case, we should use the precautionary principle when dealing with the mental health of children.”

He was also deeply critical of the proposed changes to academies arguing they “undo the progress made during the last two decades”.

The Conservative peer added: “Academies have been at the forefront of fostering innovation in our school system. They have led the turnaround of some of the most challenging schools in this country.”

Introducing the Bill, education minister Baroness Smith of Malvern said: “This Bill is a charter of common sense, providing a core guarantee of quality education in every school, no matter where you live.”

She added: “By addressing the systemic barriers that too often hold our children back, we have a unique opportunity through this Bill to create a more equitable and successful environment, where all young people have the chance to achieve and thrive.”"
Ex-Tory MP was wrong not to declare £4.5m loans from major donor,https://www.independent.co.uk/news/uk/politics/andrew-bridgen-tory-loans-reclaim-party-b2742947.html,,politics,independent,"A former Tory MP was ""wrong"" to not declare millions of pounds worth of loans from a major right-wing donor, the Commons sleaze watchdog has found.

Andrew Bridgen , who was expelled from the Conservative Party for comparing the Covid jab to the Holocaust, should have informed parliament about the £4.47m interest-free loan from Jeremy Hosking.

Mr Hosking – a backer of the Reclaim Party which Mr Bridgen later joined alongside divisive former actor Laurence Fox – offered the loan to support the MP with private legal fees relating to his family's potato business.

After an investigation by The Times revealed the loans from Mr Hosking, made between 2020 and 2023, the parliamentary committee on standards opened an investigation into whether they should have been declared to parliament.

Mr Bridgen argued that they did not relate to political matters and therefore did not need to be declared. But, in a report published on Thursday, the committee found that the funding “met the test for being a registrable interest” and should have been disclosed by Mr Bridgen.

The ex-MP declared the loans in his register of interests after they were publicly revealed, with the report noting that the first payment was registered 1,135 days late.

The report did note, however, that Mr Bridgen repeatedly declared other donations received from Mr Hosking funding his constituency home and other costs. This suggested “Mr Bridgen was not attempting to conceal his connection to Mr Hosking and is genuine in not considering the funds provided for a private legal case to be a registrable interest”.

Its ultimate conclusion was that Mr Bridgen was “wrong that he did not need to register those payments”.

It also reprimanded Mr Bridgen for trying to identify the complainant to the standards committee, after claiming it was “politically or personally motivated”. The committee reminded the ex-MP that “the motivation of any complainant is irrelevant to whether a member of parliament did or did not break a rule”.

“We hope that Mr Bridgen will now behave honourably and acknowledge that he was wrong, even if honestly wrong, to believe that the £4.47m provided to him by Mr Hosking was not a registrable interest,” the report stated.

“Although the sum of money involved is substantial, this breach of the rules was inadvertent. Even if the committee wished to impose some sanction on Mr Bridgen, there is no practical sanction now at its disposal,” it added.

After losing the Tory whip for his vaccine comments, Mr Bridgen joined Mr Fox’s Reclaim Party, which claims it was formed to challenge “woke orthodoxy” and rails against the notions of white privilege and systemic racism.

Its website claims to promote “freedom of speech”, which it views as being “under grave peril”, with Mr Fox previously criticising the “climate hoax” and “Covid scam”.

Mr Bridgen is currently suing Matt Hancock for libel after the former health secretary said his comments were “disgusting and dangerous antisemitic, anti-vax, anti-scientific conspiracy theories”."
Generation will be lost to poor mental health without safeguards on tech – Cass,https://www.independent.co.uk/news/uk/politics/government-bill-b2743209.html,,politics,independent,"A generation of young people will be lost to poor mental health if safeguards on digital technology are not brought forward, a top paediatrician has warned.

Baroness Hilary Cass said the impact of smart devices on children’s sleep, attention span, and education is “not just a moral problem but an economic timebomb”.

The independent crossbencher called for teachers to receive dedicated training on the issue, in addition to education for parents, as peers debated the Children’s Wellbeing and Schools Bill .

Then-Dr Hilary Cass previously led a landmark review into gender services for young people, which found children had been let down by a lack of research and evidence on the use of puberty blockers and hormones.

Speaking during the Bill’s second reading debate on Thursday, she told the Lords: “Any legislation addressing the subject of safeguarding children, and opportunity, and safety in schools, cannot possibly ignore the impact of digital technology on the lives of children and young people.”

Lady Cass argued it’s not just “deliberate harm”, such as cyber bullying, emotional abuse, sexual abuse, exploitation and grooming that children are at risk of.

“That’s just the tip of the iceberg, there are multiple other risks associated with digital technology that have been discussed in this House, including adverse affects of learning, attention, sleep, educational attainment and mental health.

“And addictive apps are particularly a problem, especially for boys,” she said.

Lady Cass continued: “This is not just an issue of whether we ban smartphones in schools, there’s a wide array of possible actions that can be part of a strategic, multi-faceted approach to the problem.

“For example, RSE (relationships and sex education) is compulsory in schools, and yet there is no requirement to teach young people how to manage the digital technology that occupies so many hours of their lives.

“Nor indeed to include appropriate training for the staff that are teaching our infants or older children.

“There’s insufficient consideration of the impact of loss of safe place spaces, which would give children alternative recreational activities to spending time on their digital devices.

“There’s no focus on providing education and advice to parents on how to manage access to technology so that they can facilitate their children’s learning and development.

“So I very much hope that the Government will be receptive to a range of amendments that will address these deficits in the Bill, and thus gift our children with a safer, healthier future.

“Without such measures we are looking at losing a generation to poor mental health and to even more young adults being unable to contribute to the workforce.

“So this is not just a moral problem, but an economic timebomb that we can ill afford.”"
Could these local elections change the party political landscape?,https://www.independent.co.uk/news/uk/politics/politics-explained/local-elections-results-labour-reform-conservatives-b2743244.html,,politics,independent,"T he 2025 local elections in England and Wales are of unusual significance. Things are volatile , but some trends are already very clear.

Coupled with the Runcorn by-election, they will show, in dramatic fashion, the increasing fragmentation of the British party system. Labour and the Conservatives are being challenged as never before on a national basis by the combined disruptive forces of Reform UK , the Liberal Democrats and the Greens – and in Wales and Scotland, the choices presented to the voters also include their respective nationalist parties, Plaid Cymru and the SNP.

This far exceeds any of the past dislocations to have affected the party system. What is going on?

Very. At the moment, according to the opinion polls, Labour and the Conservatives – combined – command about 45 to 50 per cent of the vote. At the last general election, the figure was 57.4 per cent. Compare that with previous challenges to the two main parties, when the old couple achieved combined totals of 67.3 per cent in 2010, 70 per cent in 1983, and 75.1 per cent in February 1974.

The now-disappearing two-party monopoly peaked at the 1951 election, when Labour and the Tories won 96.1 per cent of the vote (on a 82.6 per cent turnout). In many areas there is now a three-, four-, or even five-party system; and regional mayoralties will be won on less than 30 per cent of the vote (and only on the votes of, say, 10 or 15 per cent of the electorate as a whole).

Not all places hold elections, so the raw figures are misleading. So the key figures to watch will be the “Projected National Share” (PNS), taking account of areas not polling, calculated by John Curtice and published by the BBC.

The proximate reasons are obvious – 14 years of Conservative rule that ended with a decisive and historic rejection of that party, which would be difficult to recover from in a matter of months. The Labour Party won a landslide majority, but only based on about 34 per cent of the vote – historically low – while “difficult” decisions taken since then on tax and public spending have induced an early slump in their ratings.

The main beneficiary of this has been Reform UK, which continues to attract Conservative and ex-Conservative supporters; but the Greens and Lib Dems are also benefiting.

Focus-group research by More in Common reveals an extraordinary sense of frustration among the electorate with “Broken Britain” and the established parties – sometimes even extending to Reform UK and Nigel Farage (who’s been a politician longer than Keir Starmer and Kemi Badenoch combined).

The sense of malaise is almost universal – relating to the NHS, schools, living standards, housing, migration (regular and irregular), concerns (ill founded or not) about the cost and practicalities for households of net zero, such as needing to switch to heat pumps and electric cars; and there is a general feeling that no party has the answers.

It seems to go beyond the usual contempt in which politicians are held: both economic and “cultural” issues, and even some foreign policy matters (Trump, Ukraine) are now fuelling debates, which is highly unusual, historically. Pessimists conclude that faith in democracy itself is faltering.

This will be one of the most important factors, and a key indicator of that broad dissatisfaction with the status quo. Local elections usually don’t see a big turnout, especially this far away from a general election. Only about 60 per cent of the electorate voted at the July 2024 general election, and if turnout slumps to unusually low levels again now (say 20 to 25 per cent), that will suggest rising apathy.

The question is most crucial for Reform UK. Their voters (including supporters of predecessor outfits the Brexit Party and Ukip) traditionally tend to be less likely to go out and vote, but when they are sufficiently motivated, they can cause upsets – most remarkably in the 2016 EU referendum.

Reform UK voters are more likely to say they’re certain to vote – but will they defy the usual historical pattern? And will compulsory voter ID make a difference? Farage will be looking for some wins and a projected national vote share at least matching his party’s poll ratings – 25 per cent plus, with 30.5 per cent being the record for a Farage vehicle nationally (in the 2019 European elections for the Brexit Party).

On balance, the Tories and their leader Kemi Badenoch. She has put her excuses in early – they are defending a high base, she’s only been in office since November, and the 2024 defeat was shattering. Nonetheless, if the Tories score below 20 per cent (PNS) at time when the Labour administration is so unpopular and Farage is emerging as “the real opposition”, questions will be asked about her future.

Her putative opponents, however, will need to show how they could win back support from both Reform UK and the Liberal Democrats and Labour. Weekend chatter in Conservative associations may prove vital to her survival in the face of Robert Jenrick’s spirited shadow leadership campaign. “Unite the Right” is his ( sotto voce ) theme, but what about the centre?"
Senior Tories warn against deals with Reform,https://www.independent.co.uk/news/uk/politics/tory-reform-coalition-nigel-farage-kemi-badenoch-election-results-b2743254.html,,politics,independent,"Tory grandees have warned their party against doing deals with Nigel Farage ’s Reform UK as the Conservatives brace for heavy losses in the local elections.

Senior figures hit out at what they said would be the wrong move “strategically, electorally and politically” after Kemi Badenoch did not rule out forming coalitions with their rivals at a council level.

Mr Farage’s party is expected to ride a wave of disillusionment with politics to win hundreds of council seats across England, as well as a number of mayoralities, at the expense of Labour and the Tories .

The party could also take one of Labour’s safest seats in the Commons, in a key Westminster by-election.

Amid fears of a lurch to the right, Kemi Badenoch is facing a revolt from Tory grandees who want her to toughen her stance against Reform.

On the idea of local pacts, former cabinet minister David Davis told The Independent : “The answer is no, absolutely not. We should not be [doing that] at all. After all, this is the first local government election after our defeat in July, it will reflect nothing more than the rejection of our 14 years in government. We have not had time to recover yet.

“Even if a coalition agreement was worthwhile, this would be the worst time to do it on every single count, strategically, electorally and politically.”

Another ex-cabinet minister, Andrew Mitchell , also said his party should not be agreeing on coalitions with Reform.

He dismissed Reform as “a protest party”, adding: “We need to focus on the policy solutions to win back former Conservative voters.”

Damian Green , who was Theresa May’s deputy when she was prime minister, said he “wouldn’t want to encourage anyone into going into coalition with Reform”.

He said it may be that the electoral maths in some parts of the country makes deals “necessary to have a council running at all” but said he would be “very wary of doing anything formal”.

But he added: “Nobody who’s ever tried to do a deal with Nigel Farage has come out undamaged.”

At the weekend, Ms Badenoch did not rule out coalitions at a local level with Reform.

But she did categorically rule out a pact on a national level, saying: “I am not going into any coalition with Nigel Farage... read my lips.”

However, she argued that some councils might be under what is known as “no overall control” and in those cases, “you have to do what is right for your local area”.

“At the moment, we are in coalition with Liberal Democrats, with independents,” she said. “We’ve been in coalition with Labour before at local government level.

“They [councillors] have to look at who the people are that they’re going into coalition with and see how they can deliver for local people.”

Mr Farage hit out at the idea, however, saying on Sunday that Reform had “no intention in forming coalitions with the Tories at any level”.

Ms Badenoch’s comments came after Robert Jenrick , her shadow justice secretary, was heard in a leaked video vowing to “bring this coalition together” on the right of British politics and ensure the Conservatives and Reform were not competing for votes at the next general election.

Mr Jenrick has denied that his words amount to calling for a pact with Reform.

But the Conservative mayor of Tees Valley, Ben Houchen, made headlines a few days later when he said that if the number of Tory and Reform MPs combined created a “significant majority” after the next election, then “obviously there’s going to be a conversation to form a coalition or some sort of pact”.

Experts have suggested that Reform could take up to 500 council seats on a “good night” for the party.

The Conservatives are set to lose hundreds, with voters turning to parties like the Liberal Democrats as well as Reform.

Labour could see limited losses in their council seat numbers, as this year’s elections are being held in relatively few of the party’s traditional heartlands.

But Sir Keir Starmer faces a battle to hold on to what should be the safe Westminster seat of Runcorn in a by-election.

Polling guru Professor Sir John Curtice has warned that fewer people than ever are prepared to vote Labour or Tory in these elections in the wake of the rise of Reform.

Speaking to The Independent , Prof Curtice said less than half of voters are saying they will vote for one of the two main parties, in what is a historic shift in voting patterns."
Reeves’s benefits cuts will hit red wall communities hardest,https://www.independent.co.uk/news/uk/politics/benefits-pip-dwp-red-wall-reeves-b2743270.html,,politics,independent,"Rachel Reeves’s plans to slash billions of pounds in disability payments will hit red wall communities hardest, according to new research.

The move poses a risk to Labour, which won back many of its traditional heartland seats at last year’s general election, having lost them to Boris Johnson’s Conservatives in 2019.

The North East and North West of England are set to be the hardest hit. All of the top 10 most-impacted constituencies are located in the two regions and all are in the red wall, including Bootle, Birkenhead and Hartlepool, a report from the think tank Health Equity North found.

The areas that will be least impacted include Theresa May’s former constituency of Maidenhead.

The cuts have been hugely controversial. When the changes were announced by the chancellor last month, the Department for Work and Pensions (DWP) estimated that 400,000 fewer people would be eligible for personal independence payments (PIP), which are not linked to work, but designed to help with extra costs incurred due to a disability.

As a result of the changes, 250,000 people will be pushed into poverty, including 50,000 children , according to the government’s own analysis.

The think tank report found that the worst-hit constituencies would lose over £20m each year from the policy alone.

The constituencies with the highest losses also have the lowest life expectancies, which researchers said means health inequalities are likely to widen even further.

Clare Bambra, professor of public health at Newcastle University, said: “Those areas that will lose most from this proposal were already decimated by austerity, Covid and the cost of living crisis. They have worse health than other regions and their local services and economies are already struggling. Losses of this magnitude risk worsening the situation for everyone living in these deprived constituencies.

“Parliament cannot risk rushing proposals like these through without fully considering how they affect local areas that are already struggling.”

Another of the report’s authors, Dr Natalie Bennett, from the University of Sheffield, said: “The government has already indicated the broad impact it expects these changes to have on the country, if approved.

“By breaking the figures down by region, the report makes it clear that northern communities will feel the effects of these changes more keenly than other areas of the country. This will not only have an effect on the amount those affected can spend in the local economy, but also increase the strain on their mental and physical health.”

A DWP spokesperson said it was creating a sustainable welfare system that delivers proper support to help sick and disabled people “break down barriers, unlock work, boost living standards, and grow the economy”."
Local election scorecard: How to judge if parties succeeded or failed,https://www.independent.co.uk/news/uk/politics/local-elections-results-good-bad-labour-reform-tories-b2742622.html,,politics,independent,"C ounts are still underway in the local elections in various parts of England after Reform UK secured a dramatic win in the Runcorn and Helsby by-election, with all the main parties now busily trying to manage expectations in case they fall below what is predicted for them.

However, the results of the county council and mayoral elections as well as the by-election will give an indication of how well or badly the parties are doing in reality.

Many parts of the country did not have a vote but real elections are in some ways a much better indicator of a party’s political strength than the polls.

Each party has a minimum expectation or floor and higher targets as a ceiling for what is likely to unfurl as votes are counted and results declared over the next 24 hours.

Renowned pollster Lord Robert Hayward , who has published his expected range of results, said: “If parties go above the high end then they are doing very well indeed but if they go below the minimum expectation then it is very bad.

“You have to consider the full range of elections including councils, mayoralties and the by-election in judging how successful or disastrous the election has been for a party. Also councils controlled after the results are declared and biggest parties in councils.

“There are clearly minimum expectations and reasonable high aims for each party.”

A total of 1,641 council seats were up for grabs, with the Tories defending 954 of them.

Of the 23 local authorities holding elections, 14 were county councils: Cambridgeshire, Derbyshire, Devon, Gloucestershire, Hertfordshire, Kent, Lancashire, Leicestershire, Lincolnshire, Nottinghamshire, Oxfordshire, Staffordshire, Warwickshire and Worcestershire.

Polls are also taking place in eight unitary authorities: Buckinghamshire, Cornwall, Durham, North Northamptonshire, Northumberland, Shropshire, West Northamptonshire and Wiltshire. In addition, one metropolitan council, Doncaster, held an election.

A key test for all the parties will be in the four combined-authority mayors being elected, for Cambridgeshire and Peterborough, Greater Lincolnshire, Hull and East Yorkshire and the West of England.

The biggest test of all will be the Runcorn and Helsby by-election, called because of the departure of disgraced former Labour MP Mike Amesbury after his conviction for assault.

Floor: By-election win, 2 mayors, 400 council seats

Ceiling: By-election win, 3 mayors, 450 council seats

In many ways these elections were all about whether Reform’s surge in the polls under Nigel Farage represents a platform for real election success or is meaningless when it comes down to real votes.

The Hayward scale puts their minimum number of council seats to be won at 400 and suggests they could be as high as 450. This would be great given they are defending nothing and would make them the biggest party on the night.

However, dropping below 400 would lead to questions about how effective the party’s operation really is.

An even bigger indicator were the mayoral elections. The party secured the Lincolnshire mayoralty early on Friday morning, and there is privately a belief they should also win Hull and East Yorkshire.

But the absolute must was the Runcorn and Helsby by-election. If they had not made a breakthrough with a more motivated voter base on a low turnout, then questions would have been raised over Reform’s ability to win an election in 2029.

The big issue is that a lot of people who do not normally vote are telling pollsters they support Reform boosting the numbers. If they go out to vote then there will be success, if not the party has problems.

This is also a test of whether they are taking both Labour and Tory votes.

Floor: 2 mayors, 280 council seats

Ceiling: 3 mayors, 325 council seats

Keir Starmer did not go to Runcorn and Helsby to campaign in the by-election and the reason for that is probably because he wants to avoid most of the collateral damage of a defeat to Reform. Rishi Sunak used a similar tactic and it did not help.

Nevertheless, this by-election was a must win for Labour as it is for Reform. Failure to hold on confirms that Reform poses a threat in Labour heartlands as much as it does for the Tories.

The mayoral contests are also crucial. They have secured one in North Tyneside and have also held on in Doncaster.

The problem the party has is that measures such as welfare cuts, taking winter fuel payments of pensioners and disillusioning the Labour voters in general is not helping them.

Worst of all, if the party gets less council seats than last time these seats were contested in 2021, when they suffered terrible election results then it will be a damning indictment of where the party is in terms of public support.

Floor: 375 council seats

Ceiling: 1 mayor, 425 council seats

The third big story is whether Kemi Badenoch has long left as leader of the Conservative Party and expectations in these elections is paramount to that.

There is no way that the Tories are defending the 954 seats they currently hold but it is the level of the losses coming which will determine how these results are viewed.

Anything below 375 council seats will be seen as a disaster not least because these are largely Tory areas but above 425 and it will be seen as a relative success.

Dr Hannah Bunting, who runs the University of Exeter’s Elections Centre, has outlined the real problem though, which is we could be seeing the death of Tory heartlands, the final collapse of the blue wall. This could be existential for the Conservatives.

She said: “If Reform and the Liberal Democrats wipe out the Tories in different areas but to the same degree, there may be no Conservative heartlands left in the country.”

The one hope that Tories are holding on to is Paul Bristow winning in Peterborough and Cambridgeshire. A victory for him could mask a lot more painful defeats and will give somewhere for Ms Badenoch to have a victory photo opportunity on a day of defeat.

Floor: 250 council seats

Ceiling: 1 mayor, 300 council seats

The Lib Dems have to exceed the 222 council seats they were defending to prove they are still on the rise. This makes 250 a minimum with a maximum prediction on the Hayward scale of 300. Anything above that will be a tremendous set of results.

Interestingly, the Lib Dems believe they are in play for the Hull and East Yorkshire mayoral election where they currently control the council.

Victory there would be a blow for both Labour and Reform and show that the Lib Dems are becoming a political party to be reckoned with.

Floor: 60 council seats

Ceiling: 1 mayor, 80 council seats

These elections were held in areas where the Greens are strong so the pressure is on them the least.

However, they should still easily double their current seats from around 40 meaning that a minimum of 60 and maximum of 80 is a reasonable range.

Added to that there are briefings that they are in contention in the West of England mayoralty which would be an incredible victory for the Greens."
Runcorn by-election: Reform narrowly wins in blow to Keir Starmer,https://www.independent.co.uk/news/uk/politics/runcorn-by-election-farage-reform-labour-b2743038.html,,politics,independent,"Reform UK has won the Runcorn and Helsby by-election by just six votes - an extremely narrow victory that will serve as a major boost to Nigel Farage’s party.

The party claimed victory in the early hours of Friday morning with 12,645 votes, after the contest sat on a knife edge for hours as a full recount was called, with just a few votes sitting between Reform and Labour.

Sir Keir Starmer’s party had held the area for more than 40 years and the seat was won by Labour’s Mike Amesbury at the 2024 general election with a sizeable majority of almost 15,000 votes.

Amesbury resigned in February after he was convicted of assault for punching a constituent, triggering Thursday’s by-election.

The vote was the first major test for both Reform and Sir Keir’s government after last year’s historic general election victory, nine months into a Labour government where Mr Farage’s party had been leading in the polls.

In results declared at around 6am on Friday morning, Labour came in second with 12,639 votes, while the Tories’ Sean Houlston lagged behind in third with 2,341 votes.

The vote was evenly split between Reform UK and Labour, with Ms Pochin taking 38.72 per cent of the vote and Labour taking 38.70 per cent.

Turnout in Runcorn was also much higher than expected, sitting at 46.33 per cent - while count agents in the constituency were expecting around 30 per cent.

In her victory speech, Ms Pochin declared: ""The people of Runcorn and Helsby have spoken"".

Addressing the audience in the count hall, Ms Pochin added: ""I'm in politics to serve. I'm in politics because I care. And I'm in politics to be a voice for those who need representation.

""I will serve you, I will care for you, and I will speak for you. I know our victory here in Runcorn and Helsby will inspire the rest of the country to believe that they too can stand up for fairness, for what is right, and so our British values and their voices can be heard.""

Meanwhile, Mr Farage said it was a “big moment” for Reform UK, adding that the party is growing in popularity “right across England”.

However, a Labour spokesperson said by-elections are “always difficult for the party in government”, adding that the events that triggered the Runcorn and Helsby vote made it “even harder”.

It came as hundreds of council seats and four mayoralties were contested around England, with the Tories bracing for heavy losses having previously held a majority of the seats.

Labour’s ability to hold the Runcorn seat came under increasing doubt ahead of polls opening, amid plummeting approval ratings.

The party’s declining position in the polls was triggered by concern over the government’s controversial decision to slash welfare payments and means test the winter fuel allowance, alongside mounting concern over the state of the economy.

Ahead of the by-election, there was talk of a pact between Reform and the Tories after Conservative MP, with former Cabinet minister Esther McVey saying her party should let Nigel Farage’s party win the by-election.

As the Conservatives continued to lag behind in the polls, Ms McVey appeared to defy party leader Kemi Badenoch and advocate for an alliance with Mr Farage’s party."
"Farage has ‘broken new ground’ with Runcorn win, John Curtice says",https://www.independent.co.uk/news/uk/politics/farage-reform-local-elections-starmer-b2743546.html,,politics,independent,"Nigel Farage has “broken new ground” by winning the Runcorn and Helsby by-election , Britain’s top pollster has declared.

Polling guru professor Sir John Curtice said the victory is a “very substantial success” for Reform UK which proves the party is a major threat to Labour and the Conservatives.

Sir John said Mr Farage never won a by-election with Ukip where his MP was not the incumbent, with its two by-election wins coming after sitting MPs defected from the Conservatives.

“So, to that extent, we have now broken new ground in terms of parliamentary by-elections,” he told BBC Radio 4’s Today programme.

Sir John added: “We were looking to these elections to answer whether the message of the opinion polls is correct that Reform poses a significant threat to the traditional dominance of the Conservatives and Labour of our electoral politics.

“It already seems to be clear that the answer to that question is yes. Winning the by-election in itself was a very substantial success for Reform.”

Sir John said that early morning results across councils also showed a shift in support from the Conservatives to Reform, adding that former “true blue” parts of England “look now rather like Turquoise England” - the colour of Mr Farage’s party.

Sir John’s comments came after pollster Keiran Pedley, director of politics at Ipsos, said Reform looked like “the real deal” following overnight election results.

Mr Pedley said: “Although Labour will be relieved to be holding on to three mayoralties, we have seen large swings away from Labour in each of the races.

“Reform is clearly nipping at their heels. This is most clearly illustrated by Reform’s narrow victory in Runcorn, giving the party an additional voice in parliament. Put simply, the increase in support we have seen in opinion polls is real.”

The comments came after Mr Farage’s party beat Labour by six votes in the Runcorn and Helsby by-election, triggered by Mike Amesbury’s drunken assault of a constituent.

The narrow victory for new MP Sarah Pochin saw Reform taking a constituency which Labour won with a majority of almost 14,700 less than 12 months ago.

The result came as Reform made gains against both Labour and the Conservatives across England in local contests, with Mr Farage claiming a ""big moment"" was taking place in politics.

Mr Farage said: ""For the movement, for the party, it's a very, very big moment indeed, absolutely, no question, and it's happening right across England.""

He said it was a sign that Sir Keir had ""alienated so much of his traditional base, it's just extraordinary"".

As well as the Runcorn by-election, voters on Thursday took part in contests to elect more than 1,600 councillors across 23 local authorities, along with four regional mayors and two local mayors.

Reform's Dame Andrea Jenkyns, a former Conservative minister, won the Greater Lincolnshire mayoral race.

There was some good news for Labour as the party held the West of England mayoralty, with Helen Godwin beating Reform's Arron Banks by 5,945 votes, with the Green Party 's Mary Page in third.

The party held the North Tyneside mayoralty, although with a majority of just 444 ahead of Reform in second place.

The Tories, in Kemi Badenoch 's first electoral test as leader, were also suffering at the hands of Reform and could also be squeezed by the Liberal Democrats.

Reform is set to take control of Staffordshire County Council after taking 24 of the 30 seats to be counted overnight, with Conservatives winning the other six.

It means when counting resumes later on Friday, Reform needs to win just eight more seats to have a majority on the council."
Poll: Is Britain’s two-party system crumbling?,https://www.independent.co.uk/news/uk/politics/local-elections-two-party-system-labour-tories-reform-b2743603.html,,politics,independent,"The overnight results from Thursday’s elections have sent shockwaves through Britain’s political landscape, raising serious questions about the future of the country’s traditional two-party dominance.

Reform UK, long seen as a fringe challenger, won the Runcorn and Helsby by-election by just six votes, overturning a massive 35-point Labour majority. Nigel Farage’s party also claimed its first mayoralty in Greater Lincolnshire.

Early local election results suggest Reform is on track for significant gains, particularly in areas that voted heavily for Brexit.

Both Conservatives and Labour are feeling the strain. The Tories have suffered heavy losses, while Labour’s wins have come on sharply reduced vote shares.

Meanwhile, smaller parties like the Greens and Liberal Democrats have made modest progress, though they still face challenges breaking through at scale.

Polling expert Sir John Curtice says the results underline a long-term shift in voter loyalties , as frustration with both main parties fuels growing support for alternatives like Reform and others.

For the first time in decades, he argues, no single party – or even pair of parties – appears to dominate the political scene.

As one Independent reader observed: “This election is a double-edged sword. People are turning back to the same promise-makers who failed them – yet it might finally break our two-party system.”

So we’re asking: is the era of two-party dominance over?

What do you think? Vote in our poll and share your thoughts in the comments below."
Local elections 2025: Ask John Rentoul anything in exclusive Q&A,https://www.independent.co.uk/news/uk/politics/local-elections-2025-questions-answers-b2742219.html,,politics,independent,"W elcome to an exclusive Ask Me Anything session with me, John Rentoul , The Independent ’s chief political commentator.

Keep scrolling for more. If you want to jump straight to the Q&A, click here .

Votes are being counted in local council and mayoral elections across parts of England.

These are the first local elections since the general election was held in July 2024 — a pivotal test for all the major parties, and the results could reveal a glimpse into the future of British politics.

In an exclusive interview with The Independent , polling guru Professor Sir John Curtice said less than half of voters told pollsters they would vote for one of the two main parties, in a historic shift in voting patterns.

Labour, fresh from its return to government last summer, is under pressure to consolidate its gains, but faces discontent in key heartlands after a string of controversial policy decisions. The Conservatives, battered by years of scandal and now out of Westminster power for the first time since 2010, are fighting to hold their ground in councils they have dominated for decades.

Meanwhile, Nigel Farage’s Reform UK hopes to convert its surge in national opinion polls into real-world wins, with targets ranging from mayoral races in Lincolnshire and Hull to Labour’s Doncaster stronghold. Those ambitions received a dramatic boost after Reform’s candidate, Sarah Pochin, won the high-stakes Runcorn and Helsby parliamentary by-election , overturning Labour’s majority of nearly 15,000 votes to snatch a seat the party had held for over 40 years.

The result, decided by just six votes after a tense recount, represents a seismic blow to Sir Keir Starmer and signals that Reform poses a threat not only to the Conservatives but to Labour as well.

The by-election, triggered by the resignation of Labour MP Mike Amesbury following a conviction for assaulting a constituent, was seen as the first major electoral test for both Reform and Starmer’s Labour nine months into the new government.

With dozens of councils, mayoralties and now a stunning parliamentary upset in Runcorn and Helsby up for grabs, the results could reshape the political map in ways that will reverberate far beyond the local elections.

So, which seats matter? How much trouble are the Tories and Labour in? How did Reform turn headlines into votes in Runcorn?

Join me live at 12pm BST on Friday, 2 May, as I answer your questions on all the key contests, party strategies, and what the results so far tell us about Britain’s fast-changing political landscape.

Submit your questions in the comments below . If you're not already a member, click “sign up” in the comments section to participate. For a full guide on how to comment, click here.

Don’t worry if you can’t see your question right away – some may be hidden until the Q&A starts. See you at 12pm!"
Who is Sarah Pochin? Reform UK’s first female MP,https://www.independent.co.uk/news/uk/politics/sarah-pochin-mp-runcorn-reform-farage-election-b2743587.html,,politics,independent,"Reform UK ’s Sarah Pochin has clinched victory in the Runcorn and Helsby by-election by just six votes.

She was the favourite to win since being unveiled by Nigel Farage in March, following Labour MP Mike Amesbury’s conviction for punching a constituent.

Ms Pochin will become Reform’s fifth MP and its first female representative in parliament when the Commons returns on Tuesday.

But who is the 55-year-old new MP and what is she likely to do as a Reform MP?

Sarah Pochin is a former Conservative councillor and mayor for Cheshire East. As a member of the Conservative Party, she was pictured smiling alongside various big names including former prime ministers Liz Truss , Boris Johnson and Theresa May .

She also stood as the Conservative Party’s candidate in Bolton South East in 2017, coming a distant second to Labour’s Yasmin Qureshi.

She was expelled from the Conservative group on the Cheshire East council in 2020 after being elected mayor instead of the official Tory candidate with the support of Labour and independent councillors.

But, two years later when she wanted to vote in the Tory leadership election after Boris Johnson’s resignation, she was forced out of the independent group on the council after rejoining the Conservatives.

She was not an enthusiastic Tory however, in the wake of Mr Johnson’s ousting as leader, and even volunteered to quit the party immediately after achieving her aim of voting in the leadership contest.

Ms Pochin has also been a magistrate in Cheshire for 20 years before becoming a Tory councillor.

She introduced herself to voters with a video highlighting her focus on British pride. Her father was in the army and she said she has a huge commitment to the defence of Great Britain.

The Reform MP added that family “is the bedrock” of the country and called for more to be done to ensure young people are proud to be British.

She has spoken frequently about being a mother to grown up children and, in an interview with The Independent , she said she likes to take an hour each morning to do pilates and unwind.

Ms Pochin has recently played down her own past support for refugees in the constituency.

After being pictured at a “refugees welcome” event, she stressed that her support only includes asylum seekers , branding those who cross the English Channel to enter Britain “illegal economic migrants”.

Her views on migration mean she will likely slip into Reform’s parliamentary ranks seamlessly, describing immigrants as “flooding our country” and calling for those seeking asylum in Britain to “stop in France or any other country in Europe before that”.

But she does have local priorities, and has promised to campaign on issues including a new leisure centre and cinema for the area as well as railing against the price of a toll road from Runcorn to nearby Widnes.

During the campaign, it was revealed that she was previously reprimanded for using her status as a magistrate to influence colleagues.

She also historically expressed support for means-testing the winter fuel payment, a position which is at odds with Mr Farage and Reform’s fervent opposition to Labour’s decision to withdraw it from millions of pensioners.

Speaking after winning the by-election, Ms Pochin said voters had made clear ""enough is enough"".

""Enough Tory failure, enough Labour lies,"" she said.

She added that illegal immigration was a ""massive issue"" for Runcorn.

Ms Pochin said: ""People are living next to private landlord accommodation full of illegal immigrants that are causing people's lives hell.

""That is an issue that we will absolutely be looking at as the priority.""

She claimed constituents were ""frightened to go out of their houses"".

She added: ""It's a whole area that we will be looking at in detail."""
What will Nigel Farage’s Reform actually do after local election wins?,https://www.independent.co.uk/news/uk/politics/reform-policies-manifesto-local-elections-farage-jenkyns-b2743667.html,,politics,independent,"Reform UK burst into parliament at the general election , winning five seats and promising to hold Labour’s feet to the fire.

In doing so, Nigel Farage ’s party won the luxury of a platform to shout from without the responsibility of being in power.

But on Friday morning, Reform won its first regional mayor in Andrea Jenkyns . With results still coming in, the insurgent right-wing party could gain control of several English councils, too.

Like a dog chasing a squirrel and finally catching up, Reform now has to decide what it will actually do with its newfound authority. The only previous example of a Farage-led party taking power offers an unappealing blueprint: a Ukip triumph on Thanet District Council in Kent in 2015 ended in collapse after years of infighting over failures to deliver on election promises.

Will Reform suffer the same fate, or is the party better placed to succeed under an older, wiser Mr Farage?

The Independent looks at what Reform has promised in the local elections, and whether it can deliver.

Reform’s major promise to voters in the local elections has been to follow Donald Trump ’s footsteps and slash government spending.

It has promised a British DOGE (Department for Government Efficiency) in each local authority it gains control of. Ms Jenkyns will likely be responsible for rolling out the first as mayor of Greater Lincolnshire.

The party hopes it will discover “wasteful” spending on diversity and inclusivity programmes, allowing it to slash spending and cut local taxes in turn.

The independent Penn Wharton Budget Model, which tracks government spending in the US, said DOGE has failed to have a meaningful impact on government spending in the US, and that spending could in fact have increased since Mr Trump’s election.

The department initially promised $2 trillion (£1.5 trillion) in savings, and has so far found just $160 billion (£120 billion) of cuts - with increases in spending elsewhere leading to the overall rise.

Mr Farage has also lashed out at councils including Hertfordshire County Council over “woke” issues and staff working from home.

He has vowed staff working for Reform-controlled councils will be ordered back to their offices. He also claimed a portrait of Sir Winston Churchill had “a warning note about colonialism, slavery and racism”, a claim denied by the council.

He also attacked the “woke virtue signalling spending” of Wiltshire Council during a visit to Salisbury in the run up to polls opening.

One of the biggest issues Reform campaigned on is asylum seekers being housed in hotels across the UK.

Mr Farage repeatedly pointed during the by-election campaign to the number of migrants living in Runcorn who had arrived in Britain after crossing the English Channel .

It has vowed that councillors will campaign against the use of hotels in local authorities they are elected to, with Reform-controlled councils even blocking the use of hotels in areas where they can.

Ms Jenkyns sparked anger immediately after her election, suggesting Reform would house asylum seekers in tents rather than hotels. She said if tents are “good enough” for migrants in camps in France, those same migrants should be happy living in tents when they arrive in Britain.

Reform’s Labour and Tory opponents hope power proves a curse for Mr Farage’s party. The areas it controls will face fierce scrutiny in the run up to the next general election, with every fallout and failure sure to make headlines.

If the party does deliver, it will prove its positioning as the real opposition to Labour is more than just bluster.

But if it fails to live up to its promises, Reform’s polling high might just come crashing down."
Will Farage’s success endure? John Rentoul answers your questions,https://www.independent.co.uk/news/uk/politics/farage-reform-local-election-results-questions-b2743785.html,,politics,independent,"N igel Farage’s Reform Party has emerged as a significant force in recent elections, following a by-election victory in Runcorn , where Reform’s Sarah Pochin secured a narrow win over Labour.

This victory, coupled with a series of gains in local councils and mayoral races, has prompted Farage to declare it a “phenomenal night” for his party, positioning Reform as the new challenger to the Conservatives.

While the Tories have been battered by losses, and Labour struggles to restore its popularity, Reform is positioning itself as a fresh alternative for disillusioned voters.

As dissatisfaction grows with the two major parties, Farage sees this as an opportunity to replace the Tories as the main opposition, potentially reshaping the political landscape in the coming years.

In a live Q&A for The Independent , I answered your questions on whether Farage’s success will endure, the implications of Reform’s rise, and what Labour and the Tories can do to combat the threat of irrelevance.

From concerns over Farage’s leadership to the broader implications for British politics, the discussion highlighted the shifting dynamics in the UK political scene.

Here’s what you asked during the “Ask Me Anything” event – and how I answered.

Q: Are Reform just another flash in the pan?

ParcelOfRogue

A : All the claims that Farage lacks staying power may be justified, but his great opportunity is that the two established parties are unpopular, and for equally good if not better reasons.

As I have written in The Independent today, yesterday's elections were bad for Labour, but they were even worse for the Tories , because they open up the chance for Farage to eclipse them as the main opposition party. If he can occupy that territory over the next three years, he could turn his lack of government experience to his advantage.

Q: How long will Farage’s success last?

Thecoldwarguy

A : I think Nigel Farage's success is going to last, mainly because the issue of immigration, which drives so much of his support, is so hard to solve.

In by-elections, next year's local elections, and next year's elections in Wales and Scotland, he is going to establish himself as a more effective opposition to Labour than the Tories, while continuing to take advantage of the simultaneous unpopularity of the two established parties.

Q: With razor-thin margins, what concrete steps can we take to ensure every voice is heard in future elections?

futurelsequalon

A : You make an interesting point. Imagine if it had been six votes the other way. All the commentary would have been about Farage falling short and the Labour vote being more resilient than was assumed. That is certainly a way of encouraging Labour activists to stick with it...

Q: What does Starmer need to do to counter Reform?

Robert Elliott

A : I think Starmer has to focus on the NHS, immigration and the cost of living. The Labour government is trying to do too much and needs to stick to just those three priorities to convince those voters that it is on their side.

Q: Can Reform ever be more than just The Nigel Farage Show?

Paul Horgan

A : That is Reform's weakness; I have noticed in some focus groups that voters who might otherwise be tempted to vote for Reform are put off by Farage – they think he is a plausible rogue. But being the ""Nigel Farage Show"" might be enough to overtake the Tories at the next general election.

Q: Do you think Farage will step down as Reform leader before the next election, and if not, how will they form a functioning government with inexperienced MPs?

A : I agree that Farage does not have the answers. His manifesto last year was a joke. His solution to the small boats is to go to war with France. But he reflects discontent rather than creating it. He is very good at that, but you are right that he doesn't always seem to have the temperament to see a plan through, and a government in which he played a part would suffer from lack of experience and teamwork.

Some kind of coming together between Reform and the Tories may be inevitable, but they will try to kill each other first, and in the meantime, may hand the next election to Labour.

Q: How long is it going to take Starmer to learn that you can't appease fascism?

A : The PM is criticised from both sides. Some say that he shouldn't emphasise immigration as an issue because he cannot compete with Farage on it, but if he didn't say that controlling immigration was a priority, he would be accused of being out of touch with the legitimate concerns of the majority of voters.

His real problem is that he can't stop the small boats – neither could the Tory government, and it may be that a Farage government couldn't either, but Farage has the great advantage of not having been tested.

Q: Do you think there will be blowback for Starmer within the party, given he chose not to campaign in Runcorn?

A : I assume Starmer chose not to campaign in Runcorn because the party advised him that he would lose their votes! He is unpopular and will continue to be until he delivers on the NHS, immigration and the cost of living.

Q: Did Labour's decision to means-test the winter fuel payment plant the seeds for this outcome, knowing Reform would likely capitalise on the resulting resentment?

A : I think the winter fuel cut became symbolic of a government that seemed out of touch and unsympathetic to what Theresa May called the ""just about managing"". It was intended to show Labour's ability to take tough decisions – in this case, to take a cash handout away from better-off pensioners – but it was poorly targeted, because it also took money away from those on just £12,000 a year who are not entitled to state benefits.

Q: Has voting against the government in local council elections ever really “sent a message to the government”?

A : Yes, it makes opinion polling real. MPs can fool themselves that opinion polls don't matter, or don't really reflect the public's views, or will change, but they have a reverence for ""real votes in real ballot boxes"", because they owe their jobs to them.

The opinion polls were bad for Margaret Thatcher in the spring of 1990, but it was the local elections that year that helped tip Tory MPs against her, and she was gone six months later.

Q: Is the rise of Reform driven by a sudden increase in racism and xenophobia in Britain, or is it more a result of the growing similarity between the two major parties and their failure to address rising inequalities?

A : I wouldn't have said that either racism/xenophobia or inequality is ""growing"" in Britain. Britain is one of the most tolerant countries in the world, which is partly why people want to come here, and which is not to say that there isn't still racism. Statistically, inequality is no worse or better than it has been since the 1990s.

I think support for Nigel Farage's parties, and for Brexit, is mainly an expression of the wish for less immigration, a widespread sentiment that has been badly handled by both Labour and the Tories.

These questions and answers were part of an ‘Ask Me Anything’ hosted by John Rentoul at 12pm BST on Friday 2 May. Some of the questions and answers have been edited for this article. You can read the full discussion in the comments section of the original article .

For more insight into UK politics, check out John’s weekly Commons Confidential newsletter. The email, exclusive to Independent Premium subscribers, takes you behind the curtain of Westminster. If this sounds like something you would be interested in, head here to find out more."
Olympians to Love Island: How famous candidates did in local elections,https://www.independent.co.uk/news/uk/politics/uk-local-elections-2025-famous-candidates-campbell-petrov-cracknell-b2743948.html,,politics,independent,"Local councillors are usually obscure figures, passionate local activists hoping to improve their areas or ambitious party loyalists wanting to climb the electoral ladder.

But among the thousands of councillors who stood across the country on Thursday , a few names stood out.

From Olympians to former Love Island stars, The Independent looks at whether celebrity power helped the candidates over the line in one of the most unpredictable sets of local elections in British history .

Stiliyan Petrov, the son of an ex-Aston Villa and Bulgaria captain of the same name, stood for Reform UK.

The son of Bulgaria’s most capped player, he hoped to represent Nigel Farage ’s party in Lapworth & West Kenilworth, Warwickshire.

But he was beaten by the Green Party candidate, who got almost twice as many votes.

James Cracknell stood for a seat on Oxfordshire County Council.

The double Olympic gold medal-winning rower represented the Conservatives in Henley, having previously attempted to become the area’s MP.

Awarded an OBE for “services to sport” in the 2005 New Year Honours list, he promised to help the area “get its buzz back”.

But he came second to a candidate from Henley Residents Group.

Reform UK’s candidate to be the new mayor of Hull and East Yorkshire is also an Olympic gold medalist.

The boxer, who won gold at the London 2012 Olympics, said Hull and East Yorkshire has “given me everything” and that he now wants to fight for the region in return.

He was elected by a clear margin, winning more than 10,000 more votes than his nearest rival.

The Love Island star hoped to strike it lucky with voters and win a Reform UK seat on Cornwall council.

Ollie Williams appeared on the ITV dating show in 2020, but left after just three days claiming he had feelings for another woman.

The 29-year-old sparked fury among viewers as photos emerged of him posing beside dead animals , leading to suggestions he was “trophy hunting”.

He has avoided the limelight in the years since his appearance on the ITV show, but stood for Reform in the Lostwithiel and Lanreath ward, claiming “freedom of speech and society has been eroded for far too long and it’s time to act”.

He was defeated by the Lib Dem candidate Sarah Preece.

Self-styled “Brexit bad boy” Arron Banks co-founded the Leave.EU campaign alongside now Reform UK deputy leader Richard Tice .

The long-standing Farage supporter ran to become the West of England mayor for his party.

Announcing his candidacy at Reform’s local election launch in Birmingham, he called on people to “vote Banksy for Bristol”. As well as being close to Mr Farage, Mr Banks has a history of ties to Donald Trump and was pictured with him after the US Presidential election in 2016 . He has cited Mr Trump’s success as being the result of connecting with voters on an emotional level.

Mr Banks and Mr Farage drew the interest of Robert Mueller as part of his investigation into Russia’s interference in the 2016 election . Mr Banks described the investigation as a “witch hunt”.

Mr Banks also made headlines after the murder of Labour MP Jo Cox in 2016. At the time, he commissioned a controversial poll on whether her murder had affected public opinion on voting.

He was defeated by the Labour candidate Helen Godwin."
Tory plotting already underway to replace Kemi Badenoch,https://www.independent.co.uk/news/uk/politics/kemi-badenoch-tory-local-elections-jenrick-b2743870.html,,politics,independent,"Senior Tories are already plotting ways to oust Kemi Badenoch after the party’s disastrous local election results .

The prospect of the Tories having their fourth leader in less than four years appears to be on the cards, with the party losing hundreds of council seats across England and being almost wiped out in traditionally strong areas for them.

The Independent has learnt that discussions were already underway before Thursday’s local elections to find a way to remove her.

Now senior Tories have told The Independent that they plan to press Robert Jenrick , who came second to Ms Badenoch, to challenge her.

Among the complaints against Ms Badenoch is a lack of vision and policies, a failure to score hits in Prime Minister’s Questions and a failure to properly confront the rising Reform.

Speculation about Mr Jenrick making a leadership push had been rife before the local elections after a recording of him emerging pronouncing on a plan to do a deal with Reform – a move opposed by Ms Badenoch.

Following that, a letter he sent to all candidates without her name on it also emerged.

One senior Tory told The Independent : “I am messaging Robert [Jenrick] to get his act together and make a bid to be leader. We cannot continue like this.”

“It is now just a matter of timing,” one MP said. “There is no way she can lead us into a general election.”

A former ally of Ms Badenoch’s added: “She just does not have it. We have a choice of replacing her with Robert or a lot of us switching to Reform.”

But an MP who had supported Mr Jenrick last year said: “We cannot just keep changing leaders. We have to give her time, otherwise we will look stupid with voters.”

Also believed to be waiting in the wings is former home secretary and foreign secretary James Cleverly, who has kept a low profile.

While poor results had been expected because the Tories won a large number of seats the last time these same seats were contested, the scale of the defeat and losses to Reform have shattered party confidence.

In Durham, a county which the Tories once contested with Labour, the party took just one seat while Reform seized control with 65. In Lincolnshire, a safe Tory county, they were routed as Nigel Farage’s candidates snatched control of the county council and former Tory MP turned Reform defector Dame Andrea Jenkyns won the mayoralty.

One moment of comfort came from Paul Bristow winning the race to be mayor of Peterborough and Lincolnshire; however, the party was almost wiped out in the council elections there.

Meanwhile, severe losses were suffered in Kent, Devon and Shropshire.

Worse still, the projected election vote share in areas once strong for the Tories put them in fourth place with 15 per cent behind Reform (30 per cent), Labour (20 per cent) and the Lib Dems on 17 per cent.

Standing in the way of another coup is a need for 30 per cent of sitting MPs to trigger a vote of confidence in the leader.

But the party’s co-chairman, Nigel Huddleston, insisted that Ms Badenoch should not face a challenge.

“Kemi’s position is certainly solid. She’s only been leader for six months and she was out and about right across the country, and I can tell you this – everywhere we went, people wanted to see her more and hear more from her.”

Pressed on his use of the word “solid”, Mr Huddleston said: “I say that in a really positive way. She’s very sensible, she’s very honest, she’s very straightforward.

“She doesn’t go around telling people what they want to hear. That’s the easy route in politics.”

Meanwhile, Ms Badenoch has tried to play down the electoral catastrophe as her party faces the onward march of Reform.

In a statement, she said: “These were always going to be a very difficult set of elections coming off the high of 2021, and our historic defeat last year – and so it’s proving. The renewal of our party has only just begun and I’m determined to win back the trust of the public and the seats we’ve lost, in the years to come.”"
What Reform’s Runcorn by-election win means for Labour and the Tories,https://www.independent.co.uk/news/uk/politics/reform-runcorn-byelection-nigel-farage-b2744204.html,,politics,independent,"O ne story dominates the elections held on May 1 in England: the dramatic Reform surge . The Runcorn and Helsby by-election was a stunning win for Nigel Farage ’s party.

Labour ’s 49th safest seat – supposedly safer than the prime minister’s – was hardly natural Farage territory. The town of Runcorn – Liverpool overspill mainly – makes up 60 per cent of the constituency.

Labour won more votes than all other parties combined in the general election of July 2024. Yet less than a year later, Reform has captured the seat, overturning a majority of 14,700 – albeit with the smallest ever by-election majority, beating Labour by just six votes.

This has delivered Reform its first woman MP, former Conservative councillor Sarah Pochin. Her arrival brings the party up to five MPs (a sixth having been suspended from the party earlier this year ).

Do early by-elections matter, with the general election so distant? They can be a signal of what is to come.

Since the second world war, Labour has only once retained office at the next general election after losing a seat at a by-election less than one year after forming a government. A narrow loss to the Conservatives in Leyton in 1965 was sandwiched between 1964 and 1966 general election triumphs, but that was the exception to the rule.

The norm is for new governments to enjoy a honeymoon. No such joy for Keir Starmer ’s Labour.

Farage has made what is being called an economic “left turn” in a bid to attract Labour voters. He continues to push for tougher immigration policies but is now also backing greater nationalisation, including for British steel .

Starmer benefited from intra-right tussling between the Conservatives and Reform in July – the split vote on the right contributed to his loveless landslide. But things look different now Reform has shown it can take on Labour and win.

And while the Conservatives were never in the running in this by-election, they’ve been damaged in their own way. Farage’s assessment was that “after tonight, there’s no question, in most of the country we are now the main opposition party to this government”.

Given that the Conservatives have 20 times the number of MPs as Reform, that’s a bold claim from Farage. But Reform has more members and is well funded.

Conservative Party leader Kemi Badenoch has compared her position to that of William Hague when he took over a Conservative party battered by Labour’s landslide win in 1997.

It’s a dismal vista. Hague was similarly crushed at the next general election. Yet for the Conservatives there remained the prospect of an eventual swing back of the pendulum. As the fragmentation of politics gathers pace under the Reform surge, there are now no such guarantees.

Badenoch’s closest leadership rival, Robert Jenrick, has made clear that the right of British politics, the Conservatives and Reform, will be obliged to unite or both will fail. They believe Reform has yet to be properly scrutinised and could fade.

Yet Reform may continue to upend the old certainties of the Conservative-Labour duopoly. British electoral politics have never been more fragmented and, in that context, Farage is the bookmakers’ favourite to be the next prime minister.

Jonathan Tonge is a Professor of Politics at the University of Liverpool

This article was originally published by The Conversation and is republished under a Creative Commons licence. Read the original article"
"Meet Andrea Jenkyns, the Miss UK finalist turned mayor of Lincolnshire",https://www.independent.co.uk/news/uk/politics/andrea-jenkyns-reform-lincolshire-mayor-b2743671.html,,politics,independent,"J ust a week ago, Dame Andrea Jenkyns still did not know whether she would be ruled eligible to stand to be mayor of Greater Lincolnshire.

Now, with the question marks over her residency status still hanging over her, the former Tory MP turned Reform defector is suggesting putting migrants in tents and stopping energy secretary Ed Miliband covering East Anglia’s fields with solar panels.

Granted, the events of the last seven days are not unusual for a right-wing politician who has courted controversy in a headstrong political career that has given her opponents plenty of ammunition.

Whether it is flipping the bird at protesters outside Downing Street while going in to mark Boris Johnson’s departure as prime minister, or ending the political career of Ed Balls , Dame Andrea has never been far from the drama.

It all started when 16-year-old Andrea Jenkyns left school in Beverly, Humberside, after her GCSEs and got herself a job serving pasties and sausage rolls at Greggs.

At 18, though, her father persuaded her to start competing in beauty pageants, and her public career really began on the Miss UK stage, where she was a finalist.

She went on to get academic qualifications as a mature student in her 30s with a degree from the University of Lincoln in international relations and politics and an Open University diploma in economics.

But the desire to perform has never left her, even beyond politics. Many years later, as a good soprano, she would release an album and perform live in the UK, Europe and Asia, including for the former prime minister of Pakistan.

Her political career could not have begun in a more spectacular fashion in 2015. Having been a county councillor in Boston, Lincolnshire, Dame Andrea was asked to run against former Labour cabinet minister Ed Balls in the Morley and Outwood seat on the edge of Leeds.

Mr Balls clearly thought he had the seat in the bag and instead focused on campaigning to oust the then Lib Dem leader Nick Clegg in nearby Sheffield.

It came as a shock to everyone when, in the early hours of the morning on 7 May, Jenkyns was declared the winner. In effect, it ended the political career of a man who had been expected to challenge for the Labour leadership.

Once in parliament, it became clear that Jenkyns was firmly on the right of the Tory party. She quickly joined the European Research Group of hardcore Brexiteers and became a big cheerleader for Boris Johnson.

After the 2016 EU referendum, she pushed for a no-deal Brexit and in 2018, she became the first person with a government position to quit her job in Theresa May’s premiership in protest over trying to compromise with the EU.

Such was her strong support for Brexit that the millionaire Nigel Farage ally Arron Banks gave £2,000 for her 2019 election campaign, in a much-criticised move. Jenkyns was accused of trying to help entryism into the Conservatives.

Almost all of her nine-year parliamentary career was spent on the backbenches with little appetite to trust her with a ministerial job.

But as dozens of ministers quit Boris Johnson’s government in protest over Partygate lockdown boozing in Downing Street and the Chris Pincher scandal, Jenkyns was appointed a junior education minister.

Always a fan of Johnson, on the day he departed as prime minister, she became the image of Tory contempt when she was pictured flipping the bird at protesters on her way into Downing Street to hear his farewell speech.

Mr Johnson was grateful, though, making sure she got her damehood in his resignation honours list.

While Boris Johnson was her leadership love in politics, Dame Andrea had also found love with one of her colleagues, Jack Lopresti, who fell for her despite being on the moderate One Nation side of the Tories.

Lopresti left his family for her, and they had a son in 2017, marrying in December that year.

But things fell apart quite quickly: in 2024, she announced they had divorced.

Lopresti was last heard of joining the Ukrainian army to help in the war against Russia, having also lost his seat in the election last year.

Dame Andrea’s relationship with Reform has been typically hot and cold. Ahead of the 2024 election, she accused Reform of trying to bribe her to defect to it. She then had a bitter feud with party leader Richard Tice after she was deliberately targeted by Reform to lose her Morley and Leeds South West seat, which she duly did.

The animosity did not stop her from turning up as a guest at Nigel Farage’s 60th birthday party ahead of the election last year in what was seen as a sign that she would eventually switch. She was pictured with Farage and Arron Banks.

Then, as a seatless ex-Tory MP, she became Reform’s 100,000th member and was declared as the mayoral candidate for Greater Lincolnshire – the county where her political career began as a councillor in Boston.

But even then, things were not settled between her and Reform. Dame Andrea’s public support for Boris Johnson on X (formerly Twitter) appeared to clash with party chairman Zia Yusuf’s interviews about how the ex-Tory PM would never be welcome in Reform.

Dame Andrea’s first reaction on winning was to complain about the “smear campaign” against her by her opponents. Having picked up 42 per cent of the vote, she was more concerned about the questions which had been asked about whether she was eligible to stand.

While she was cleared by the returning officer to stand as a candidate, there is a possibility that her vague residency qualifications could become the subject of another legal challenge.

Now she has won, though, and is backed by a likely Reform majority on the county council, the sleepy East Midlands county could become a real testbed for Reform right-wing policies.

Already, she is discussing putting illegal migrants in tents. She is also likely to try to stop renewable energy sources, be it wind or solar farms, from being allowed in the county.

More interesting will be the Lincolnshire version of Doge in slashing costs and cutting services, an ambition of Farage’s.

Lincolnshire’s farmers and fishing communities may be worried about having a vegetarian animal rights activist in charge.

But overall, Lincolnshire will now be the real test of whether Reform is a party fit to govern. And Dame Andrea will become the face of that."
Local elections: Full results map for every council and mayoral race,https://www.independent.co.uk/news/uk/politics/local-elections-2025-results-map-reform-labour-council-mayors-runcorn-b2744261.html,,politics,independent,"Nigel Farage’s Reform UK made huge gains in this year’s local elections across England, in a series of stunning victories that have redrawn the political map with all council results finally in.

The populist right-wing party won the Runcorn and Helsby by-election in dramatic circumstances with a majority of just six votes following a recount, overturning a Labour majority of 14,000.

Meanwhile Conservative-turned-Reform candidate Dame Andrea Jenkyn won the race for mayor of Greater Lincolnshire , while the party secured another mayoralty with former boxer Luke Campbell in Hull and East Yorkshire.

Overall, Reform won the most seats of any party — 677 out of some 1,650 — cinching majority control in ten councils, but gaining representation across all 23 councils.

Polling guru Professor Sir John Curtice declared that the result showed British politics is “no longer a two-party system” – with the Liberal Democrats and Greens also making significant gains.

Follow our live updates on the local elections here

The Liberal Democrats took 370 seats, winning majorities in Cambridgeshire, Oxfordshire, and Shropshire, while the two major parties suffered defeat after defeat. Neither Labour or the Conservatives won a majority in any council, with the Tories losing all 15 councils it previously held.

Both Labour and the Conservatives lost two thirds of their seats from the last election in 2021, winning just 99 and 317 seats respectively.

The results have raised serious questions over Kemi Badenoch’s leadership if the Conservative Party is left with no real heartlands in the UK, with senior Tories already plotting to oust her .

A rare silver lining for the party came as Paul Bristow was declared the narrow winner of the Cambridgeshire and Peterborough mayoralty, taking 28 per cent of the vote and beating the Reform candidate Ryan Coogan, who took 23 per cent, into second place.

Labour, meanwhile, won three mayoral contests in Doncaster, North Tyneside, and the West of England.

The results also unleashed almost 10 months’ worth of pent-up frustration among senior Labour figures with prime minister Sir Keir Starmer, who has been blamed for the party’s disastrous showing in local councils.

With turnouts often at less than 30 per cent, opponents of Reform were able to cling on to hope that disillusionment and apathy had opened the door for Mr Farage’s party and that the outcome would be different in a general election.

Nevertheless, a jubilant Mr Farage said: “For the movement, for the party, it’s a very, very big moment indeed, absolutely, no question, and it’s happening right across England.”

He said it was a sign that Sir Keir had “alienated so much of his traditional base, it’s just extraordinary”. However, Labour said that by-elections are “always difficult for the party in government”. They said the events surrounding the Runcorn and Helsby vote – the resignation of former Labour MP Mike Amesbury after his conviction for assaulting a constituent – had made it “even harder”.

Asked about the results by Sky News, the Prime Minister said: “The message I take away from these results is we must deliver change even more quickly, we must go even further. I’ve believed for some time that’s the case, and [it’s been] reinforced in these results that that’s what we’ve got to do.”

Labour Party chair Ellie Reeves acknowledged that voters are “impatient”, but insisted that “change takes time”. She suggested Reform would face greater scrutiny after its electoral gains. “We’ve had to stabilise the economy, but we’re starting that work. We’ve got our Plan for Change, we’re beginning to see the results of this, but we know we need to go further and faster,” she told Times Radio.

But Doncaster’s victorious Labour mayor Ros Jones – who was re-elected with a majority of 698 after a battle with Reform – hit out at the prime minister’s administration. She criticised decisions to means-test the winter fuel allowance, hike employers’ national insurance contributions and squeeze welfare.

Ms Jones told the BBC: “I think the results here tonight will demonstrate that they need to be listening to the man, woman and businesses on the street, and actually deliver for the people, with the people.”

Anger over taking the winter fuel payment from 10 million pensioners, slashing benefits for the disabled and hiking taxes on businesses was blamed for the catastrophic results for Labour.

Former Labour shadow chancellor John McDonnell – now an independent MP after he was forced out for opposing the two-child benefit cap – described the party’s response to the results so far as “tin-eared”.

Mr McDonnell said on social media: “Labour supporters feel Labour, their party, has turned its back on them citing Winter Fuel Allowance, NI tax on jobs & threat of disability cuts. Message to ministers is drop the plans to attack [the] disabled.”

In her speech after winning Runcorn, Sarah Pochin, a former Conservative councillor, said voters had made clear that “enough is enough”.

The Tories, meanwhile, were trying to limit the damage, and made it clear they would not be forced into a deal with Reform.

Previously, shadow justice secretary Robert Jenrick, who some believe is angling to be leader, had been recorded saying that a deal was inevitable.

But as the results came in, Tory co-chair Nigel Huddleston insisted there could be no deal with a party “whose aim is to destroy the Conservative Party”.

He went on: “Kemi’s position is certainly solid. She’s only been leader for six months, and she was out and about right across the country, and I can tell you this: everywhere we went, people wanted to see her more and hear more from her.”

Meanwhile, Ms Badenoch has tried to play down the electoral catastrophe for her party as it lost hundreds of seats and now faces the onward march of Reform.

In a statement, she said: “These were always going to be a very difficult set of elections, coming off the high of 2021 and our historic defeat last year – and so it’s proving. The renewal of our party has only just begun, and I’m determined to win back the trust of the public and the seats we’ve lost, in the years to come.”

The Lib Dems made gains but failed in their bid to win Devon County Council, although they displaced the Tories there as the biggest party.

Lib Dem leader Sir Ed Davey said: “Last year, the Liberal Democrats won a record number of MPs and became the largest third party in 100 years. Now we are on course for our seventh year of local election gains, making this our best ever winning streak.”

Maps and results with input from Election Maps UK"
Where did Labour and the Tories suffer most in the local elections?,https://www.independent.co.uk/news/uk/politics/labour-tories-local-election-results-losses-reform-b2744336.html,,politics,independent,"T he 2025 local elections have seen unprecedented success for Nigel Farage’s Reform party , which won 677 council seats across England.

The Liberal Democrats nearly doubled their seats up to 370 overall, and winning majority control of three councils.

But the third-party players’ success came at a price for the Conservatives and Labour , both of which lost two-thirds of the seats they had in 2021.

This spells trouble for Sir Keir Starmer , whose newly-formed government are already facing protest votes.

Yet most at risk is Kemi Badenoch , who failed to secure success for the floundering Conservative party in the face of its right-wing challenger.

Here, the Independent looks at where Labour and the Conservatives received the least amount of votes in this year’s local elections.

Though Labour received far fewer seats than the Tories - at just 98 overall - it is important to note that most councils up for election this year were historically Conservative strongholds, so it is difficult to compare the two parties’ results.

Nonetheless, Labour’s poor performance pushed it behind Reform, Lib Dems and Conservatives; and barely won the party more votes than Green or Independent candidates.

The Independent ’s analysis of initial figures found that Labour received no votes at all in 81 electoral wards.

Sir Starmer’s party won no majority in any council, losing control of Doncaster which it held in 2021. It also won no seats in Devon council.

But even in some councils where Labour won seats, its vote share was strikingly low.

Our analysis found that Labour candidates scraped less than 15 per cent of the vote in half of councils; and over 20 per cent in just five.

In Wiltshire, initial estimates show that just 3.6 per cent of voters chose Labour candidates at the ballot box - around 5,000 out of 135,000 people who voted in the area.

Despite this, Labour candidate Ricky Rogers won his seat in Fisherton and Bemerton Village, which he has held for over three decades; marking one seat for Labour out of 98 on the council.

Labour’s strongest support was in Doncaster, where it won 31 per cent of the vote. But this didn’t stop Reform from taking majority control of the council with 37 seats, to Labour’s 12.

Critics have argued that the division of support between four, five or even more parties in each council meant that votes are even more fragmented, and a lower threshold is needed to secure a council majority.

On Friday, Sir Keir acknowledged his party’s poor council and by-election results, which are likely a protest vote to the party’s governance at a national level.

“We were elected in last year to bring about change,” he told reporters in Bedfordshire.

“I am determined that we will go further and faster on the change that people want to see.”

Success was no better for the Conservatives, however, who lost majority control of the 15 councils they previously held.

As previously right-leaning areas, the Tories had the most to lose, winning 996 seats in the 2021 elections and just 317 seats this time around.

But for this same reason, hundreds of Tory councillors lost their seats to Reform candidates, who for some represent a new right-wing alternative.

Nonetheless, as the elections were in more conservative areas to begin with, the Tories performed better overall than Labour.

In most councils, the Conservatives won more than a fifth of the vote, performing best in Wiltshire (32 per cent), Buckinghamshire (30 per cent), and Northumberland (29 per cent).

In no council did the Conservatives gain a third of the vote overall.

The worst turnout for Ms Badenoch’s party was in Durham, where Tories saw just 8 per cent support across the council.

Just one Tory councillor was elected in Durham, down from 21 in the last election.

Ahead of the elections, Conservative leader Ms Badenoch was already bracing her party for disappointment, warning that Reform would sweep up their support.

In a speech in Peterborough on Friday, Ms Badenoch apologised for the “disappointing” results.

“I have a message for all of those Conservative councillors who lost their seats, how sincerely sorry I am for your loss, because I know how hard you worked, but we are going to win those seats back.”

“We have a big job to do to rebuild trust with the public,” she added.

Senior Tories are already scheming ways to replace the leader of the opposition, who was only made head of the party in November last year, according to r Kemi Badenoch as leader after local elections disaster"">eports from the Independent’s political editor David Maddox."
Local elections in numbers: Maps and charts reveal scale of Reform win,https://www.independent.co.uk/news/uk/politics/local-elections-2025-maps-reform-tories-labour-lib-dems-b2744222.html,,politics,independent,"T he dust has settled on this year’s local elections, with Nigel Farage ’s Reform party seeing unprecedented success across the country.

Some 1,650 local councillors were elected in 23 councils, with a further six mayoral races and one by-election in Runcorn and Helsby.

From the unexpected scale of Reform’s success to Labour winning no votes in some areas, The Independent looks at the most important figures from the 2025 local elections.

See the results in full here

Reform entered the local elections this year with zero seats to defend and went on to win 677 council seats.

This easily exceeded expectations, with pollsters predicting around 400 to 450 seats for Mr Farage’s right-wing party.

Both Labour and the Conservatives , on the other hand, lost hundreds of seats, amounting to two-thirds of their 2021 representation on local councils, far worse for both parties than expected.

The Conservatives had the most to lose, winning some 996 seats in 2021, when these councils last held elections.

Labour barely scraped ahead of independent candidates and Greens, winning just shy of 100 seats.

The third-party players – Reform and Lib Dems – both ousted Labour and the Conservatives to be the two leading parties in the local elections.

Though their success was somewhat overshadowed by Reform UK, the Lib Dems nearly doubled their council seats from 2021, prompting experts to suggest the UK is moving away from a two-party system to a four- or five-party one.

See where Reform performed best here.

Overall, Labour and the Conservatives both lost hundreds of local council seats.

But Labour faces a further sting when looking at individual electoral wards, where it didn’t just lose the race, it got no votes at all.

No single vote was recorded for Labour in 81 electoral wards, mostly within Cornwall and Wiltshire councils.

This is worse than any other major party, with even the Conservatives only failing to win any votes in six wards.

Meanwhile, just eight electoral wards held zero votes for Reform, most of which were for Oxfordshire council.

The number of voters showing up for local elections is consistently lower than general elections in the UK.

Voter turnout for this election is still being determined in some councils.

On average, the turnout has been around 35 per cent according to initial estimates; a figure which is moderately high for local elections.

The lowest reported turnout so far is at just 19.5 per cent in Ponteland North, Northumberland, in which the Tories won the seat.

By comparison, the mean turnout in last year’s local elections was at 30.2 per cent, while the equivalent races in 2021 saw 34.1 per cent of voters cast ballots.

These figures are subject to change.

Initial estimates of the vote share show that Reform received nearly a third of the vote across all councils holding elections, with the Conservatives next at 23 per cent.

With 17 per cent the Lib Dems received a lower vote share overall than the Tories but won more seats. They also overtook Labour in vote share with Sir Keir Starmer’s party getting 14 per cent.

The combined vote share of both main parties (Labour and the Conservatives) is now at just 37 per cent; the lowest on recent record, and no longer a majority of votes.

This is nearly half of the 67 per cent vote share won by Labour and Conservatives combined in 2021.

Control of local councils looks far different from its previous form in 2021.

In the 23 councils which held elections, 10 will have a local government with no overall control, meaning that no single party has enough councillors to form a majority.

This is an increase from the last elections, in which seven councils had no majority.

But the biggest change to the electoral map came for the Conservatives, who lost control of all 15 councils they won in 2021.

This includes Kent council, which had been run by a Tory majority since 1997.

Meanwhile Reform has secured majorities in 10 councils , with Labour dominating none at all.

The Lib Dems won majorities on Oxfordshire and Cambridgeshire councils, and took control of Shropshire from the Conservatives.

It remains to be seen how new Reform candidates, inexperienced in local leadership, will manage council budgets and day-to-day activities.

The by-election in Runcorn and Helsby, declared early into Friday morning, set the tone for Reform’s local election success.

The Labour constituency was up for grabs after former MP Mike Amesbury was suspended and jailed, following a physical altercation with a constituent .

Just last year, Labour had a majority of 14,000 votes in the constituency.

But this week’s by-election saw Reform win by just six votes after a recount.

Runcorn and Helsby’s new MP is Sarah Pochin, marking Reform’s fifth seat in the House of Commons after Rupert Lowe was suspended.

Labour candidate Karen Shore lost by just 0.02 per cent of the vote.

This was a tighter race than any in the 2024 general election , with the smallest margin in Hendon, where Labour won by 15 votes.

As the first parliamentary by-election since Labour came into power, the result is a blow for Sir Keir party, who are neck-in-neck with Reform in national voting polls."
Jenkyns vows to sack Reform council’s non-existent diversity officers,https://www.independent.co.uk/news/uk/politics/farage-reform-council-diversity-officers-local-elections-lincolnshire-jenkyns-b2744308.html,,politics,independent,"Andrea Jenkyns ’ vow to get rid of council diversity officers as one of her first acts as the new Reform mayor for Lincolnshire has fallen flat after it emerged that the county council doesn’t employ any.

Nigel Farage and Dame Andrea put getting rid of diversity, equity and inclusion (DEI) officers at the top of their agenda as they impose their own version of Elon Musk ’s cost-cutting Doge on the county.

They doubled down on the promise at a rally in Kent last night where Ms Jenkyns and Mr Farage were among a line of leading speakers as part of Reform’s “war on woke”.

Ms Jenkyns said: “We are going to have a Lincolnshire Doge. We are going to ensure that we get rid of diversity officers because amazingly Lincolnshire County Council is now Reform controlled. That is a historic moment.”

However, The Independent has seen a freedom of information answer from Lincolnshire County Council, where Reform now has a majority, stating: “Lincolnshire County Council does not employ any diversity, equity and inclusion (DEI) officers.”

The council had been asked how many DEI officers it employed and what their salaries were. The answer was issued in March just before the local election campaign began in the county.

But in response, Ms Jenkyns told The Independent that another one of the three councils under her remit as the combined authority in the county, North Lincolnshire Council, does have diversity officers.

She said: “I have been told by their employees that the leadership pressure staff to wear rainbow lanyards too. They also have diversity officers, named as ‘outreach officers’.”

Ms Jenkyns claimed that the county council “has all the awful [DEI] training though”.

Sharing documents on the breakdown of a £15,190 cost for diversity training between 2021 and 2023, she added: “Not a lot but still can save a bit of money.”

There were also no diversity officers in Northamptonshire where Reform has swept to power.

The Tories, who still feel bruised after losing badly in Lincolnshire and elsewhere, linked the failure to know there were no DEI officers in the county with claims they made that Ms Jenkyns lives in Leeds.

A Tory source said: “Someone who lives in Lincolnshire would know that there aren’t any DEI roles going in Lincolnshire Council.

“Catchy slogans aren’t always the answer to complex problems. It the latest proof that Reform is a one-man band without the answers needed to tackle the problems facing hardworking families across Britain.”

The revelations in The Independent spilled over into the Sunday morning broadcast round.

Reform chairman Zia Yusuf also claimed DEI officers are being hidden under different titles on Laura Kuenssbeg’s show on the BBC.

""If you take Lincolnshire County Council, yes, they do not currently have somebody with the job title 'DEI officer' (but) they do spend considerable money on DEI (diversity, equity and inclusion) initiatives"", he said.

""And they have other people who have basically that same job, but under a different title, partly in response to the fact that they've been inundated by think tanks and activists putting in FOIs (freedom of information requests),""

He said Reform would send ""teams"" into councils, adding: ""We'll be opening up application shortly. We want the brightest and the best.

""If you've got experience in audit, if you've got experience in fixing potholes, if you're a software engineer.

""We're going to bring taskforces in. We're now going to have access to the contract, access to the numbers, access to payroll, and we're going to make these changes.""

However, union officials have issued warnings about the plans by Reform to sack DEI and net zero officers in most of the other councils they took control of.

DEI employees exist in Kent, Durham, Staffordshire , Derbyshire , Lancashire and Nottinghamshire.

Unison general secretary Christina McAnea said: “This is not the US. Thankfully workers in the UK have laws to protect them from bad employers. And soon employees will get even more protection from unscrupulous bosses when the government’s new employment rights come in.

“Reform has consistently voted against these new measures that will make work more secure. So much for being on the side of ordinary working people.

“Rather than attacking hard-working council staff, Mr Farage should be focusing on his own job representing the people of Clacton. But judging by his voting and speaking record in the House of Commons, he’d clearly rather be making big bucks elsewhere.”

She added: “Unions are there to ensure no one can play fast and loose with the law. Any staff working for councils now controlled by Reform, and who aren’t yet members, should sign up so they can be protected too.

“Nigel Farage and his party's new councillors have much to learn about local government. They’ll quickly discover there's nothing left to cut and many authorities are balancing on the edge of the financial precipice.”

Ms McAnea was responding to Mr Farage telling DEI officers or those working on climate change via Sky News: “I think you all better really be seeking alternative careers, very, very quick.”"
"Local elections were ‘devastating’ for Labour, says top pollster",https://www.independent.co.uk/news/uk/politics/local-elections-john-curtice-tories-labour-reform-b2744401.html,,politics,independent,"Labour is being rejected in its heartlands as disappointment among voters about the party's first 10 months in office has opened the door to Reform, Professor Sir John Curtice has warned.

The leading pollster says that the “devastating” local election results have shown Labour support is “in free fall” and voters lost to Reform and the Greens “are not likely to return to the party any time soon”.

He also suggested that Labour MPs are now right to fear Reform and Nigel Farage more than Kemi Badenoch and the Tories, with the beleaguered Conservative Party leader already facing plots to have her removed.

Sir John’s warning comes as Luke Tryl, executive director of polling organisation More in Common, has warned that the Tories have just 12 months to turn things around before being consigned to irrelevance.

His warning came after The Independent revealed that Tory MPs are already plotting to remove leader Kemi Badenoch . The revelation led to newly elected Tory mayor for Peterborough and Cambridgeshire, Paul Bristow, the only success story for the party this week, demanding plotters “just stop it!”

Meanwhile, Labour’s woes are set to get worse amid revelations that Mr Farage intends to use Reform’s control of 10 councils to launch a series of taxpayer funded legal challenges on net zero policies and housing migrants to tie Sir Keir Starmer’s government in knots.

Writing for The Independent , Sir John pointed out that Labour had “little to lose” at the local elections last week because they did very badly when the same seats were last contested in 2021.

Nevertheless, he pointed out that Labour still managed to lose two thirds of the seats it was defending.

Sir John noted: “Labour’s own vote was in free fall. Despite having done so poorly in the local elections four years ago, the party’s vote fell on average since then by as much as nine points.

“Crucially, it collapsed most of all in the party’s heartlands, limited though they were in number on Thursday. In seats Labour was defending its vote fell on average by as much as 19 points.”

He added that unlike the Tories, the strength of Reform’s advance made “little difference on how far the Labour vote dropped”.

In seats Reform did poorly in, Labour maintained its support, while in seats Mr Farage’s party was strong in Labour’s vote dropped an average of 11.5 per cent.

He noted that “it is also potentially a sign that disappointment with Labour’s record in office is particularly marked among some of its core supporters” with rows over two child benefit, removing winter fuel payment from pensioners, slashing disability benefits and not taking a firm stance against Israel over Gaza.

Sir John added: “The pattern was devastating. Labour’s collapse left the door open to Reform to take many a seat from the party, albeit sometimes by quite a narrow margin.

“Labour’s problem on Thursday was not simply the appeal of Reform. It was also itself. The party has seemingly lost the confidence of many of its heartland voters.”

Meanwhile, things look even worse for the Tories with Mr Tryl claiming they “are at the moment of maximum danger”.

He said: “What you're seeing now is former Tory bastions like Kent where they have lost almost all their seats, going from having almost total control to being a third or fourth party.

“You've also got the fact that institutionally councillors make up a big part of your base. Losing so many seats in the heartlands ... you can't get that manpower back. It furthers the risk that they sort of just slowly or, in the case of Thursday night, quite dramatically slide into irrelevance.”

He also noted that Reform are now in second place in most Labour and Lib Dem seats giving them an edge as change candidates in the future.

He said that the only advantage the Tories have is that they have many more MPs but with question marks over Ms Badenoch, he said: “When I go around the country many people don’t know who she is.”

Giving the party just 12 months to turn things around, he said: “I think they have until next year's local elections, Holyrood elections and Senedd elections to show that they're still relevant.”

But the politician who represented the only major success story of the night for the Tories, new Peterborough and Cambridgeshire mayor, Paul Bristow has urged his party to “step up” and “stop the constant infighting” with changes of leader.

He admitted that as a former Peterborough MP a “personal vote” for him “more than the party brand” helped get him over the line.

“Just stop doing this,” he said to plotters. “Just look like we're up for it. Acknowledge that this was the worst defeat the Conservative Party has ever faced, hold your hands up. Understand that we messed up for the final two years of the last government, but get out there and win.”

He argued that politicians now “need to make brands of themselves” not just rely on their parties to succeed.

“People like [shadow cabinet members] Andrew Griffiths, Chris Philp and Robert Jenrick, they're making brands for themselves, and they look like they're up for it. Kemi has now started to do that as well.”"
Labour minister ‘mortified’ over ‘dog whistle’ grooming gangs remark,https://www.independent.co.uk/news/uk/politics/lucy-powell-dog-whistle-grooming-gangs-b2744592.html,,politics,independent,"The leader of the House of Commons is facing calls to quit after she appeared to dismiss concerns over the grooming gangs scandal as “dog whistle” politics.

Lucy Powell ’s remark came on BBC Radio 4’s Any Questions? when she was responding to a point by Reform UK’s Tim Montgomerie.

Ms Powell interrupted as he was trying to question why Labour has blocked a national inquiry into the way gangs of men targeted young girls in towns and cities around the UK with the authorities failing to act.

She said: “Oh, we want to blow that little trumpet now, do we? Let’s get that dog whistle out, shall we?”

Her comment received widespread backlash and Ms Powell was accused of belittling the issue. The shadow home secretary, Chris Philp, has called for her to resign.

Labour has been resisting calls for a national inquiry and recently cancelled five local inquiries it had promised.

Ms Powell quickly issued a clarification on X (formerly Twitter) to apologise to those who felt she had not taken the issue seriously.

As MP for Manchester Central, Ms Powell has had to directly deal with the fallout of the scandal with victims in her own constituency, which covers parts of Oldham.

She said: “In the heat of a discussion on Any Questions? , I would like to clarify that I regard issues of child exploitation and grooming with the utmost seriousness. I’m sorry if this was unclear. I was challenging the political point scoring around it, not the issue itself. As a constituency MP, I’ve dealt with horrendous cases. This government is acting to get to the truth, and deliver justice.”

Health secretary Wes Streeting also came to her defence and insisted she should not lose her job.

Asked if he and his Labour colleagues see the grooming gangs scandal as a “dog whistle”, issue or a “coded signal to racists”, Mr Streeting said: “No and I don’t think that’s what Lucy intended to imply in a heated debate on Radio 4, and that’s why she’s apologised for what she said.

“I don’t think for a moment she would have meant or wanted to imply that raising these issues, talking about these issues, is dog whistle.”

“We all make mistakes” and the important thing is that “we own it”, Mr Streeting told Sky News’s Sunday Morning With Trevor Phillips programme.

Asked if Ms Powell’s job as Leader of the House of Commons was safe, he said: “I think she’s made a genuine mistake, she’s owned up to it she’s said sorry and we’ll move on.”

But Ms Powell was also criticised by former Labour adviser Tom Baldwin, Keir Starmer’s biographer, who described her remarks as “ill-judged”.

Mr Montgomerie also addressed the confrontation on Sir Trevor’s show.

He said: “There’s been a tendency – it’s gone on for too long now – to close all sorts of important debates down by throwing that racist charge at people.”

He warned people feel there is a “stifling of debate”.

“In the context of grooming gangs, an issue of such consequence, I think it was clearly ill-judged by Lucy Powell, but she was, I think she was keen to have a very strong go at Reform, and I was the representative of Reform that night.

“But unfortunately, the words she chose have wider resonance.

“And I think the only trouble, if she really is to get in trouble (is) if survivors come out in large numbers and object to what she said.”

It was also pointed out that Ms Powell had pushed for one of George Galloway’s Respect candidates to be dropped over remarks he had made about rapes. The Tories have demanded she be sacked.

Chris Philp MP, shadow home secretary, said: “This shocking outburst from a Labour cabinet minister belittles the thousands of girls and women who were raped by grooming gangs over decades.

“We have consistently called for a national inquiry in parliament, which has been blocked by Labour ministers who don’t seem to know or care about the disgusting crimes which have been perpetrated.

“Anyone who has seen the shocking Channel 4 documentary will know that it is clearer than ever that this is not a ‘dog whistle’. To dismiss thousands of victims who were raped and the cover-up that followed is sickening.

“She should resign.”"
Trump’s tariffs guru brands UK ‘compliant servant of communist China’,https://www.independent.co.uk/news/uk/politics/trump-tariffs-peter-navarro-uk-china-b2744647.html,,politics,independent,"The man who persuaded Donald Trump to unleash the hugely damaging global tariffs plan which put the US and western allies on the verge of an economic meltdown has launched an extraordinary attack on Sir Keir Starmer ’s government.

Peter Navarro described Britain as a “compliant servant of communist China ” and warned it is in danger of having its “blood sucked” dry by Beijing in an interview with a UK national newspaper.

But the tariffs tsar, who has been under severe scrutiny over his trade policies which have destabilised the US, has himself come under attack from sources close to the administration.

In response to the interview with The Daily Telegraph , an adviser told The Independent : “Navarro is crazy and most people in the White House see him as a dangerous influence on the president.”

Downing Street has declined to comment about the latest attack by a close ally of the president.

While Trump himself has been very positive about his relationship with the UK and Sir Keir, it did not save the UK from being included on the tariffs list with 10 per cent basic charges for exports to the US and 25 per cent on automobile products.

Added to that, vice president JD Vance and close Trump ally Elon Musk have launched a series of attacks on Sir Keir with claims Britain no longer has freedom of speech . The issue has become so toxic that it could get in the way of a trade deal between the UK and US.

Other attacks included briefings against Sir Keir’s choice of ambassador to the US Lord Mandelson.

Lord Mandelson almost had his credentials rejected because of his past business relationship with Beijing while visits to China by senior ministers including chancellor Rachel Reeves have provoked anger across the Atlantic.

Mr Navarro said: “If the Chinese vampire can’t suck the American blood, it’s going to suck the UK blood and the EU blood. This is a very dangerous time for the world economies with respect to exposure to China.”

He added: “And let’s face it, the UK has been an all too compliant servant of the Chinese Communist Party because of the string-laden gifts that China gives as a way of spreading its soft power.”

Mr Navarro believes that China may try to dump excess steel and other products on the UK after the Trump administration put 165 per cent tariffs on its exports.

“As the US tries to get fairness from the biggest cheater, China, the UK and the EU have to be very vigilant about becoming dumping grounds for the products that China would otherwise sell to America,” he said.

There have been question marks over the UK’s relationship with the Chinese Communist Party with attempts to get Chinese investment in nuclear and the 5G network.

The issue came to the fore recently when the government was forced to pass emergency legislation to take ownership off British Steel from a Chinese campany that was on the verge of closing its plant in Scunthorpe down."
Fury at Farage plot to tie up Starmer government in legal challenges,https://www.independent.co.uk/news/uk/politics/nigel-farage-reform-diversity-jenkyns-b2744343.html,,politics,independent,"Downing Street has reacted with fury to revelations that Nigel Farage plans to use Reform’s control of councils across England to launch a series of legal challenges to tie Sir Keir Starmer ’s government in knots.

The announcement by Reform’s new mayor for Greater Lincolnshire, Dame Andrea Jenkyns, came as she spoke to The Independent in her first major interview since her victory was declared on Friday morning.

She said that high on the agenda were plans to take the Labour government to court in a bid to block net zero projects like solar and wind farms, as well as attempts by the Home Office to house asylum seekers in Lincolnshire.

It came as The Independent revealed that another top priority, to sack council diversity officers, has fallen flat after it emerged Lincolnshire County Council does not employ any.

With Reform winning nearly 700 local council seats and holding a majority in Kent, Staffordshire, Lancashire, Nottinghamshire, Derbyshire, Durham, and three in Northamptonshire, Sir Keir’s government could be facing a flurry of legal challenges.

Taking control of councils means Reform has an opportunity to spend taxpayers’ money on expensive legal challenges, which they would have struggled to afford as a political party.

It brings the prospect of legal tactics imported from the US to try to bring the government to a standstill by tying it up in the courts.

The threat could play out in the political battlefield until the next general election, expected in 2029, where Mr Farage hopes his populist right-wing party can win and install him in Downing Street.

The threat has provoked a furious warning from Downing Street as Labour, already bruised from defeats in the local election just 10 months after winning power, gears up for a fight.

A No 10 source told The Independent : “The public rightly expect more than legal challenges and faux anger from their MPs, mayors, councillors. As the Tories learned the hard way, people want change. This Labour government will deliver it.”

As she prepares to be sworn in on Thursday next week as mayor with a large majority of Reform councillors on the county council, former Tory MP Dame Andrea admitted: “All eyes are going to be on us.”

Setting out her early agenda, she explained how she and Reform deputy leader Richard Tice, who represents a Lincolnshire seat as an MP, discussed how to get on with legal challenges.

“What we really want to do is really push back on the Miliband stuff, really be a thorn in their side and do legal challenges against it. We’re going to get quite strong with them, and we’re going to start doing stuff on the migrant hotels as well in Lincolnshire.

“We’re going to start pushing back and put pressure on [the Labour government]. I was speaking to HQ yesterday about possibly starting legal challenges, and that would be brilliant.”

As the new mayor was speaking to The Independent, she received a message from a local company inquiring about finding tents for migrants to be put in.

Dame Andrea had said in her acceptance speech that asylum seekers should be housed in tents , rather than hotels, and she said she has “no regrets” over the remarks which sent shockwaves around the country.

“I think most people think that. I mean, when you get homeless veterans and you house illegal migrants in hotels. To me, that’s absolutely bonkers. So for me, I’m surprised, because I’ve been saying this for weeks, but the mainstream media hadn’t picked up on it.”

While Sir Keir’s government has increased the returns of illegal migrants, a plan to obtain housing from landlords to house asylum seekers broke down in the middle of the election campaign.

Added to that, the crisis at British Steel in Lincolnshire, which ended up with the government nationalising it, and an intervention by Sir Tony Blair , put massive pressure on Sir Keir and Mr Miliband over their net zero policies.

The legal challenge strategy was partly confirmed by Reform chair Zia Yusuf on the BBC.

He said his party would use “every instrument of power available” when asked how the party would stop migrants from being housed in the areas where it now controls the councils, because contracts for such provisions are drawn up between the Home Office and accommodation providers.

“Judicial reviews, injunctions, there’s planning laws, he told the BBC’s Sunday With Laura Kuenssberg programme.

“You know, a lot of these hotels – there has been litigation around this already – a lot of these hotels, when you suddenly turn them into something else, which is essentially a hostel that falls foul of any number of regulations, and that’s what our teams of lawyers are exploring at the moment.”"
Badenoch admits Farage could become PM after local elections drubbing,https://www.independent.co.uk/news/uk/politics/nigel-farage-prime-minister-local-elections-reform-kemi-badenoch-b2744577.html,,politics,independent,"Kemi Badenoch has admitted that Nigel Farage could become prime minister at the next general election after the Conservatives ’ dismal local election results.

Still reeling from her party losing 45 per cent of the council seats it was defending last week, the Tory leader was pressed by Laura Kuenssberg on the BBC over whether Mr Farage could enter Downing Street at the next general election.

She replied: “Anything is possible. We live in politically turbulent times. It is my job to make sure he doesn’t become prime minister.”

It came as health secretary Wes Streeting conceded that there is “a realignment” in British politics and quipped that deciding who will win between the Tories and Reform is “like Alien vs Predator , you don't really want either one to win but one of them will emerge as the main challenger to Labour at the next general election”.

Speaking on Sky News’s Sunday Morning with Trevor Phillips programme, Mr Streeting said: “I think Reform is definitely a real threat and one that we take seriously.

“I think there’s clearly, on the right of British politics, a realignment taking place.

“It’s not yet clear whether at the next general election it will be Reform or the Conservatives that are Labour’s main challenges, but we’ve got to take that threat seriously.

“In that spirit, I think Reform does deserve more air time and scrutiny of their policies.”

In her interview on the BBC, Ms Badenoch also insisted that “protest is in the air” and warned that “it will take longer than six months” to rebuild the damaged Tory party.

However, The Independent has revealed that Tory MPs are already plotting to replace her .

And her admission came after leading pollster Luke Tryl from More in Common told The Independent that the Conservatives have just 12 months to turn things around.

Highlighting how the Tories had been badly defeated in the heartland areas like Kent and Lincolnshire, he said: “I think they have until next year’s local elections, Holyrood elections and Senedd elections to show that they're still relevant.”

Meanwhile, former Tory cabinet minister Justine Greening said that the results marked a point where the Tories needed to pivot and reinvent themselves.

She told Ms Kuenssberg: “This version of the Conservative Party, which we have seen over the last decade, which has tried to out Reform Reform, is finished and it will need to reinvent itself.”

But the only big success story for the Tories in last week’s election, new Peterborough and Cambridgeshire mayor Paul Bristow, urged Tory plotters to “just stop it” and said individuals in the party needed to “step up” and give Ms Badenoch time.

However, a former adviser to David Cameron, think tank “red Tory” boss Phillip Blond, has called for Ms Badenoch to go.

He posted on X (Twitter): “Our leadership post the GE has been astoundingly poor. All Badenoch has offered is inertia and inaction. She has allowed Reform to establish bulwarks on her flank that now look unbreachable,” adding, “Regrettably we do need a new leader, and this surely can only be Robert Jenrick. Reform can be challenged, but not under Badenoch. The alternative is doing nothing and becoming nothing.”

Mr Jenrick has appeared to have been on manoeuvres with a letter to all candidates which omitted Ms Badenoch’s name and a recording of a speech calling for a deal with Reform against party policy.

Nigel Farage claimed the Tories will “never recover” and Reform UK has “supplanted” them as the opposition to Labour after his party made sweeping gains in local elections.

Writing in the Telegraph , Mr Farage said two-party politics had “died” at a local and national level.

“The party that I lead is expanding. As we march on, the Conservatives are in retreat. In my opinion, they will never recover,” the Clacton MP said.

Meanwhile, Labour is still in shock from a dreadful set of results, which also saw them replaced in many parts of the country, such as County Durham, by Reform."
"Care homes under threat as family visa crackdown blocks 100,000 workers",https://www.independent.co.uk/news/health/migration-nhs-social-care-labour-b2738878.html,,politics,independent,"A government crackdown on visas for overseas workers could put overstretched care homes under threat of closure, with tens of thousands fewer staff coming to the UK, The Independent can reveal.

Applications for Britain’s health and care worker visa are at a record low after care workers were prevented from bringing children and other dependants with them in a bid to curb climbing migration numbers.

Between April 2023 to March 2024, when the new rules came in, there were 129,000 applicants, but that plummeted to just 26,000 in the year to March 2025, according to government figures.

The revelation comes as care homes struggle to retain staff, with more than 100,000 vacancies across England last year - a rate of 8 per cent and three times the national average.

Age UK warned that overseas recruits were “keeping many services afloat” and some care homes could be forced to shut if they could not find alternatives, piling more pressure on NHS hospitals.

And the crisis looks set to get even worse as new rules, brought in by the Labour government in March 2025, mean overseas workers will only get a visa if they earn over £25,000 a year. This will impact healthcare assistants, who support nurses by carrying out clinical tasks such as blood tests, 13 per cent of whom are from overseas.

Vicky Haines, managing director of home care provider Kingsway Care, accused the government of “making recruitment decisions they are unqualified to do” and warned that without major reforms, the sector will continue to “buckle under pressure”.

And she said international displaced workers, who were already in the UK but had had their employee sponsorship revoked, were not the only answer.

“To suggest the pool of displaced workers already in the UK is the ultimate solution for all care providers is extremely short-sighted,” she told The Independent . “The care sector is being punished for governmental failings.

“The Home Office should be held accountable for a poorly considered visa application process, with an outright lack of necessary checks and balances at the point of entry, resulting in the high number of displaced workers.

“Care providers remain committed to delivering safe, dignified, and compassionate care, but we cannot do it alone.”

Caroline Abrahams, Charity Director at Age UK, said: ""It is widely agreed that social care staff coming here from abroad have kept many services afloat over the last few years, when otherwise they would have struggled because of too many vacancies.

“If it proves impossible to recruit and retain enough staff, services sometimes even have to close, causing huge disruption and distress to existing clients... All this spells bad news for the NHS, our hospitals especially, which will often end up picking up the pieces if social care services are inadequate in a local area, since if older people don't get the care and support they need, their health is put at risk.""

Saffron Cordery, interim chief executive of NHS Providers , told The Independent that curbs on visas make it harder for care services to recruit staff when demand is only growing.

""After years of severe staff shortages and more than 100,000 vacancies today across trusts in England, measures that put off qualified people from overseas coming to the NHS are a worry,” she said.

A report from Skills for Care, which collects employment data for social care providers, said that in April to June last year an estimated 8,000 international recruits were joining the independent sector in England - down from an average of 26,000 per quarter the year before.

And Nuffield Trust researcher Nina Hemmings told The Independent that March 2025 saw the lowest number of monthly applicants to UK’s health and care worker scheme since the data was first published and had decreased by 70 per cent since March 2024.

“The social care sector relies on skilled overseas workers to fill posts, stabilise services, and deliver care and support to the people who need it. There has not been a proper assessment by the government of how sudden changes to immigration rules will impact services and people who draw on care,” she said.

Lib Dem MP Layla Moran, chair of the Health and Social Care Committee, told The Independent : ""During our inquiry [into the sector], we have heard that amongst the many problems plaguing the care system and providers are the workforce issues of recruitment and retention, which we learned have led to a very high vacancy rate of over 8 per cent, three times the national average.

""Against this context, news that the number of applicants for skilled worker and health and care visas to the UK has dropped is a cause for serious concern.""

And Martin Green, chief executive for Care England, which represents care home across the UK said the government’s changes were having a “significant impact” on overseas recruitment “but they have not got a strategic and coherent approach to developing the UK workforce”.

A government spokesperson for the Home Office said it recognised the contribution care workers from overseas make to the NHS and social care services, but insisted net migration “must come down”.

“This month, new rules requiring care providers to prioritise international care workers who are already in England came into force, which will get people back to work, reduce our reliance on further overseas recruitment, and make sure our social care sector has the care professionals it needs,” they said.

This article was updated on 6 May to clarify that Kingsway Care is a home care provider."
Trump’s disturbing vision for Gaza has inspired Netanyahu’s plan to seize the Strip,https://www.independent.co.uk/news/world/middle-east/israel-gaza-invasion-war-netanyahu-trump-b2745497.html,,politics,independent,"T he conditions that families in Gaza are being forced to endure are beyond what any of us could imagine in our worst nightmares, and the world has greeted that unprecedented suffering with a shrug.

Famine is stalking the population after Israel decided two months ago not to allow any aid into the besieged, blasted Strip, which is just 26 miles long and home to 2.3 million people.

Now, that bloody reality is only going to become more apocalyptic if Israel goes ahead with plans to dramatically expand its operations, as Israeli officials have said.

The plans echo Mr Trump’s own outlandish plans in the past that the Palestinians be forced out of Gaza to allow the US to turn the enclave into a “Riviera of the Middle East”. Israeli prime minster Benjamin Netanyahu would only feel emboldened to threaten this escalation, if Israel’s closest ally, and main weapons provider, the US backed it.

Security cabinet minister Zeev Elkin told Israeli public broadcaster Kan that the plan (which many warned was always the goal) is to move from raid-based operations to occupation and sustained Israeli presence in Gaza – territories they will hold until Hamas is defeated or agrees to disarm and leave.

Israeli officials also said that a key aim of newly approved offensive plan would be the “transfer” of the civilian population southward. According to Israeli media, all of this will be started once President Donald Trump finishes a scheduled visit to Saudi Arabia, Qatar, and the United Arab Emirates starting 13 May.

An official told Haaretz that if negotiations for a hostage deal do not bear fruit by the end of Trump's visit, the military operation will begin ""with full force and will not stop until all its objectives are achieved.""

If they go ahead this can only result in yet more unimaginable suffering for civilians in the Strip, who have had to endure 19 months of intense bombardment and slaughter, mass and repeated displacement, and starvation.

It can only result in more danger to the 59 Israeli hostages and captives who remain in the hands of the Hamas militant group in the Strip and under the same bombardment and blockade, and whose loved ones are so desperate to have them home.

And it will only derail any hopes of a diplomatic, long-term, peaceful, and sustainable resolution to this conflict, which is surely among the bloodiest stains on our generation.

I speak to civilians in Gaza every day. They tell me children are starving to death. Right now, a kilo of sugar costs $30 (£22) – a 25kg bag of rotten flour costs $300 – that’s if you can find either.

One father-of-four told me some prices were, in some cases, 20 times higher than they were before the war.

Mothers cannot breastfeed because they cannot produce milk, as they are so malnourished – and so babies are dying. Videos taken in the Strip and shared online show terrifyingly malnourished toddlers – just skin stretched over bones.

Unicef, the UN’s child agency, said it has resulted in at least 9,000 children being admitted for treatment for acute malnutrition since the beginning of the year.

Amnesty International said the blockade constitutes “genocide in action” – because blocking the entry of supplies critical for the survival of the population is part of a “policy of deliberately imposing conditions of life on Palestinians in Gaza calculated to bring about their physical destruction”.

Meanwhile, in Israel, the largest group representing the families of the hostages sounded the alarm about this new plan, imploring the government to “prioritise the hostages. Secure a deal. Bring them home – before it’s too late.”

“The expansion of military operations puts every hostage at grave risk,” they wrote. “For 59 families, there is no victory without the return of their loved ones, the living and the deceased. There is no end to this conflict without them home.”

The only way out of this nightmare is a ceasefire, allowing unfettered entry of aid to Gaza, and through that thorough negotiations for a long-term, sustainable peace deal –so that families in Gaza can begin the long journey of recovery and rehabilitation, and so that the hostages can be released and returned home to their loved ones.

As one family member of a person killed in Hamas’s slaughter on 7 October told me: violence begets violence.

An even more bloody offensive in Gaza will only bring more bloodshed, more suffering in Gaza for both civilians and the Israelis held captive, less security for Israelis generally.

It will snuff out any glimmer of hope for a peaceful future in the region. So much is at stake. So far, the international community has been deafeningly silent. That must change."
Assisted dying bill ‘will pressure vulnerable to end lives early’,https://www.independent.co.uk/news/uk/politics/assisted-dying-bill-impact-assessment-leadbeater-b2744437.html,,politics,independent,"A campaign group has claimed that the impact assessment produced by the government on assisted dying legislation proves that there will be a financial incentive to end people’s lives early.

The claim by the group Care Not Killing (CNK) came after the government identified at least £59.6m savings a year to be made by allowing assisted deaths . CNK believes the real amount is much larger because savings in benefits cannot be quantified.

However, the bill’s sponsor Labour MP Kim Leadbeater has warned: “The cost in human terms of failing to act would be immense.”

She said: “It is difficult, if not impossible, to put a price on correcting injustice and providing dignity to our fellow citizens in their final weeks and months, but it is of course right that we look at what effect changing the law would have more widely.”

With the bill set to be debated again in the Commons in just two weeks, her supporters argue that the government assessment has confirmed that assisted dying can be delivered safely, ethically, and compassionately in England and Wales.

But Dr Gordon Macdonald, chief executive of CNK, warned that financial incentives could encourage the NHS to push people to choose to end their lives or for people with diseases to feel they are a burden.

He noted that the impact assessment confirms that changing the law will save money, both health care costs of up to £59.6m and a reduction in benefit payments, which is unquantified.

He claimed: “In the US state of Oregon, the model for the current bill in parliament, a majority of those ending their lives cite fear of being a burden on their families, carers or finances as a reason for their decision.

“In Canada, politicians have talked about the considerable savings made to regional health care budgets since introducing euthanasia , with some estimates suggesting up to $500m, regrettably this includes removing funding from a hospice that refused to kill their patients.

“In Holland, not only have the Dutch saved money, but chillingly, they talked about how this policy also increases the availability of organs for transplant, something Dr David Shaw and Professor Alec Morton, two British academics argued for in 2020.”

Dr Macdonald highlighted how the hospice movement has a £150m hole in its budget, with up to one in four Britons who would benefit from palliative care not currently receiving it.

He said: “Introducing so-called assisted dying would be an incredibly dangerous policy that would put pressure on vulnerable, elderly and disabled people to end their lives prematurely. We need to fix the UK’s broken and patchy palliative care system so everyone can have a dignified death. We need better care not killing.”

However, Humanists UK and My Death, My Decision who support the bill have argued that the impact assessment has dealt with fears about assisted dying.

They noted that overall there are predicted to be cost savings for the state if the law does change – though the sums of at most “tens of millions are negligible in the context of the £180bn annual NHS spend”.

They added: “Regardless, the decision on whether to change the law should not be about economics, but on whether assisted dying is the right approach in principle.”

Andrew Copson, chief executive of Humanists UK, said: “Assisted dying isn’t untested. Legislation is already working in over 31 jurisdictions across the world, where implementation in Australia, New Zealand, the US, and Europe has shown it to be safe, compassionate, and practical. It’s time for parliament to grant people the dignity and autonomy they deserve at the end of life.”

Claire Macdonald, director at My Death, My Decision, added: “These reports confirm what we have long known – that our current laws are failing dying people and that the current status quo is unacceptable. Every day we delay is another day someone is denied the choice to die with dignity, free from prolonged pain and suffering.”"
Reform offers home working jobs despite vow to end working from home,https://www.independent.co.uk/news/uk/politics/reform-uk-farage-work-from-home-b2744956.html,,politics,independent,"Reform UK is offering staff the chance to work from home despite vowing to scrap remote working when it takes over councils, it has emerged.

A job advert for Reform’s south central regional director promises “ home working with occasional travel within the region”.

The £50,000-per-year role is being advertised online just days after Reform leader Nigel Farage promised that nobody working for a Reform-run council will be allowed to do so from home.

After taking control of 10 councils, Mr Farage said those with jobs relating to climate change or diversity or who work from home “all better really be seeking alternative careers very, very quickly”.

Asked what his party’s priority would be, Mr Farage told BBC Radio 4’s Today programme: “We are deeply dissatisfied with the way that county councils and unitaries in Britain have been running their budgets.

“We look at the millions a year being spent, in many cases, on consultants. We look at the money being spent on climate change; on areas that county councils, frankly, shouldn’t even be getting involved in.”

He added: “No more work from home, increased productivity. That won’t be a magic wand, it won’t solve every problem, but it will be a good start and we’ll be judged on that.”

Sharing the Reform job advert, Labour’s Stella Creasy said the hypocrisy was “glorious”. “Apparently if you want to work for Reform, you can work from home,” she added. Several other Reform job adverts offered applicants home working.

She told The Independent : “Flexible working allows people to do the school run, it helps cut commuting costs and it means those with disabilities are more likely to find work.

“It means jobs are open to a wider pool of talent and its associated with better employee wellbeing and productivity - no wonder Reform offering it for their own staff. I just wish they'd stop trying to make life harder for everyone elses families.”

Reform said the regional organisers cannot easily attend the party’s single London office, but staff based in the capital work from the office five days a week.

The job posting came as The Independent revealed Reform mayor Dame Andrea Jenkyns ’ vow to get rid of council diversity officers as one of her first acts in Lincolnshire has fallen flat as the county council doesn’t employ any.

Mr Farage and Dame Andrea put getting rid of diversity, equity and inclusion (DEI) officers at the top of their agenda as they impose their own version of Elon Musk ’s cost-cutting Doge on the county.

Ms Jenkyns said: “We are going to have a Lincolnshire Doge . We are going to ensure that we get rid of diversity officers because amazingly Lincolnshire County Council is now Reform controlled. That is a historic moment.”

However, The Independent unearthed a freedom of information answer from Lincolnshire County Council, where Reform now has a majority, stating: “Lincolnshire County Council does not employ any diversity, equity and inclusion (DEI) officers.”

The council had been asked how many DEI officers it employed and what their salaries were. The answer was issued in March just before the local election campaign began in the county.

But in response, Ms Jenkyns told The Independent that another one of the three councils under her remit as the combined authority in the county, North Lincolnshire Council, does have diversity officers."
Starmer ‘known around the world for winter fuel payment cuts’,https://www.independent.co.uk/news/uk/politics/starmer-winter-fuel-payments-local-elections-b2745018.html,,politics,independent,"Sir Keir Starmer is known around the world for taking winter fuel payments from millions of pensioners, a top economist has said.

The prime minister ’s decision to means test the payment , which affected around 10 million pensioners, has had a “much bigger” reputational effect than expected, Paul Johnson added.

Mr Johnson, boss of the influential Institute for Fiscal Studies (IFS), told Times Radio : “I was talking to the head of an international insurance company recently who said that the one thing everyone around the world knows about this government is that it's taking money away from helping the cost of fuel for pensioners.

“So it's one of those things which actually from a sort of fiscal point of view is pretty small but has turned out, I think, to be much bigger from a political and reputational point of view than the government expected.”

Polling firm More in Common has found that Sir Keir’s winter fuel cuts are Labour ’s most damaging policy in government.

More of the public are aware of the change than any of Labour’s other policies, while around two thirds of voters dislike the policy.

More in Common director Luke Tryl has described it as Labour’s “original sin” and said it had a major impact on the party’s disastrous performance in last week’s local elections.

The measure, announced by Rachel Reeves weeks after Labour came to power in July, is expected to save the government around £1.5bn, but will push more than 100,000 pensioners into poverty.

IFS director Mr Johnson said it is a “perfectly sensible thing to do” as much of the payment previously went to wealthier people who could afford to pay for it.

But after the local elections, one of Labour’s re-elected mayors hit out at Sir Keir over the winter fuel cuts, while a group of left-wing MPs demanded a change of course from the PM.

Ros Jones, who was narrowly re-elected as mayor of Doncaster, beating the Reform candidate by just under 700 votes, told the BBC: “I wrote as soon as the winter fuel allowance was actually mooted, and I said it was wrong, and therefore I stepped in immediately and used our household support fund to ensure no-one in Doncaster went cold during the winter.”

Left-wing Labour MP Kim Johnson was among a group of backbenchers warning that Sir Keir’s current approach is leaving the door open to Reform UK and the far right.

“Voters want change – and if we don’t offer it with bold, hopeful policies that rebuild trust, the far right will,” she wrote on X.

Sir Keir defended the “tough decisions” he has taken in power, including winter fuel cuts, arguing that Labour “inherited a broken economy”.

He added: “Maybe other prime ministers would have walked past that, pretended it wasn’t there … I took the choice to make sure our economy was stable.”

The prime minister went on: “Yes, they were tough decisions, they were the right decisions. Because of those decisions we are now seeing waiting lists coming down, something people desperately want.

“Because of that, pensioners are now £470 up as of last month. These are really important changes we’ve brought about, but yes, they’re political choices.”

A government spokesperson said: “Our priority is ensuring pensioners receive the financial support they deserve and over 12 million will benefit from our commitment to protect the Triple Lock.

“We’ve also boosted Pension Credit claims, with the Department receiving around 105,000 extra applications since the previous year and made nearly 50,000 extra awards over the same period.

“Alongside this, we’ve increased the National Living Wage, uprated benefits, and are helping over one million households by introducing a Fair Repayment Rate on Universal Credit deductions, putting more money in people’s pockets as part of our Plan for Change.”"
Romanian premier resigns after his coalition's candidate fails to advance to presidential runoff,https://www.independent.co.uk/news/uk/politics/bucharest-european-union-b2745159.html,,politics,independent,"Romanian Prime Minister Marcel Ciolacu announced his resignation on Monday, a day after the governing coalition’s joint candidate failed to advance to the runoff in the European Union country’s critical presidential election rerun.

The coalition’s candidate, Crin Antonescu, finished third in Sunday’s first round vote, putting him narrowly behind Bucharest Mayor Nicusor Dan, and far behind hard-right nationalist George Simion — who decisively took first place.

“Rather than let the future president replace me, I decided to resign myself,” Ciolacu, who came third in last year’s annulled presidential election, told reporters after a meeting at the headquarters of his Social Democratic Party, or PSD.

Before the meeting Monday, Ciolacu stated that one of the conditions of forming the coalition last December was to field a common candidate to win the presidency."
Row breaks out over Reform banning Ukraine flags from town halls,https://www.independent.co.uk/news/uk/politics/reform-ukraine-flags-farage-b2745470.html,,politics,independent,"Reform UK will ban councils from flying Ukraine ’s flag in support of the war-torn country , allowing only the union, county and St George’s flags on council buildings.

Councils across the country have flown the blue and yellow flag of Ukraine since Russia’s full-scale invasion in 2022 to show solidarity with the Ukrainian people.

“ No other flags will be permitted to be flown on its flagpoles, balconies, reception desks or council chamber walls,” chairman Zia Yusuf said.

As well as banning the Ukraine flag, Reform’s plan would prevent councils from displaying pride flags.

After a stunning set of local elections last week, Reform has taken control of 10 councils – Durham , Kent , Lancashire , Staffordshire , Nottinghamshire , Derbyshire , Doncaster , North Northamptonshire, West Northamptonshire and Lincolnshire.

Labour MP and veteran Mike Tapp said: “As VE Day reminds us, Britain has a proud history of working with allies to defeat dictators and tyrants.

“It tells you all you need to know about Nigel Farage ’s Reform that their very first act after winning elections is to ban the Ukrainian flag from our town halls, in this of all weeks.

“But while it is sickening, it should come as no surprise: Farage told us that Vladimir Putin is the world leader he most admires.

“Farage and Reform councillors should stop sucking up to Moscow and drop their ban on flying the Ukrainian flag immediately.”

Labour has repeatedly attacked Reform over Mr Farage’s past comments about Putin, including saying he is the leader he most admires and saying the West “provoked” Russia’s invasion of Ukraine.

Sir Keir Starmer said recently: “Nigel Farage is fawning over Putin.

“That’s not patriotism. That is not what working people need.”

Labour MP James Frith added: “On VE Day, we remember Britain’s proud tradition of standing with allies against tyrants.

“It speaks volumes that Reform’s first act after their election gains is to ban the Ukrainian flag in the very week we honour the fight against dictatorship.

“Farage and his councillors should stop pandering to Moscow and scrap this disgraceful ban now.”

The Liberal Democrats said the party is “really proud of the way communities across the country have come together to show our support for Ukraine or Armed Forces Day”.

A spokesman added: “It would be a real shame if Reform councillors block their communities from flying the flag for our brave British troops and our allies against Putin, all for the sake of some meaningless virtue-signalling.”

A Reform spokesman said: “ Reform UK will proudly fly the union jack , St George’s flag and county flags. Unlike Labour, we are proud of our country and history.”"
Romania appoints interim PM after coalition's defeat in presidential race,https://www.independent.co.uk/news/uk/politics/romania-bucharest-european-union-nato-moscow-b2745491.html,,politics,independent,"Romania’s interim president appointed a new prime minister on Tuesday, a day after Marcel Ciolacu stepped down following the failure of his coalition’s candidate to make the runoff in a rerun of the presidential election.

Ilie Bolojan signed a decree to appoint the serving interior minister, Catalin Predoiu of the National Liberal Party, to helm the government until a new one can be formed. The interim post can be held for a maximum of 45 days, during which they have limited executive powers.

The shake-up comes after the coalition’s candidate, Crin Antonescu, came third in Sunday’s first round presidential vote, far behind top finisher hard-right nationalist George Simion and pro-Western reformist Bucharest Mayor Nicusor Dan.

After casting his ballot on Sunday, the 56-year-old veteran politician Predoiu said he voted for a presidency that “will ensure balance, cooperation and dialogue in political life” and called it an “important moment for the whole country.”

Romania held the rerun months after a top court annulled the previous race following allegations of electoral violations and Russian interference, which Moscow has denied. The unprecedented decision plunged Romania into its worst political crisis in decades.

Sunday’s vote underscored strong anti-establishment sentiment among voters and signaled a power shift away from traditional mainstream parties. It also renewed the political uncertainty that has gripped the European Union and NATO member country.

Ciolacu, who came third in last year’s voided presidential race, told reporters Monday outside the headquarters of his Social Democratic Party, or PSD, “Rather than let the future president replace me, I decided to resign myself.”

He added that one aim of forming the coalition last December — after the failed election — was to field a common candidate to win the presidency. After Sunday’s result, he said the coalition now “lacks any credibility.” It is made up of the leftist PSD, the center-right National Liberal Party, the small ethnic Hungarian UDMR party and national minorities.

Sunday’s vote was the second time in Romania’s post-communist history, including the voided election cycle, that the PSD party did not have a candidate in the second round of a presidential race.

As in many EU countries, anti-establishment sentiment is running high in Romania, fueled by high inflation, a large budget deficit and a sluggish economy. Observers say the malaise has bolstered support for nationalist and far-right figures like Calin Georgescu, who won the first round in the canceled presidential election. He is under investigation and barred from the rerun.

Simion, the 38-year-old frontrunner in Sunday’s vote and the leader of the Alliance for the Unity of Romanians, will face Dan in a runoff on May 18 that could reshape the country’s geopolitical direction.

In 2019, Simion founded the AUR party, which rose to prominence in a 2020 parliamentary election by proclaiming to stand for “family, nation, faith and freedom.” It has since become Romania’s second-largest party in the legislature.

Dan, a 55-year-old mathematician and former anti-corruption activist who founded the Save Romania Union party in 2016, ran on a pro-EU platform. He told the media early Monday that “a difficult second round lies ahead, against an isolationist candidate.”"
"Wave of retailer hacking incidents ‘a wake-up call’, minister to say",https://www.independent.co.uk/news/uk/politics/pat-mcfadden-government-marks-spencer-spencer-manchester-b2744030.html,,politics,independent,"A wave of cyber attacks should be “a wake-up call” for every business in the country, a senior minister will say.

Harrods became the latest high-profile UK retailer to fall victim to hacking in recent days, after a serious ransomware attack on Marks & Spencer forced the company to suspend online orders and halt recruitment.

Cabinet Office minister Pat McFadden will use a keynote speech to urge companies to treat cyber security “as an absolute priority”.

Speaking at the CyberUK conference in Manchester next week, Chancellor of the Duchy of Lancaster Mr McFadden will say: “These attacks need to be a wake-up call for every business in the UK.

“In a world where the cybercriminals targeting us are relentless in their pursuit of profit – with attempts being made every hour of every day – companies must treat cybersecurity as an absolute priority.

“We’ve watched in real time the disruption these attacks have caused, including to working families going about their everyday lives.

“It serves as a powerful reminder that just as you would never leave your car or your house unlocked on your way to work, we have to treat our digital shop fronts the same way.”

The National Cyber Security Centre (NCSC) is working closely with affected organisations to fully understand the nature of the attacks, the Government said.

M&S confirmed on Thursday it had taken down all job adverts from its careers website while it dealt with the fallout.

A message on the site told prospective applicants: “Sorry you can’t search or apply for roles right now, we’re working hard to be back online as soon as possible.”

The London-based retailer employs about 65,000 people and has seen its operations disrupted since the Easter weekend.

Contactless payments were affected, and click-and-collect services halted, though contactless has since been restored.

Meanwhile, the Co-op Group has also been affected by an attempted hack, prompting it to shut down parts of its IT infrastructure.

While its shops and funeral services continue to trade, staff have reportedly been instructed to keep cameras on and verify identities during all remote meetings.

The Metropolitan Police has launched an investigation into the attack on M&S.

Mr McFadden, who led a briefing with national security officials and the NCSC on Friday, will set out the action the Government is taking to boost the country’s cyber protections in his speech.

He will say: “We’re modernising the way the state approaches cyber, through the Cyber Security and Resilience Bill. That legislation will bolster our national defences.

“It will grant new powers for the Technology Secretary to direct regulated organisations to reinforce their cyber defences. It will require over 1,000 private IT providers to improve their data and network security.

“It will require companies to report a wider array of cyber incidents to the NCSC in the future – to help us build a clearer picture of who, and what, hostile actors are targeting.”"
Tory MPs to meet to discuss ousting Kemi Badenoch as leader,https://www.independent.co.uk/news/uk/politics/kemi-badenoch-conservative-leader-tories-b2745085.html,,politics,independent,"Tory MPs will hold meetings this week to discuss how to remove their leader, Kemi Badenoch, as panic grows over the future of the party following Reform’s success in the local elections.

Two senior backbenchers have confirmed to The Independent that they are calling meetings with fellow parliamentarians to discuss ousting the Conservative Party leader .

“We cannot continue as we are and she [Ms Badenoch] is just not up to the task,” one of the MPs said.

The moves come after the Tories lost 15 councils and 674 seats last week in devastating results which put the future of the party at risk. At the same time, Nigel Farage declared his party has now taken the place of the Conservatives as the main opposition to Labour as it won 676 seats and overall control of 10 councils.

One Conservative MP said: “These results were actually worse than last year’s general election. We have somehow gone backwards.”

It is understood that a number of Tories have also contacted Robert Jenrick to stand again for the leadership just six months after he failed in his first attempt. While some of those plotting were his supporters it is being claimed that the discussions on Ms Badenoch’s future “go beyond the usual suspects”.

There are claims that former foreign secretary Sir James Cleverly is also positioning himself for a potential leadership contest as a centrist alternative to the right-wing Mr Jenrick.

Over the weekend, Sir James told GB News that Ms Badenoch “knows she has my full support” but said he could “rule nothing out and nothing in” regarding a potential leadership bid should there be a vacancy.

Critics of Ms Badenoch in the parliamentary party have spoken of their frustration over a lack of a strategy to deal with Reform.

In particular an attempt to get her support for an anti-Reform attack unit, with the help of former allies of Mr Farage from Ukip and the Brexit Party who have joined the Tories, fell on deaf ears despite support from grandee Brexiteer Sir Bill Cash.

One senior backbencher said: “I feel like I have been banging my head against a brick wall trying to find out what the strategy is to take on Farage and Reform. There has been nothing.”

Mr Jenrick, the shadow justice secretary, noticeably posted on X how all the Tory council candidates in his Newark seat had won on a day which saw hundreds of Tory councillors lose their seats.

He spent the weekend doing party fundraisers in different parts of the country.

Pollster Luke Tryl from More in Common suggested that the Tories have 12 months to turn things around.

But one MP said: “If we give Kemi another year it could be curtains for us. There are no policies, no ideas, no strategy and she has no charisma.”

MPs are calculating that once safe seats in East Anglia, Essex, Kent and across the south of England and shires would fall based on last week’s results.

There are also complaints about her choice of senior staff, especially ex-MPs like Rachel MacLean and Therese Coffey.

“They just don’t seem to understand the trouble we are in,” another MP said.

However, Tory MPs also are concerned that the updated rules meaning a third of them (currently 41 MPs) are needed to trigger a vote of confidence with letters to the 1922 Committee chair Bob Blackman.

While MPs are not putting their names on the record calling for Ms Badenoch to go yet, other Conservatives have.

Jason Smithers, the former Tory leader of North Northamptonshire Council, called for Ms Badenoch to go following the results, saying: “I can’t see how a leader of a party can stay on with such terrible results across the country.”

Phillip Blond, director of the ResPublica think tank and a former adviser to David Cameron, has also called for Ms Badenoch to go.

He posted on X (Twitter): “Our leadership post the GE has been astoundingly poor. All Badenoch has offered is inertia and inaction. She has allowed Reform to establish bulwarks on her flank that now look unbreachable,” adding, “Regrettably we do need a new leader, and this surely can only be Robert Jenrick . Reform can be challenged, but not under Badenoch. The alternative is doing nothing and becoming nothing.”

But Ms Badenoch has made it clear she intends to go nowhere.

Ms Badenoch told the BBC’s Laura Kuenssberg the idea that changing leaders can bring success is wrong, arguing that her party’s current predicament isn’t “going to be fixed after six months”. She added: “This is not about winning elections; this is about fixing our country.”

However, Ms Badenoch’s BBC interview appears to have made MPs more anxious.

One senior MP said: “She is talking as though we have lots of time to turn things around. We do not. It may even be too late already.

“She has left a huge space for Nigel Farage to fill.”

Shadow cabinet members are trying to calm nerves, telling Tory MPs not to try to move against Ms Badenoch, arguing she “needs time”."
Reform UK councillor quits party just days after election,https://www.independent.co.uk/news/uk/politics/reform-councillor-suspended-farage-local-elections-b2745444.html,,politics,independent,"A newly elected councillor has quit Reform UK after she was suspended over a social media post just days after being elected.

Donna Edmunds, who was elected in Hodnet in Shropshire , was suspended for writing on X, formerly Twitter, that she was planning to defect from the party after the local elections.

Ms Edmunds on Sunday had written on the platform that she had been suspended from the party “pending an investigation”.

She had previously posted about waiting for the party’s ousted MP Rupert Lowe to set up a challenger party “and then I will defect”.

When trying to quit the party, Ms Edmund found that her only option was to cancel the auto-renewal of her payment, so she technically will remain a member until the year is up.

But she launched a tirade against Reform UK leader Nigel Farage , declaring that he “must never be prime minister” and is a “terrible leader”.

She said: “A good leader knows that you bring your team with you, that you champion their successes as the team’s successes.

“A bad leader claims personal credit for every win and stabs people in the back.”

Ms Edmunds also said she no longer has to “watch what I say” and so called for the jailed far right activist Tommy Robinson to be freed from jail, describing him as a “political prisoner”.

Her suspension and decision to quit the party just days after the local elections marks a chaotic start to Reform’s life as a party of government, having won control of ten councils as well as the mayoralties of Greater Lincolnshire and Hull and East Yorkshire.

The party also came under fire on Monday for vowing to ban all flags from council buildings except the Union Jack and St George’s flag , meaning Ukraine and pride flags would be barred from being flown by public authorities. Reform was later forced to clarify that county flags would also be allowed.

It also came as The Independent revealed Reform mayor Dame Andrea Jenkyns ’ vow to get rid of council diversity officers as one of her first acts in Lincolnshire has fallen flat as the county council doesn’t employ any.

And it emerged the party offers home working despite having vowed to put an end to working from home in local authorities it controls.

A Reform UK spokesman said: ""The reason for her suspension is that she posted on social media that she intended to defect to another party. We will not comment further until the completion of the investigation.""

Mr Farage hailed the results as “the end of two-party politics” and “the death of the Conservative Party” as Reform picked up 10 councils and more than 600 seats in Thursday’s poll.

As the Tories faced a Reform surge in the North and parts of the Midlands, the Lib Dems put the squeeze on their vote further south, gaining more than 100 councillors.

Labour also suffered a devastating set of results, losing a by-election in one of its safest seats as well as 187 councillors.

Responding to The Independent , Ms Edmunds described Reform as a “cult at war with its own grassroots”. She said: “Reform HQ is at war with its own grassroots. How else to explain Farage's completely unwarranted attack, yet again, on those of us who have been calling for more democracy within the party, made during the VE Day celebrations coverage?

“I thought I was joining a party. It turned out I had joined a cult. Because I remain loyal to the grassroots party members, whom I hope to see thrive, I cannot stand silently by as the cult's leader wages war against them.”"
Poll: Should Labour reverse the cuts to winter fuel payments?,https://www.independent.co.uk/news/uk/politics/winter-fuel-payments-reverse-labour-b2745621.html,,politics,independent,"The fallout from last week’s bruising local elections has ignited fierce debate over Labour’s decision to cut winter fuel payments for millions of pensioners – a move many insiders believe played a decisive role in the party’s poor showing at the polls.

Labour lost nearly two-thirds of its councillors and even surrendered one of its safest parliamentary seats in Runcorn and Helsby to Reform UK.

On doorsteps across the country, the means-testing of winter fuel payments surfaced repeatedly as a key issue.

Chancellor Rachel Reeves introduced the cuts shortly after Labour came to power, arguing they were necessary to help plug a £22bn black hole in the public finances.

The government says the savings are being redirected to the NHS and schools, but critics warn the policy risks pushing over 100,000 pensioners into poverty.

Now, pressure is mounting on Sir Keir Starmer to rethink the cuts, with Wes Streeting hinting at a U-turn . Other senior Labour figures, backbench MPs and local leaders have previously called for a reversal of the cuts, warning the party risks alienating core voters.

So we’re asking: what should happen next with the winter fuel payments?

Vote in our poll and share your thoughts in the comments below."
Former MP who punched constituent blames Starmer for by-election loss,https://www.independent.co.uk/news/uk/politics/starmer-runcorn-amesbury-reform-winter-fuel-b2745489.html,,politics,independent,"The ex-Labour MP who drunkenly punched a constituent has blamed Sir Keir Starmer ‘s winter fuel cuts for the party’s loss of the once safe seat he held.

Mike Amesbury, who quit parliament after being convicted of assault, said Labour’s loss in Runcorn and Helsby last week was due to “ some big political mistakes from the government ”.

“I sincerely hope Keir Starmer, the Labour prime minister, and the chancellor, Rachel Reeves , not only listen, but learn and respond ,” he told BBC Radio 4’s Today programme.

Asked whether he felt responsible for having sparked the by-election by attacking 45-year-old constituent Paul Fellows, he pointed to Labour’s losses elsewhere in what was a disastrous set of local election results.

As well as losing Runcorn to Reform by just six votes, Labour lost 187 councillors across England.

Mr Amesbury said: “The constituents of Durham or up and down the country did not vote how they did because of my mistake.”

But the ex-MP expressed regret for the incident, saying: “I live that moment every day of my life. Of course I regret that, and if I could turn back the clock and change things that evening I would have done the right thing and walked away.”

He added: “I’ve paid a price and I will learn from those mistakes. And politically I want this government to succeed.”

And he warned the government must not continue making “political mistakes”, citing Sir Keir’s winter fuel cuts and cuts to disability benefits.

In a plea to his former colleagues, Mr Amesbury added: “People on those benches, now is the time to say, you are not being disloyal, but say ‘come on now’ to the leadership, ‘just think again on this’.

“If we are serious about having two terms of a Labour government transforming this country for the better, we have got to listen to the electorate and do the right thing.”

Labour’s decision to means test winter fuel payments payment, which affected around 10 million pensioners, was seen as one of the biggest factors in its dire local election performance.

More of the public are aware of the change than any of Labour’s other policies, while around two-thirds of voters dislike the policy.

More in Common director Luke Tryl has described it as Labour’s “original sin” and said it had a major impact on the party’s disastrous performance last week.

And on Monday the director of the influential Institute for Fiscal Studies think tank warned Sir Keir has become “known around the world” for the winter fuel cuts .

Paul Johnson told Times Radio: “I was talking to the head of an international insurance company recently who said that the one thing everyone around the world knows about this government is that it's taking money away from helping the cost of fuel for pensioners.

“So it's one of those things which actually from a sort of fiscal point of view is pretty small but has turned out, I think, to be much bigger from a political and reputational point of view than the government expected.”

But on Tuesday health secretary Wes Streeting defended the cuts, arguing the money saved is being invested in the NHS and improving Britain’s state schools.

He said Labour has “had to do a lot of heavy lifting to get the country out of the hole it was left in”.

Discussing the fallout of the drunken incident last October, Mr Amesbury said what has occurred since has been “like being buried alive… I am in the position through my own fault and own mistakes”."
‘Social care will collapse’: Readers react to family visa crackdown,https://www.independent.co.uk/news/health/family-visa-crackdown-social-care-b2745586.html,,politics,independent,"A government crackdown on visas for overseas care workers has sparked fierce debate among Independent readers, with many warning it could tip an already fragile care system into outright collapse.

New visa rules introduced by the Labour government in March 2025 have made it harder for foreign care workers to come to the UK, including preventing them from bringing children or dependents and requiring a minimum salary of £25,000.

As a result, applications for Britain’s health and care worker visa have plunged by 70 per cent in a year, from 129,000 to just 26,000, at a time when more than 100,000 vacancies remain across England’s care sector.

Charities such as Age UK warn that overseas staff have been ""keeping many services afloat"" and say care home closures could pile yet more pressure onto NHS hospitals already struggling to cope.

Our readers are divided over how to respond to the growing crisis. Some argue Britain must urgently attract more overseas workers to plug critical gaps, as an ageing population and declining birth rate leave fewer working-age people to provide care.

Others believe it is time to reform the benefits system, train unemployed British workers for these roles, and ensure carers, whether foreign or domestic, are paid properly and treated with respect.

While views differ, few dispute the scale of the challenge facing social care today. Without decisive action, many warn that the consequences for the NHS, care homes, and vulnerable people could be dire.

Here’s what you had to say:

We are living in challenging times and the Government needs to speak honestly about them – and dismiss the harbingers of chaos and turmoil who are trying their hardest to get into power so they can suck us all dry.

The fact is that we have more elderly than younger workers, and the birth rate has been in decline for some years. There are huge job gaps in the NHS and care homes. This has enormous implications. If we don't have enough care workers, more elderly people and people with disabilities, and chronic health conditions will end up in the hospital, meaning that people waiting for treatment or surgery will have to wait longer.

There will also be an impact on healthcare workers, such as nursing staff, which will make things worse. It is pretty annoying that political parties use issues such as net migration (which receives a pretty negative reaction) and unemployment figures as political footballs to stir up the ire of the 'hard-working taxpayer'. The plain fact is we need more people of working age to pick up the slack. If people from other countries want to come here to work and build their lives, why not? If we don't go down this route, we are going to end up in a much worse situation than we are already in.

Some countries allow asylum seekers to work while they go through their application procedure. We should do the same where possible. That way, there won't be such pressure on the government purse. Meanwhile, housebuilding is a number one priority. The lack of social housing is not caused by immigrants; it was caused by the policies of Margaret Thatcher, and that loophole of selling off social housing at giveaway prices must be closed. If more people are paying taxes, there will be more money to spend.

In some parts of the country, on this basis, social care will simply collapse. I have a small home care company as a client. They have a few foreign workers, and sorting out work visas is bureaucratic and expensive. Fortunately, they manage mostly with home-grown workers. On top of dealing with the hike in employers’ NI and above-inflation National Living Wage rise, the sector will struggle and reach a crisis point. This sector has required action for years, but political dithering and division have just made matters worse.

Speaking as a former NHS nurse and hospital care manager, this will completely compound the existing bed, A&E, and health logistics crisis. This isn’t a Labour Government, but hey, at least we’ve now got some local authorities that will be saved by imported MAGA policies from the new and talented Reform councillors skillfully managing local authority community care and care home funding.

“Don’t get ill, don’t get old.” — Neil Kinnock

My mother was diagnosed with terminal cancer a few years ago and died within three months of that diagnosis, as per the specialist’s prognosis. As she grew weaker, my sister (who gets paid a fair bit more than the minimum wage) tried to help my mother by moving her to be more comfortable. This resulted in my mother suffering a fractured leg, which had been weakened by cancer spreading into it. This meant that after a month of being diagnosed with three months to live, my mother was in sheer agony thanks to my sister trying to help her.

For readers with empathy, you can imagine the trauma and guilt my sister felt. The NHS patched her up and she returned to die in her own home as per her wishes. The care she received from her six-person rota of African caregivers was second to none. These people were experts. Highly trained and nothing but utterly professional from start to finish. If anyone thinks for a second that I, or anyone related to me, would allow some otherwise unemployable person within a mile of my mother at this point, they have another thing coming. I will never forget the care and attention they bestowed on my mother at the end of her life.

ChrisMatthews

Net migration of over 1.5 million in two years. The consensus here seems to be fine, no problem... in fact, we need more. But where's the housing, where are the extra hospitals and GP surgeries, new schools, and improvements to transport infrastructure? An extra 7.5 million in 10 years is a heck of a lot of extra people, and already we lack the housing and services to effectively look after people. Importing millions and their families isn't the answer. We have to find another way. In 2024, there were 1 million NEETs (not in education, employment, or training) – train them up and get them working as carers, withholding benefits if they refuse.

Is this a phase the country needs to go through to understand immigration? As services are stretched and care becomes increasingly unavailable, will people recognise we have two choices? Either we allow and facilitate immigration into these roles, or we say to those on benefits: you must work in these jobs or lose benefits.

Either way, the complaints will be loud and long. AI can’t help with this! A political move to bring home the reality to the electorate, where words and discussion will not work.

It’s shameful that proud British care workers have had their salaries plundered by conniving private care shareholders for over 40 years, leading to what is effectively healthcare worker slavery today. There is no easy way to restore value for our health sector other than using the supply and demand principle. Cut supply, and the unscrupulous private shareholders will pay our British carers more for their incredible work.

DynamicBritain

I did the job for four years at the age of fifty – probably the most difficult job I have ever taken on. I had no experience at all, a few days shadowing someone, and then I was left to sink or swim. I nearly sank a few times for sure. The first six months I was in total shock at the things I had to do. It was rough for sure. But you get used to the smell and mess and just get on with it.

At least you could get out at the end of a visit – they could not get away from their living hell, and for some, it was hell. Poor wages and conditions; if anything goes wrong, you get the blame. Zero support – you’re on your own. And you wonder why no one wants to do it? No respect from the rest of the public at all. Yes, despite all of that, some times were very good and I got a lot from it – but four years was enough and I joined the NHS. Never looked back after that. Not many people last long if they haven’t done it before – an hour or so, and they’re running out the door.

Maybe one of the reasons there are so many shortages in the care sector is the appalling lack of pay carers get. Most of them are on minimum wage or close to it, despite it being a high-skilled and physically demanding job. Why would people do that when they can earn more working at Tesco or Starbucks? Almost everywhere else in Europe, being a carer is considered a good profession with a salary to match. Here we pay poverty wages. And yet social care in the UK is among the most expensive in Europe, so where’s the money going? Not to pay staff, that’s for sure.

Maybe the councils [Reform] run should announce a huge pay rise for all their social care staff. Private providers would have to follow suit in order not to lose staff to the council care homes. Then, more UK citizens might decide that it’s a field they’d like to go into, and staff already working in the field may stay because they can make ends meet.

WellActually

It is usual, notably in the EU, that visas are issued for individuals, each on their own merit. After a given period without having been a burden on the state, the visa holder or a family member can apply for their own visa under family unification rules. The most important of these is that the initial visa holder must show they can support family members in full. If the follow-on members intend to work, then they must apply for a work visa, not a family visa. I’m not sure of the UK system, but it appears a bit more 'open door'.

Jonathan Mills

In general, family visa rules need to be changed. This comes from a husband and father divided from his family by irrational financial requirements. To all the people who see any immigrant as a threat, and not an opportunity to grow the economy, I wish they could try living my life for just one day – then they would understand how ruthless these policies are. Labour must wake up to reality and understand that families belong together.

Training always works, so get these unemployed people into training as care workers. Oh, and increase care workers’ pay at the same time, like we’ve seen for train drivers and junior doctors. I’d rather pay more for care workers than train drivers. As the years go by, we are all getting older.

One of the many ways in which immigrants are of benefit to us is through their work in social care. People coming to our shores are a valuable resource that we can use to our advantage. Demonising them, as Reform does, is not only wrong but misguided.

BigDogSmallBrain

“The social care sector relies on skilled overseas workers to fill posts, stabilise services, and deliver care and support to the people who need it.”

Then it looks like the Brits will have to grow and train their own to stabilise the economy and the service sector. That should be a priority. Oh, and make sure qualified people aren’t excluded due to some diversity requirement.

I am in a very conflicted position. My wife is dying in a care home. She needs constant medical supervision. Most of the staff are foreign nationals. Some are engineers and lawyers whose qualifications are not recognised in this country. There is a whole army of unemployed people in this country who could do the job. But who do I want looking after her? A feckless school leaver forced into work by having their benefits withdrawn, or someone who travelled halfway across the world in search of a better life?

Spain has given an amnesty to their ""illegal"" migrants and people working illegally for cash. They are using the skills that the migrants already have and are training them up for shortage jobs. As a result, they will have the fastest growth in Western Europe.

ListenVeryCarefully

Sadly, this Government has decided policy by dog whistle, not from the public but from Reform, while failing ideologically to address inequality and unfairness beyond easy targets. We need workers. Europe largely provided them without bringing the cultural baggage we see today, while allowing criminals to take over refugee and asylum routes simply because most people have no alternative – yet they still fail to allow such arrivals to work while their applications are assessed over months, even years, living at taxpayers’ expense in misery or detention.

Now we see student visas and worker visas targeted by fraudsters as an easier route, not for essential workers who must leave their families behind. No joined-up thinking whatsoever – and 14 wasted years failing to come up with policy solutions to the UK’s problems that were hardly invisible.

The number of net foreign economic migrants (i.e., those who come to work, in the vast majority of cases with higher qualifications than required for the jobs they take) is approximately the same, if not lower, than the number of chronically unemployed and NEETs.

The issue is that in the UK, if you’re one of these types who can’t be bothered to study, train or work, the Government will bend over backwards to provide for you — housing, food, and a bit of extra money on top. These migrants have nothing like that in their home countries – it’s either work or starve. Put the two things together and you’ll find the solution to the problem.

The benefits system needs a complete overhaul, not the immigration system. The elephant in the room is that in the UK you can afford not to work. That’s the source of 90 per cent of the issues we have. In an ideal world, the NEETs would emigrate to other countries, and we should replace them with skilled, able, and willing migrants.

AgeOfStoopid

Presumably, the reason that UK residents are not volunteering to work in care is that the wages on offer are barely enough to pay the rent. That, in turn, is because rents have been encouraged to rise through the roof, not least by housing benefit, which used to be spent mainly on building and maintaining housing.

At the centre of this cost-of-living crisis, in which ever fewer vital workers can afford to live in the cities where they are required, is the fact that successive governments have been robbing the poor to give to the rich, largely through privatisation and so-called austerity.

ReasonTruthAndLogic

I work in a complex care home, and some nights all of the staff on duty are from overseas. You have to wonder why Reform voters, who would rather these people not be here, don’t apply for jobs in care homes themselves.

When I went to work in Switzerland, I didn’t have the automatic right to bring my family with me straight away. I would pre-book monthly EasyJet flights – out on a Friday evening, back on a Sunday night – just to see them for the first nine months. Unfortunately, these are sacrifices you have to make in your working life.

VonGenschler

It is time for Starmer to stop pandering to Farage and act like a socialist. People are unhappy with the Government because it is not doing enough for ordinary people. The argument that the economy was in a mess when they took over is wearing thin. It was nothing like as bad as in 1945 when Labour introduced the NHS and nationalisation.

Unfortunately, Starmer and co are as much in the pockets of big business and the super-rich as the Tories and Reform. Labour must get rid of Starmer, Reeves and their policies now if they are to stand any chance of stopping Farage.

Some of the comments have been edited for this article for brevity and clarity.

Want to share your views? Simply register your details below. Once registered, you can comment on the day’s top stories for a chance to be featured. Alternatively, click ‘log in’ or ‘register’ in the top right corner to sign in or sign up.

Make sure you adhere to our community guidelines , which can be found here . For a full guide on how to comment click here."
Half of Reform voters say local election vote was warning to Starmer,https://www.independent.co.uk/news/uk/politics/starmer-badenoch-farage-reform-general-election-b2745587.html,,politics,independent,"Voters do not believe Keir Starmer or Kemi Badenoch will lead their parties at the next general election, following disastrous council results.

Research by pollsters More in Common found that nearly 6 in 10 people think Sir Keir will not be in charge of Labour , while almost half think the same of the Conservative leader.

But those who want to replace her with Robert Jenrick face a shock, as the group found that he would fail to put the Tories ahead of Nigel Farage’s Reform - although replacing her with disgraced former prime minister Boris Johnson would.

Tory MPs are set to hold meetings this week to discuss how to remove their leader, as panic grows over the party’s future following Reform’s success in the local elections.

The Tories lost 15 councils and 674 seats last week in devastating results, which saw Mr Farage declare his party was now the main opposition to Labour, after it won 676 seats and overall control of 10 councils.

Labour also had a terrible night, losing 187 council seats, far more than had been expected, as well as a by-election in Runcorn and Helsby, where Reform overturned a 14,700 majority to win by just six votes.

More in Common said Labour could try to win back voters by reforming the controversial Winter Fuel Allowance.

Welsh First Minister Baroness Eluned Morgan has called for a rethink on the decision to means-test the allowance, saying the decision to axe the universal benefit for around 10 million of pensioners was ""something that comes up time and again"".

More in Common’s executive director Luke Tryl said actions on the cost of living, immigration and the NHS were all top tests for the government.

But he said when it came to the cost of living, the constant refrain was “I’m living to work, not working to live”.

Comments about the NHS that are coming up in focus groups “are generally better than the have been”, he said, adding it “could be that the NHS ends up being the bright spot for Labour”.

But he warned the party faces “big challenges” next year, with elections in Scotland and Wales, as well as more Labour-facing councils up for grabs in the local elections. “It is going to be a challenging electoral cycle,” he said.

However, there was some hope for the two largest parties.

More in Common found that nearly half of Reform voters, 46 per cent, said that they wanted to send a signal on who they would vote for at the national level with these elections.

That figure was much higher than for other parties, where voters were more inclined to say they were casting their ballots on local issues."
"Trump’s film tariffs could ‘wipe out UK industry’, Starmer warned",https://www.independent.co.uk/news/uk/politics/trump-tariffs-film-industry-uk-trade-deal-b2745635.html,,politics,independent,"Keir Starmer has been warned that he must prioritise saving the UK’s billion pound film industry from Donald Trump’s tariffs or risk it being “wiped out”.

Dame Caroline Dinenage , chair of the Commons select committee for culture, has said MPs will be putting pressure on ministers over UK-US trade talks to rescue an industry that is worth billions to the British economy.

The prime minister is already under pressure from the US to accept lowering food standards to allow chlorinated chicken as well as repeal hate laws in the name of free speech over getting a deal.

But with blockbusters including the recent Disney Snow White live action movie, the Pirates of the Caribbean, Harry Potter and James Bond franchises, as well as streaming success stories such as Game of Thrones filmed in the UK, the 100 per cent tariffs threatened by Trump could serious harm the industry.

Dame Caroline, a former Tory minister for the film industry, said: “Last month the Culture, Media and Sport Committee warned against complacency on our status as the Hollywood of Europe. President Trump’s announcement has made that warning all too real.

“Making it more difficult to make films in the UK is not in the interest of American businesses. Their investment in facilities and talent in the UK, based on US-owned IP, is showing fantastic returns on both sides of the Atlantic. Ministers must urgently prioritise this as part of the trade negotiations currently underway.

“At the same time, the government’s forthcoming Creative Industries Sector Plan needs to meet the challenge we set down of incentivising inward investment while also growing our domestic sector so British film and high-end TV can thrive.”

She vowed to use her committee to “keep up pressure” on ministers and is in touch with culture minister Sir Christopher Bryant on the issue.

Marcus Ryder, chief executive of the The Film and TV charity told The Independent: “Trump’s tariffs could wipe out the UK industry because we are so dependent on foreign direct investment for films being made here.”

Mr Ryder said dozens of people had contacted him since Mr Trump’s announcement with “existential dread” about the future of the industry.

“People are worried and their anxiety levels are off the scale,” he said. “The tariffs are already having an impact before they have even been introduced.”

“It would cut off production houses and strangle the entire ecosystem, including the TV industry. But nobody has any idea what the tariffs could mean. There is a lot of uncertainty.”

President Trump announced the tariffs on “national security” grounds claiming that foreign films pose a danger to the US.

But the disaster it poses for the UK economy was underlined with British Film Industry (BFI) figures published in February.

BFI’s research and statistics unit revealed that film and high-end TV production spend in the UK was £5.6 billion in 2024, a 31 per cent increase from 2023.

Of this, £3.4 bn (62 per cent) was spent on high end television and streaming; with feature film production contributing £2.1 billion (38 per cent) of the total spend.

A BFI spokesperson said: ""The BFI is working closely with the UK government, and industry partners in the UK and US while we understand the detail of the proposal. We want to keep collaboration at the heart of our sectors, so we remain a constructive partner to our friends in the US and internationally.”

But unions are warning the tariffs would be a “knock out blow” to the industry.

Head of Bectu union, Philippa Childs, said: “The UK is a world leader in film and TV production, employing thousands of talented workers, and this is a key growth sector in the government’s industrial strategy.

“These tariffs, coming after Covid and the recent slowdown, could deal a knock-out blow to an industry that is only just recovering and will be really worrying news for tens of thousands of skilled freelancers who make films in the UK.

“The government must move swiftly to defend this vital sector, and support the freelancers who power it, as a matter of essential national economic interest.”

Former culture secretary Nicky Morgan told The Independent : “The President’s announcement just confirms the great success of the UK film industry, achieved not by protectionism but by consistent incentives for growth and phenomenal UK creativity.

“It also shows why a separate Culture Department is a wise investment for any Government searching for economic growth.”

Former culture secretary John Whittingdale denounced the tariffs as “unworkable, impossible to implement and would do real damage to the film industry”.

The prime minister's official spokesman described the threat of tariffs as “disappointing”.

He said: ""As we have said across the board, any introduction of tariffs will be disappointing but we will always take a calm and steady approach to our discussions with the US to put British interests first.""

He went on to describe the British film industry as ""a world-class industry"" and ""a beacon of talent"" that ""showcases the best of our creativity and culture"", adding that ""talks are ongoing with the US on an economic deal, so we are not going to get into a running commentary of the details on that.”"
Starmer rules out winter fuel allowance U-turn despite backlash,https://www.independent.co.uk/news/uk/politics/labour-winter-fuel-allowance-payment-starmer-streeting-b2745455.html,,politics,independent,"Sir Keir Starmer has ruled out a U-turn on his government’s decision to strip the winter fuel payment from millions of pensioners.

Labour faced a backlash to the move at last week’s disastrous local elections, with backbenchers complaining it played a decisive role in the party losing one of its safest parliamentary seats as well as 187 councillors.

But the prime minister's official spokesman said: ""There will not be a change to the government's policy.""

He added that the decision ""was one that we had to take to ensure economic stability and repair the public finances following the £22 billion black hole left by the previous government"".

Earlier, Wes Streeting failed to rule out a reversal of the decision despite admitting it was a factor in Labour ’s dismal local election results.

However, the health secretary stood by the prime minister ’s original decision to push through the cuts, arguing that the money saved has been invested in the NHS and improving Britain’s state schools.

Mr Streeting told Sky News that he was “not aware of those discussions if they’re taking place” and refused to speculate on future policy changes. However, he underlined that the government “is always listening and always looking at how the policies that we’re enacting make a difference”.

The issue came up on the door steps for Labour during the campaign in the Runcorn and Helsby by-election which Reform won overturning a Labour majority of 14,000, as well as the council elections where Labour lost two thirds of their seats only returning 99 councillors.

Mr Streeting claimed that as health secretary he “wouldn’t be close to those sorts of discussions [about raising the income threshold] at this stage, ahead of spending review and budget later this year as well”.

He added: “But what I do want to reassure people is that in terms of last Thursday’s local election results, we have noticed, we have got the message.”

But defending the policy, he said Labour has “ had to do a lot of heavy lifting to get the country out of the hole it was left in”.

And, accusing the Conservatives of leaving the NHS in chaos, prisons crumbling and a lack of police on the streets, he said that “even if people disagree with some of the individual decisions we have taken, I don’t think anyone would disagree that we are dealing with a lot”.

Labour’s decision to means test the payment, which affected around 10 million pensioners, was seen as one of the biggest factors in a bruising set of local elections.

It was announced by chancellor Rachel Reeves shortly after the election when she claimed she had found a £22bn black hole in the UK finances. They are expected to save the government around £1.5bn, but will push more than 100,000 pensioners into poverty.

More of the public are aware of the change than any of Labour’s other policies, while around two-thirds of voters dislike the policy.

Luke Tryl, executive director of polling organisation More in Common, has described it as Labour’s “original sin” and said it had a major impact on the party’s disastrous performance last week.

And on Monday the director of the influential Institute for Fiscal Studies think tank warned Sir Keir has become “known around the world” for the winter fuel cuts.

Paul Johnson told Times Radio : “I was talking to the head of an international insurance company recently who said that the one thing everyone around the world knows about this government is that it's taking money away from helping the cost of fuel for pensioners.

“So it's one of those things which actually from a sort of fiscal point of view is pretty small but has turned out, I think, to be much bigger from a political and reputational point of view than the government expected.”

Reports overnight suggested Downing Street was rethinking the cuts amid fears it could cost Labour the next general election, with officials considering raising the threshold over which pensioners are no longer eligible for the allowance.

“The winter fuel cut has become totemic and talks to us being on the wrong side of working people. We need to show that’s not the case,” a Downing Street source told the Guardian .

It comes after a slew of Labour backbenchers publicly called for a reversal of the cuts as the local election results came in on Friday.

One of Labour’s re-elected mayors hit out at Sir Keir, while a group of left-wing MPs demanded a change of course from the PM.

Ros Jones, who was narrowly re-elected as mayor of Doncaster, beating the Reform candidate by just under 700 votes, told the BBC: “I wrote as soon as the winter fuel allowance was actually mooted, and I said it was wrong, and therefore I stepped in immediately and used our household support fund to ensure no-one in Doncaster went cold during the winter.”

Left-wing Labour MP Kim Johnson was among a group of backbenchers warning that Sir Keir’s current approach is leaving the door open to Reform UK and the far right.

“Voters want change – and if we don’t offer it with bold, hopeful policies that rebuild trust, the far right will,” she wrote on X.

Sir Keir has defended the “tough decisions” he has taken in power, including winter fuel cuts, arguing that Labour “inherited a broken economy”.

He added: “Maybe other prime ministers would have walked past that, pretended it wasn’t there … I took the choice to make sure our economy was stable.”"
Starmer warned benefit cuts could be ‘as toxic’ as winter fuel changes,https://www.independent.co.uk/news/uk/politics/starmer-winter-fuel-pip-benefits-welfare-cuts-b2745786.html,,politics,independent,"Sir Keir Starmer 's benefit cuts will strip 800,000 legitimate disability claimants of support , a think tank has warned.

New analysis showing that the support is largely going to claimants it was intended for has called the justification for the prime minister ’s benefit cuts into question.

And, as Labour grapples with the fallout of its local election drubbing, blamed primarily on cuts to pensioners’ winter fuel payments , economists have warned the disability cuts could prove “just as toxic” politically .

The PM’s move to slash welfare spending by £5bn through cuts to personal independence payments (PIP) was based on claims the system is too lenient.

In a policy paper explaining the cuts, the government cited a 34 per cent jump in the number of disabled working-age people in England and Wales claiming incapacity or disability benefits between 2020 and 2024. This was double the 17 per cent rise in the number of disabled working-age people overall over the same period, the government said.

“It is therefore clear that the structure of the benefits system is also a factor contributing to the increase in claims for incapacity and disability benefits,” it added.

Sir Keir used the figures to claim the current welfare system is “morally and economically indefensible”.

But an analysis from think tank the New Economics Foundation (NEF), shared with The Independent , shows the rate of successful claims for PIP, the main disability benefit, had remained steady at 50 per cent since before the pandemic.

Meanwhile, 46 per cent of disabled people claim PIP, compared with 40 per cent before the pandemic, which NEF said showed that the rise in claims is due to an increase in people applying for benefits they are already entitled to.

“This suggests that the disability benefits bill has risen due to two factors: a rise in the number of disabled people eligible for state support, and a rise in deprivation, meaning that disabled people previously not claiming support are now looking for additional financial help from the government,” the think tank added.

Under the changes, someone someone who needs assistance washing below their waist, uses an aid to use the toilet or deal with incontinence, needs assistance dressing their lower body or needs an aid to to speak or hear would no longer be eligible for PIP.

NEF senior economist Max Mosley said: “Our analysis suggests that PIP is going to exactly the sort of people it is intended to support, but that higher rates of disability and financial hardship are driving more people to claim.

“The government's plans to restrict access to PIP will lead to hundreds of thousands of disabled people missing out on support they very much need. This could well prove to be as politically toxic for the government as cutting the winter fuel payment.”

Sir Keir has already faced a fierce backlash over the planned cuts, with left-wingers vowing to vote against the changes when they are put before parliament.

Research has shown that nearly 100 Labour MPs have a majority smaller than the number of disabled people who face losing their benefits in their constituencies, adding to the intensity of the rebellion.

Outspoken Labour MP Rachael Maskell has said there is “deep, deep concern” among colleagues in the Commons.

Meanwhile, 16 major charities - including the Trussell Trust , Scope, and Mind - have penned a letter to the government warning that benefit cuts would have a “catastrophic impact on disabled people up and down the country”.

A Department for Work and Pensions spokesman said: “To be clear, there will be no immediate changes to Personal Independence Payment and the majority of people who are currently getting PIP will continue to receive it.

“As part of our Plan for Change, we’re creating a sustainable welfare system that genuinely supports people into work and out of poverty - backed by £1 billion additional employment support funding to guarantee tailored help.

“Alongside this, we are supporting people into work with our Get Britain Working White Paper, and introducing the Fair Repayment Rate, which will increase financial security, tackle poverty, and boost living standards up and down the country.”"
Starmer hails Britain’s biggest post-Brexit trade deal with India,https://www.independent.co.uk/news/uk/politics/uk-india-trade-deal-starmer-modi-b2745651.html,,politics,independent,"Sir Keir Starmer has struck Britain’s biggest post-Brexit trade deal , hailing a “landmark” agreement with India that will boost trade with the country by £25.5bn.

In what the prime minister is billing as a major coup , he said the agreement, which focuses on whisky , gin, cars and cosmetics, will boost the economy and cut prices for consumers.

The opening up of international trade with one of the world’s biggest and fastest-growing economies comes as the prime minister attempts to deal with Donald Trump’s latest moves in the battle over tariffs on imports to the US.

The most recent row came after the US president announced his intention to impose 100 per cent tariffs on films from outside the US – a policy that, if implemented, threatens to destroy the British film industry .

Labour made much of Sir Keir securing a deal with India, which successive Tory governments have failed to land following Brexit.

A major sticking point in the talks was believed to be India’s demand for looser visa restrictions for its citizens coming to the UK, but the Department for Business and Trade said this would have no impact on Britain’s points-based migration system.

Criticism of the government’s achievement was led by Tory leader Kemi Badenoch, who was trade secretary in the last Conservative government and claimed to have refused to sign an almost identical deal.

She said on X (formerly Twitter): “I refused to sign this deal because: 1. Tax refunds for Indians not available to us; 2. Visa requests too high; 3. Ceramics and Aluminium industries would be screwed. When Labour negotiates Britain loses.”

Ms Badenoch signed the other big post-Brexit free-trade deals, with Australia and New Zealand, which have been seen as bad news for UK farmers.

Securing a post-Brexit deal with India, one of the world’s fastest-growing economies , has been a holy grail for successive prime ministers, with Boris Johnson famously promising to strike an agreement by Diwali in October 2022.

India said that as part of the agreement – which it described as a “big win” – its temporary workers in Britain, along with their employers, will be exempt from making national insurance payments in the UK for three years.

This reform comes under what is known as the “double contribution convention”, which is designed to stop workers and employers paying twice, once in each country.

The deal is also expected to make it easier for Indian chefs, musicians and yogis to come to the UK, after a new cap on the number of professionals who can enter was agreed.

As Labour reels from the shock of its local election drubbing, Sir Keir hopes the announcement, which sent the pound to a three-year high against the US dollar, will help get his Labour government back on track.

The prime minister said: “Through this government’s stable and pragmatic leadership, the UK has become an attractive place to do business. Today we have agreed a landmark deal with India – one of the fastest-growing economies in the world – which will grow the economy and deliver for British people and business.

“Strengthening our alliances and reducing trade barriers with economies around the world is part of our Plan for Change, to deliver a stronger and more secure economy here at home.”

The deal will immediately halve tariffs on whisky and gin from 150 per cent to 75 per cent, followed by a cut to 40 per cent in 2035. It will also cut automotive tariffs from over 100 per cent to just 10 per cent, opening up the Indian market to British carmakers as they are grappling with the impact of Mr Trump ’s tariffs on the sector.

The government said British shoppers would see lower prices for clothes, footwear and foods, including frozen prawns, as the UK reduces barriers to imports from India. The deal also includes new commitments to protect consumers from spam texts from India, which could include requiring opt-out or prior consent, the government said.

It will boost bilateral trade by £25.5bn, the Department for Business and Trade said, adding £4.8bn to UK GDP each year.

It was struck after long-running negotiations between British and Indian officials, with business secretary Jonathan Reynolds undergoing a final round of discussions with the country’s commerce minister Piyush Goyal last week.

Indian prime minister Narendra Modi said: “These landmark agreements will further deepen our Comprehensive Strategic Partnership, and catalyse trade, investment, growth, job creation, and innovation in both our economies. I look forward to welcoming PM Starmer to India soon.”

Critics said Britain would have been able to agree a better deal with India as part of the EU, which is also holding talks with the country. The European Movement UK welcomed the deal but said the bloc “has more clout” and that the UK would be better off as part of it.

Meanwhile, Best for Britain, which campaigns for closer EU-UK ties, said a customs deal with the EU could boost UK GDP by 2.2 per cent, more than 20 times the impact of the agreement with India.

As well as whisky and gin, the UK-India agreement will cover a number of high-growth sectors including advanced manufacturing – incorporating the aerospace and automotive industries – along with clean energy, life sciences, and the creative and services sectors.

It was welcomed as a “once-in-a-generation boost” by exporters, with the chief executive of the Scotch Whisky Association, Mark Kent, saying: “The reduction of the current 150 per cent tariff on Scotch whisky will be transformational for the industry, and has the potential to increase Scotch whisky exports to India by £1bn over the next five years, creating 1,200 jobs across the UK.”

And the boss of the Premier League said the market is “incredibly important” to the competition and its clubs. Richard Masters added: “The continued growth of the Premier League and UK businesses in India will have a positive impact on our domestic economy, and we welcome the news of this new trade deal secured by government, which will support UK businesses operating in India.”

Karan Bilimoria, a crossbench peer who is chair of the International Chamber of Commerce UK and the founder of Cobra Beer, said: “This is the biggest and most important free trade agreement that the UK has signed since Brexit. India is the fastest-growing major economy in the world, and the fourth-largest economy in the world, and yet is only Britain’s 11th-largest trade partner, with £42bn of bilateral trade in goods and services.”

Marco Forgione, director general of the Chartered Institute of Export and International Trade, added: “With UK industries, such as automotive, currently feeling the challenges of the US tariffs, this deal comes at an opportune moment for a range of industries.”"
