title,url,summary,category,source,full_content
The best betting apps for sport in 2025,https://www.independent.co.uk/sport/betting-apps-b2581957.html,,sports,independent,"These days, punters want betting at their fingertips, so it’s all about sports betting apps now when having a flutter.

All the major betting sites in the UK gambling industry take a huge amount of their custom via their app, but the quality of the betting experience does differ from company to company.

With that in mind, we’ve rated and reviewed the best sports betting apps for you to use in 2025.

There are numerous factors we consider when ranking betting apps:

Regulation: Any gambling app has to be fully licensed and regulated by the UK Gambling Commission.

Reputation: Reputation is important and while the likes of William Hill and Bet365 have established themselves, we also considered the burgeoning renown of the new betting sites .

Being responsible: How committed the bookmaker is to responsible gambling is important to us. We considered their approaches to vital tools such as deposit limits and self-exclusion.

Customer experience: If the app design is smart and well laid out, with good useability, then it makes for a better customer experience.

Promotions: A betting company can also be judged on its promotions and offers. For example, was the online betting app offering deals that really enticed us to sign up?

We have broken down the best apps for each of the most popular sports such as football, horse racing and tennis, as different apps have different specialities.

Online Betting App

UKGC License

Horse Racing

William Hill

BoyleSports

Accumulators

Bet Builders

Live Streaming

BetVictor’s app is well laid out, easy to navigate and quick to load, making for a good user experience. It particularly shines on Premier League markets , which is why we’ve named it the best betting app for football betting .

They have a wide range of markets available and their very competitive in-play odds help them stand out. If you’re an acca lover, their bet builder is easy to navigate, with every market you could want in an accessible list.

Furthermore, new customers can claim free bets when they claim the BetVictor sign up offer .

BetUK’s online betting app is a great option for mobile horse racing punters. Their ‘details’ toggle under individual races allows punters to do their homework within the app before placing a bet, which we found particularly useful.

Their welcome offer allows you to earn £30 worth of free bets when you sign up, deposit and bet £10 on any sport. That £30 is made up of a £10 horse racing free bet, a £10 free bet builder and a £10 football free bet.

BetUK also offer daily specials, and there is a free-to-play weekly predictor game where you win up to £50,000, making it one of the best horse racing betting sites around.

Bet365 are regularly market-leading in terms of golf prices due to their enhanced each-way terms around major tournaments.

Bet365 also have more extensive in-play markets than many other betting apps, as well as a shot tracker for every player at major championships, plus live leaderboards, stat packs and hole-by-hole breakdowns.

The wealth of information means golf lovers will have everything they need within the online betting app.

William Hill have the best betting app when it comes to tennis because of it’s clean and easy to use navigation around this fast-paced sport.

They offer a huge range of matches and markets on tennis, including first-set winner and handicap betting, while they also often offer enhanced odds. William Hill provide stat packs to help mobile users make informed tennis bets.

A £10 bet after signing up (at odds of 1/2 on any sports market) will get you £30 of free bets as three £10 tokens, available to use on mobile on any sport.

While rugby union and rugby league are two of the UK’s most popular sports, they often get overlooked when it comes to betting, but not on Betfred.

They offer plenty of markets on domestic and international matches and have regular promotions on mobile. Their rugby odds are also competitive in comparison to other bookies with an online betting app.

Their welcome offer includes £50 in free bets when you bet £10. You just need to enter ‘BETFRED50’ when you register and deposit (using a debit card) to be eligible. Once you’ve done that and placed a bet of at least £10 on any sports market (at odds of at least evens), you’ll be rewarded with the £50 of free bets.

Bettors should follow responsible gambling practices after downloading an online betting app. Even the most knowledgeable sports fan can lose a bet, so always stick to a budget and never chase your losses.

When using gambling sites or betting apps, be aware that sports betting can be addictive so please take steps to remain in control. The same applies if you end up using slot sites , casino sites , casino apps , or any other gambling medium.

It’s particularly important not to get carried away by any betting sign up offers or casino bonuses you might receive, both of which are available in abundance on new casino sites in particular, but must be approached with caution.

You can stay in control by making use of the responsible gambling tools offered, such as deposit limits, loss limits, self-exclusion and time-outs.

You may also want to visit the following organisations to discuss any issues with gambling you might be having:

With so many betting apps available in 2025, choosing the right one depends on your preferred sport, betting style and the features that matter most to you personally.

Our expert reviews highlight the top options across football, horse racing, tennis, and more, with each app rated for usability, odds, bonuses and customer support.

Whether you’re after enhanced accas, live streaming or generous welcome offers, there’s something for every type of punter.

We also assess each app’s commitment to responsible gambling, helping you bet safely and with confidence. Check out our recommended betting apps and find the one that suits your style today.

We may earn commission from some of the links in this article, but we never allow this to influence our content. This revenue helps to fund journalism across The Independent."
The best new betting sites for 2025,https://www.independent.co.uk/sport/new-betting-sites-b2581301.html,,sports,independent,"There are many big hitters in the UK betting space but plenty of new betting sites have entered the fray and are making some serious noise.

I’ve compiled a comprehensive list of the best new UK betting sites currently shaking things up, highlighting what makes them our top-rated new betting sites.

Generally, everyone is looking for something different when they bet.

Whatever your interest, I’ve broken down the best new betting sites in popular categories such as key sports, free bets , price boosts and more.

Find my rankings and reasonings below.

UK Launch: 2023

Rating: ★ ★ ★ ★ ☆

Best For: Football

US betting giant BetMGM have successfully crossed the Atlantic with their slick website and betting app, competitive odds and copious offers impressing UK punters since their launch in 2023.

The BetMGM sign-up offer rewards new customers with £40 in free bets, but beyond the welcome promo I feel they outshine all other new football betting sites .

I spotted regular ‘bet and get’ offers and price boosts coinciding with the week’s biggest fixtures, alongside more permanent promotions, such as profit boosts for all Premier League games involving Newcastle, Tottenham and Wolves and the free-to-play £1m Golden Goals prediction game.

BetMGM Pros

BetMGM Cons

✓ Excellent football promotions

✗ Rival live betting sites have more streaming options

✓ Fast sign-up process

✗ Free bets expire within seven days

✓ Strong welcome offer

UK Launch: 2021

Rating: ★ ★ ★ ★ ☆

Best For: Horse Racing

BetGoodwin are a relatively new betting site that focus on horse racing. And it shows, because their racing-specific bonuses, offers and promotions really make them stand out.

The BetGoodwin sign-up offer features up to £25 in free bets while they provide Best Odds Guaranteed for all UK and Irish racing, although this is standard for many horse racing betting sites .

There’s a £100 free bet refund available if your horse either loses by a nose, is 2nd to a 50/1 shot or bigger, is beaten by half a length in a chase or falls at the last when leading.

Like all good accumulator betting sites , BetGoodwin will also issue a free bet refund if only one leg of an acca bet lets you down.

BetGoodwin Pros

BetGoodwin Cons

✓ Excellent horse racing promotions

✗ Sign up offer only available for first day bets

✓ Price boosts available for several sports

✗ Not enough promos outside of horse racing and greyhounds

✓ Competitive racing odds

UK Launch: 2024

Rating: ★ ★ ★ ★ ☆

Best For: Free Bets

Every punter loves a free bet and LiveScore Bet are giving the gambling fraternity what they want.

The LiveScore Bet sign up offer is a bet £10, get £30 in free bets promotion, but the freebies don’t end there with football punters eligible to get up to £10 back in free bets on all losing wagers on Saturday’s 12.30pm Premier League game.

Acca lovers can earn a £5 free acca bet every week and racing-wise, you’ll get your money back as a £10 free bet if your horse finishes second or third in a selected race.

LiveScore Bet Pros

LiveScore Bet Cons

✓ Great ongoing free bet offers

✗ Not as many markets as some new betting sites

✓ Selection of free-to-play games

✗ No acca insurance

✓ Pretty good sign up offer

UK Launch: 2022

Rating: ★ ★ ★ ★ ☆

Best For: Price Boosts

Everywhere I look on TalkSport Bet, odds are being boosted. The green lightning logo that indicates a price boost is prominent across the majority of sports.

Very few new betting sites produce anywhere near the number of price boosts you get on TalkSport Bet, in my experience.

The boosts cover singles, accas and bet builders , and fans of football, tennis and horse racing will find prices enhanced regularly, particularly during the big events when boosted Cheltenham odds or World Cup bets are common.

Punters also have the chance to boost their odds via the Lucky Dip tool. Bettors choose a Lucky Dip market, enter their stake and spin the wheel to receive a random selection with enhanced odds.

Talksport Bet Pros

Talksport Bet Cons

✓ Innovative promotions

✗ Limited live streaming options

✓ Solid TalkSport Bet sign up offer

✗ Live betting odds could be more competitive

✓ Free to play football game

UK Launch: 2021

Rating: ★ ★ ★ ★ ☆

Best For: Accumulators

Fafabet claims to have the ‘best acca offer ever’ and while I would debate that label, it’s still a good offer. For all winning accumulators, a free bet worth between 5 and 50 per cent of your returns is awarded.

Bettors can also claim a £5 free bet when spending £25 or more on a football ‘create-a-bet’ or bet builder and I was impressed with how many offers are available on Fafabet, and not just those covering accas or bet builders.

Fafabet Pros

Fafabet Cons

✓ Outstanding product for acca betting

✗ Price boosts sparse outside of football

✓ Strong Fafabet sign-up offer

✗ Customer service a little slow

Here are some of the factors that came into my thinking during my research into new betting sites:

Regulation: Any recommended new betting sites must be regulated and licensed by the UK Gambling Commission (UKGC). We’ll never recommend an unlicensed bookmaker.

Responsible gambling: Safe betting sites which follow responsible gambling practices, offer responsible gambling tools and take steps to ensure their actions towards customers are morally responsible were given preference.

Customer experience: A good gambling experience is vital to the success of any new betting sites and I examined how they performed in several key areas across desktop, mobile and betting apps , measuring useability, speed, customer service and more.

Promotions: New betting sites regularly use offers and promotions to stand out from established bookmakers and I was on the look out for gambling sites offering more bang your buck.

It’s vital to always bet responsibly. Gambling should be treated as a form of entertainment, never a way to make money.

Betting can also be addictive, so please take steps to remain in control of your time and budget, and when the fun stops, stop. This rule applies whether you are using new betting sites, new casino sites , established casino sites , slot sites or any other gambling medium.

Make sure you use the responsible gambling tools offered by bookmakers such as deposit limits, reality checks, loss limits, time outs and self-exclusion.

There are several charities and healthcare providers available should you experience any gambling-related issues:

We may earn commission from some of the links in this article, but we never allow this to influence our content. This revenue helps to fund journalism across The Independent."
Best Free Bets and Betting Sign Up Offers UK | May 2025,https://www.independent.co.uk/sport/free-bets-b2581138.html,,sports,independent,"Betting on sports is immensely popular in the UK and new customers can claim free bets at the top UK bookmakers.

These betting sign up offers allow punters to place wagers using free bet tokens, which are typically awarded after making a qualifying deposit.

At The Independent , we provide impartial, expert analysis to help you find the best free bet offers available on leading betting sites .

Our in-depth research and first-hand testing assess everything from odds and security to free bet bonus terms, ensuring our recommendations are reliable and up to date.

Whether you're betting on football, horse racing, tennis or golf, you'll find the best free bet offers on this page.

Before a bookmaker makes our list of the best free bet offers, they must meet key criteria to ensure a high-quality betting experience.

Only sites with a valid UK Gambling Commission (UKGC) licence are considered on our list of recommended operators.

It is non-negotiable. The UKGC ensures fair play and consumer protection, working alongside independent testing agencies like eCOGRA , whose rigorous standards all our recommended bookies have met.

If a bookmaker isn’t regulated, it’s not safe – anyone can verify a licence via the UKGC register .

Security is another priority. Every betting site we recommend must implement high-quality security measures like SSL encryption and two-factor authentication to protect customer data.

Reputation also plays a role – established brands like Betfred, William Hill and Bet365 consistently rank highly with us, but we also highlight new, reputable operators such as BetMGM when their free bet promotions meet our expectations.

With most bets now placed on phones and tablets, mobile betting functionality is essential.

Betting sites with dedicated apps that mirror the desktop experience are given preference, and we also consider user app reviews from the Apple and Google Play stores.

The customer experience is equally crucial – we rigorously test bookmaker support channels, favouring those that provide fast, effective resolutions.

Ultimately, our rankings focus on the quality of the free bet offers – how rewarding, flexible and accessible they are to the average punter.

We also take into account matters including odds restrictions, timeframe to both unlock free bet offers and use your bonus funds, wagering requirements and what payment methods are available.

Operators that provide valuable welcome bonuses, competitive terms, and ongoing free bet promotions for returning customers get the highest ratings and we constantly review our top 10 betting offers.

Here are our top 10 free bet offers this month. We’ve scoured many betting sites to come up with the best betting sign up offers and the top free bet promotions available right now, featuring a breakdown of pros and cons.

Right now, Betfred’s Bet £10, Get £50 is the standout new customer free bet offer on the market.

To claim it, simply enter the Betfred promo code BETFRED50 when signing up, deposit at least £10 with a debit card, and place a £10 bet on any sports market at minimum odds of 1/1.

In return, you’ll receive a massive £50 in free bets, split into three £10 free bets for any sport and two £10 accumulator bets, all of which are valid for seven days.

Once you exhaust the Betfred welcome offer, there’s plenty of ongoing free bet offers for existing customers under their promotions section.

Betfred Offer Pros

Betfred Offer Cons

✓ Best value welcome offer on the market

✗ Two free bet tokens can only be used on accumulators

✓ The five £10 tokens can be used on any sport

✗ Bet tokens have to be used within seven days

✓ Free bets credited to account within 10 hours of qualifying bet being settled

✗ Bets on Totepool or Virtual Sports will not qualify for betting offer

BetMGM have one of the definitive free bet sign up offers available today: bet £10, get £40. Among UK betting sites, only a handful of bookmakers offer more in free bets when joining than BetMGM.

New customers need to place a £10 qualifying bet on any market at odds of 1/1 or greater to unlock £40 in free bets, which are valid for seven days.

The sign-up process is fast and seamless, requiring just three simple steps. This is a breath of fresh air compared to some other new betting sites who over-complicate the registration process.

While BetMGM has faced some slow withdrawal complaints since launching in the UK in 2023, their overall offering remains one of the strongest on the market.

The combination of a generous welcome bonus and an easy onboarding process makes it one of the standout choices for betting sign up offers.

BetMGM Offer Pros

BetMGM Offer Cons

✓ Great return on first deposit, with £40 in free bets

✗ Qualifying bet excludes e-sports and non UK/IE horse racing

✓ Easy, fast sign-up process

✗ Free bets have to be used within seven days

✓ Free bets available to use on most popular sports

✗ Qualifying bet must be placed within 7 days

Bet365 is one of the biggest gambling sites in the world, renowned for its trusted reputation and strong welcome offers.

New customers can use the Bet365 bonus code Indy2025 to claim up to £30 in free bets depending on how much they deposit and bet for the first time.

With a low minimum deposit of just £5, bettors on a low budget can secure £15 in free bets, while a £10 deposit unlocks the full £30.

This flexibility makes Bet365’s welcome offer one of the most appealing on the market.

One of the reasons we’ve given this offer a five-star rating is because of the control the bettor has over their free bets, which can be divided up into small amounts to spend as you please.

Bet365 is a powerhouse for sports betting, and beyond the free bet welcome offer customers can expect competitive odds, price boosts and diverse betting options, so it’s ideal for both casual and seasoned punters.

Bet365 Offer Pros

Bet365 Offer Cons

✓ Good return on first deposit, with up to £30 in free bets

✗ Only debit card deposits can qualify

✓ Flexible welcome offer with £5 stake accepted

✗ Certain in-play bets will not qualify

✓ Free bet credits can be used from 25p accas to a £30 bet builder

✗ Bigger return on first deposit available elsewhere

Betway’s Free Bet Club is a rewarding weekly promotion for punters who place regular accumulator bets.

By opting in and staking £25 or more on trebles, accumulators or bet builders with at least three selections, customers will receive two £5 free bets each week.

Free bets are credited one at a time – one on Saturday and another on Monday.

The qualifying terms are straightforward, with a reasonable minimum odds requirement of 2/1, making it accessible for average punters.

Bettors only need to opt in once to be a member of the club, but there are a few limitations to consider with this offer. Bets that are cashed out, system bets and stakes placed using free bets do not count towards the £25 qualification.

Nonetheless, this is a solid offer for those who regularly bet on multiples with consistent weekly rewards.

Betway offer pros

Betway offer cons

✓ Available every week with modest qualifying amount

✗ System bets such as Lucky 15s and Yankees are excluded

✓ Available to both new and existing customers

✗ Staggered release of £5 free bets may not suit everyone

✓ Bet builders count towards the qualifying stakes

✗ Esports bets are excluded from qualifying bets

The BetUK £30 in free bets offer is a solid welcome promotion for new customers. With a qualifying bet amount of £10 placed at odds of 4/5 or greater, it’s within budget for most bettors.

The bonus is split into three £10 free bets, covering horse racing, football and bet builders, which provides a bit of variety.

However, each free bet has specific restrictions, such as minimum odds requirements and limited eligible markets, which slightly reduces the appeal. Also, system bets and general multiples (apart from bet builders) are excluded, which may put off some racing punters.

Overall, this is a very good offer for sports bettors, particularly those interested in both football and horse racing. It only gets a four-star rating from us as there’s better bang for your buck elsewhere.

BetUK offer pros

BetUK offer cons

✓ Reasonable odds of 4/5 for qualifying stake

✗ Free bets are only valid on specific sports: racing and football

✓ Each-way stakes can qualify for offer (T&Cs apply)

✗ Tokens have to be used as £10 stakes and can’t be broken up

✓ Bet builders are allowed as a qualifying stake

✗ Systems bets and multiples other than bet builders not eligible

William Hill is one of the UK’s best-known bookmakers. The stakes and value of their current welcome offer are the same as BetUK above – bet £10 get £30 in free bets.

What makes this one of the best free bet offers is that William Hill have one of the shortest odds requirements for the qualifying £10 bet.

However, it falls short when compared with some promotions above because this offer is only available to mobile customers, so you can’t use it on desktop.

On the plus side, your qualifying stake only needs to be 1/2 or greater on any sports market, allowing you to bet on an outcome that you consider more of a sure thing.

Once that is done, you’ll get £30 of free bets in three £10 tokens. Use the William Hill promo code R30 when signing up on a mobile device to opt in to this promotion.

William Hill offer pros

William Hill offer cons

✓ 300% return on initial deposit

✗ Not available to desktop customers

✓ Free bets have a long expiry date (30 days)

✗ Tokens have to be used as £10 stakes

✓ Valid on almost all sportsbook markets

✗ Bets on virtual sports are excluded from this promotion

The ongoing ‘money back as a free bet if second to the SP favourite’ offer from BoyleSports is a solid promotion for horse racing punters looking for an extra safety net on their bets.

If your selection finishes runner-up to the Starting Price (SP) favourite in a qualifying race, BoyleSports will refund your stake as a free bet up to £20.

This offer is available every day and applies to win and each-way singles, giving you a great chance to recover losses if you narrowly miss out. The free bet refund is credited within 24 hours and is valid for seven days.

There are some restrictions though. Ante-post, in-play and void bets don’t qualify, and there must be at least five runners in the race you bet on.

But, overall, this is a great promo for users of horse racing betting sites and racing fans generally who want a second chance when backing their fancies.

BoyleSports offer pros

BoyleSports offer cons

✓ Great maximum refund amount of £20

✗ No free bet return if the race has fewer than five horses

✓ Available to both new and existing customers

✗ Ante-post, in-play and combined odds bets don’t qualify

✓ Each-way bets qualify for the promotion

✗ If there’s a dead heat for the win, you won’t get the refund

Kwiff’s Football Acca Shield promotion provides punters with a free bet refund of up to £20 if only one leg of their 4+ fold football accumulator lets them down.

To qualify, each selection must have minimum odds of 6/4, with total odds of at least 4/1, and a £5 minimum stake.

Free bets must be used within seven days at minimum odds of 1/1 and there are no wagering requirements on any winnings.

On the downside, the qualifying accumulators must be placed between Monday to Friday, meaning the biggest games at the weekend are excluded from the offer.

That said, for punters who place regular football accumulators during the week, it’s a good concession that can soften the blow of a near miss.

Kwiff offer pros

Kwiff offer cons

✓ Available for both new and existing customers

✗ Limited to one acca per week

✓ Good maximum free bet return of £20

✗ No weekend matches can be included

✓ No wagering requirements on free bet winnings

✗ Bet builders are not eligible

10Bet’s mobile free bet offer is a decent reward for bettors who prefer placing their wagers through a betting app.

To qualify, just download the 10Bet app, opt in via the promotions page and then place a single bet or multiple to the value of £50 or more on any sport at minimum odds of 1/1.

Once you reach the £50 threshold, you’ll receive a £10 free bet soon after your qualifying bets settle.

There is no time frame on how long you have to reach the £50 mark, so there’s no rush to meet the criteria.

This deal caters to mobile-focused punters, making it a great incentive to explore 10Bet’s app, which just happens to be one of the best betting apps around.

It’s best suited for those who already bet regularly and are comfortable meeting the requirements.

If you're an app bettor looking to get a loyalty reward for bets you’re already planning on placing, this is well worth considering.

10Bet offer pros

10Bet offer cons

✓ Available to new and existing customers

✗ Not ideal for small-stakes punters

✓ No wagering requirements on winnings

✗ Free bet must be used within three days

✓ Versatile offer is available on all sports

✗ Handicap, Draw No Bet, cashed-out bets don’t count

LiveScore Bet’s ‘Premier League Money Back as a Free Bet’ offer is a great way to soften the blow of a losing football bet.

Simply place a cash bet on LiveScore Bet’s selected Premier League match from 9am on Thursday until full time, and if your first bet loses, you’ll receive a free bet worth between £1 and £20.

The exact free bet amount is personalised and revealed when you log in and opt in.

Both pre-match and in-play bets qualify, excluding price boosts, and the free bet is credited within 48 hours if your bet loses.

The offer provides a decent bit of protection, particularly for casual bettors looking for some insurance when betting on a big Premier League game.

However, the free bet amount is not guaranteed to match your stake, meaning you may get less back than you wagered.

That said, it’s a solid offer for regular bettors overall, but the variable free bet value is the reason we haven’t ranked this one higher.

LiveScore Bet offer pros

LiveScore Bet offer cons

✓ Flexible offer with pre-match and in-play bets qualifying

✗ Your free bet return might be less than your original stake

✓ Available to both new and existing customers

✗ Cash outs are excluded from the free bet offer

✓ Easy way to limit losses

✗ Free best can take up to 48 hours to be credited

Before using free bets, it’s important to define both what they are and how to use them.

Free bets are bookmaker promotions that allow you to place a bet without risking your own money.

Typically, you must deposit or stake a qualifying amount – usually £10 – to receive a free bet, which can be used on selected sports and events.

If your bet wins, you keep the profit, but the free bet stake itself isn’t returned.

Betting sites may apply wagering requirements, meaning winnings must be played through a set number of times before you can withdraw, but this is more common on casino sites .

Always check the terms and conditions, as some free bets apply only to specific sports, bet types or certain markets.

Free bets are simple to use. Betting sites attach either a box or toggle on the bet slip that users need only to tick or move to enable free bets on their wager.

Free bets come in two main forms: betting sign up offers for new customers and ongoing promotions for existing players. There are certain types of free bets that are commonly available on betting sites including:

Matched free bets : Otherwise known as ‘bet and get’. Here users are required to bet a certain amount and wager on specified odds by the bookie to unlock the corresponding free bet. This is common for betting sign-up offers.

Matched deposits : Not as common on betting sites, but can still be prevalent. With this betting offer, bookmakers will match the value of your deposit in free bet credits. Usually the value of the deposit will be capped at a certain threshold.

Moneyback : With this betting offer, betting sites will provide a refund in either cash or free bets if your selection loses. Free bet offers are usually capped at a certain amount and bettors must meet the terms of the offer to qualify.

No deposit free bets : The holy grail for bettors and almost always reserved for existing customers. Betting sites reward loyalty with free bet offers that can be claimed to use on a variety of markets and sports. These promotions are rare.

Enhanced odds : These are a new type of free bet offers that are usually reserved for sign up offers. Bookies such as Parimatch and Talksport Bet are known to boost the price of a market for high-profile football, boxing, UFC and other events for new customers that sign up and bet. Customers receive a portion of funds in cash for the value of their bet, while the rest is made up of free bets to use on the sportsbook.

Bet365: £10 Moneyback Special Inter vs Barcelona Bet Builder

Bet365 are offering new and existing customers £10 in free bets if your Inter Milan vs Barcelona bet builder loses.

To qualify for the offer, customers must place a bet builder on the Champions League match with odds of evens or greater ticking the ‘Use Money Back in Free Bets’ box on the bet slip before confirming your wager.

If your qualifying wager loses, you’ll receive your money back in free bets up to £10 within 24 hours. Free bets can be used across the sportsbook.

NetBet: Bet £5 Get £5 Champions League Bet Builder

NetBet are offering customers a £5 free bet builder for placing a £5 bet builder on Inter Milan vs Barcelona.

All customers have to do is place a bet builder on the Champions League game before kick-off with three selections or more at odds of evens or greater.

Once your qualifying wager is confirmed, you’ll receive a £5 free bet to use on an PSG vs Arsenal bet builder.

Betfred: Bet £10 In-Play Get £5 Free Bet Inter vs Barcelona

Betfred are offering a £5 free bet for customers that bet £10 in-play on Inter vs Barcelona.

All customers have to do to claim the free bet offer is place a £10 in-play bet on Inter vs Barcelona at odds of 1/2 or greater.

Once your qualifying wager has settled, you’ll receive a £5 free bet to use in-play on PSG vs Arsenal.

Unibet: Free European Football Bet Builder

Bettors placing a £10 bet builder on European football on Unibet can qualify for a £5 free bet to use on a football bet builder.

Customers must opt-in on the promotion before placing a £10 pre-match bet builder with three selections or more and odds worth 3/1 or greater. Once your qualifying wager has settled, you’ll receive a £5 free bet builder.

Free bets can be placed on any football bet builder with odds of 3/1 or greater within seven days.

William Hill: Free Football Bet Builder

William Hill are providing new and existing customers with a free football bet builder after placing a qualifying wager online.

Customers that opt-in on the promotion and place an bet builder on football at odds of evens or greater will qualify to receive a free football bet builder.

Bettors must place their qualifying wager before 10pm on May 8th. Free bets are active for up to seven days.

Virgin Bet: Bet £10 Get £10 Champions League

Virgin Bet are offering new and existing customers the chance to claim a free £10 bet for PSG vs Arsenal by betting £10 on Inter vs Barcelona

Customers need to place a £10 bet builder on Inter vs Barcelona with odds of evens or greater before kick-off.

Once your qualifying wager settles, you’ll receive a £10 free bet builder to use on PSG vs Arsenal.

If you decide to engage with any of the online betting sites highlighted on this page, remember to gamble responsibly, even when using free bets.

Data from the UK Gambling Commission suggests that around 0.5 per cent of the UK population could be considered as experiencing problem gambling (though some studies estimate this number could be up to eight times higher).

Betting can add further enjoyment to watching sporting events but there are certainly no guarantees you’ll make money out of it.

When betting, always assume you’ll lose and therefore, only bet what you can afford to lose.

The same applies if you’re using casino sites , slot sites , poker sites or any other form of gambling.

Make sure you use the responsible gambling tools offered by betting companies such as deposit limits, reality checks, loss limits and time outs. These can stop gambling from getting out of hand.

If you have gambling-related concerns, then seek independent help. There are several UK charities and institutions that offer support, advice and information, with a few listed below:

Unusual betting patterns can indicate manipulation so staying informed about which sports are most at risk helps protect not only your betting activity but also the integrity of sport.

The bar chart below highlights suspicious betting alerts globally by sport last year and offers a revealing insight into where integrity concerns are most concentrated.

Football topped the list with 75 alerts in 2024, accounting for over a third of all suspicious activity worldwide.

Tennis followed closely with 58 alerts, continuing its trend as one of the most targeted sports for match-fixing, particularly at lower levels where monitoring is less robust.

Interestingly, table tennis (36 alerts) and eSports (32 alerts) have emerged as increasingly vulnerable sports, possibly due to their recent boosts in popularity and relatively fragmented regulation.

Even less mainstream disciplines like bowls, greyhound racing and padel registered alerts in 2024, suggesting that no sport is entirely immune from betting manipulation.

For sports bettors, this data collected by IBIA is important. It highlights the significance of only placing bets through regulated bookmakers who are part of integrity monitoring networks such as IBIA.

On this page, we’ve picked some of our favourite free bets and we only recommend betting sites that are regulated by the UK Gambling Commission (UKGC), ensuring that users can enjoy a safe betting experience.

There are plenty of illegitimate gambling operators and traders out there, so be careful.

For example, in March 2025, the UKGC assisted Staffordshire Police leading to the charge of a 39-year-old man for providing unlicensed gambling.

So the black market threat is still very real, even in a well-regulated market like the UK. If in doubt, check the register of gambling businesses on the UKGC website.

While our recommended free bet offers will be perfect for some people, you should always choose bookmakers who provide free bets that cater to your specific needs.

Make sure you fully read the terms and conditions when signing up so you’re clear on how to qualify for the offers.

We may earn commission from some of the links in this article, but we never allow this to influence our content. This revenue helps to fund journalism across The Independent.

Bet365 Bonus Code

BetVictor Sign Up Offer

Betfred Promo Code

Unibet Bonus Code

BetMGM Sign Up Offer

BoyleSports Sign Up Offer

Betway Sign Up Offer

BetGoodwin Sign Up Offer

Kwiff Sign Up Offer

LiveScoreBet Sign Up Offer

BetUK Sign Up Offer

William Hill Promo Code

Talksport Bet Sign Up Offer

Grosvenor Sign Up Offer

NetBet Sign Up Offer

Tote Sign Up Offer

BzeeBet Sign Up Offer

CopyBet Sign Up Offer

Parimatch Welcome Offer

SpreadEx Sign Up Offer

Betano Sign Up Offer"
Best Betting Sites UK: Top Online Bookmakers Ranked and Reviewed,https://www.independent.co.uk/sport/betting-sites-b2584371.html,,sports,independent,"Betting on sport is a hobby for millions in the UK, but since there are so many betting sites to choose from, it’s not always clear which bookmaker is the right fit for your own preferences.

That’s why we’ve spent the past few months researching the best betting sites who strive to deliver impartial and reliable insights for readers.

Placing a small deposit into a newly opened betting account usually enables punters to access free bets to use on sports of their choice, which helps to get a feel for the bookmaker you’ve just invested in.

Our review of the best betting sites UK punters can find draws on research, experience and first-hand testing to assess each platform’s odds selection, security measures, bonus offerings and more.

By leveraging trusted third-party data and our reporting standards, we endeavour to provide readers with an accurate and up-to-date guide to choosing the right bookmaker.

Rest assured that all of our recommended bookies are fully regulated and licensed by the UK Gambling Commission (UKGC) and we’ve even provided a link to their license number on the UKGC website in the table below.

UKGC Account No.

William Hill

Horse Racing

BoyleSports

In-Play Betting

Free Bet Club

Accumulators

Live Streaming

Bet Builders

The last 20 years have seen Bet365 become the industry leader among football betting sites , while their all-round appeal has led to their popularity with all types of punters.

The Stoke-based firm cater for their customers with innovative markets on all sports, but they are particularly strong on football and recently backed up this commitment by agreeing a three-year deal to become Uefa’s first betting partner for the Champions League .

Bet365’s European football offerings have an abundance of price boosts, early payouts and free-to-play games surrounding the continent’s premier club competition.

The only slight disappointment with Bet365’s football product is that live streaming of Champions League matches is not available.

You can use the Bet365 bonus code INDY2025 to claim a new customer offer which sees players receive £30 in free bets when they deposit and stake £10.

New and existing customers can also take advantage of the Bet365 Super Boost, where odds are bolstered on a particular selection in one of the most popular betting events that day.

Bet365 Pros

Bet365 Cons

✅ High quality live streaming service

⛔ No Champions League streaming despite Uefa partnership

✅ One of the strongest welcome offers going

⛔ Less free bet promotions than a lot of their rivals

✅ Biggest variety of Champions League odds I’ve seen

William Hill is a well-respected, award-winning bookmaker having picked up the award for Best Horse Racing Betting Operator at the 2024 EGR Operator Awards, making them the premier option for racing punters in the UK.

One of the main reasons it’s the best option for racing bettors is because of their best odds guarantee promo for bets placed after 8am online.

It’s a handy concession for early-morning backers and 8am is the earliest BOG commencement time I’ve found.

Like Bet365, Hills offer new customers a sizeable bonus for signing up, with players gifted £30 in bonuses once they register and bet £10 via a mobile device after using the William Hill promo code R30.

The bonus is paid out as three £10 free bets. These can be used as horse racing free bets , but are also available to wager on any other sport, excluding virtual sports.

Not only do they offer healthy bonuses for new customers, but Hills offer regular price boosts with their Epic Boost feature, and they are also a bookmaker that gives away free bets to existing customers for big events like the Cheltenham Festival.

On the negative side, William Hill’s live streaming package is not quite up to scratch compared to some other racing bookmakers, like Bet365, for example, who provide users with access to a large archive of horse races to study.

William Hill Pros

William Hill Cons

✅ Racing Epic Boost promo available on any race

⛔ Live stream service not as good as Bet365

✅ BOG promo begins at 8am daily

⛔ Sign up offer needs to be claimed via mobile device

✅ Daily extra places races

⛔ No free-to-play racing prediction game unlike rival bookies

✅ Sign up offer is valid on horse racing odds

Established by John Boyle in 1982, BoyleSports is one of the best bookmakers available in the UK, especially when it comes to golf betting .

Each-way betting is very popular with golf punters and Boyles allow customers to choose their own terms.

For example, you may want to back Rory McIlroy each-way but you can select six, 10 or 12 places with the odds reflected accordingly.

Boyles also run regular promotions around the majors, most notably their early payout feature whereby you’ll receive a return if your tournament winner pick is the outright leader after three rounds, regardless of the final result.

Away from golf, live streaming of horse racing is available on the BoyleSports site as well as their online betting app and the quality of the stream is excellent.

As are the various promotions and bonuses available to customers which are neatly dotted around the site.

The BoyleSports loyalty programme, called BoyleXtra, provides free bets and exclusive offers as well as prize draws to ensure you get the most out of your time betting with them.

New players can gain £30 in free bets via the BoyleSports sign up offer once they have placed a minimum bet of £10 at odds in excess of evens, while they’ll also throw in £10 credit for their casino sites too. Not only that, new customers get a 25 per cent winnings boost on all Premier League, Champions League and Europa League bet builders.

BoyleSports Pros

BoyleSports Cons

✅ New improved welcome offer

⛔ Live chat customer support not available 24/7 like some rival bookies

✅ Easy-to-use betting app with live streaming available

⛔ In-play statistics not as comprehensive as other betting sites

✅ Lots of promotions for golf and various other sports

Established in 1994, Parimatch has gained a fine reputation for innovation since entering the UK market in recent years, so much so that they’ve become the go-to online bookmaker for big boxing and UFC bouts.

It’s very common for Parimatch to run special welcome offers ahead of big fights, usually in the form of a ludicrously large price boost on either fighter to win.

For example, in the recent rematch between Oleksandr Usyk and Tyson Fury, new customers could pick their winner at odds of 50/1.

They do similar offers for UFC betting and big Premier League games too. The only downside is that such offers are usually restricted to new customers only.

Meanwhile, Parimatch is known to be one of the safest betting sites for responsible gambling, with their current CEO Sergey Portnov a former ‘Leader of the Year’ winner at the prestigious SBC Awards, thanks to his commitment to maintaining ethical practices.

New customers can currently gain a welcome bonus of £20 in free bets, but if the terms and conditions don’t suit you there are various other Parimatch sign up offers under their offers tab.

Parimatch Pros

Parimatch Cons

✅ Wide variety of sign up offers

⛔ The best offers are reserved for new customers

✅ Genuine enthusiasm for responsible gambling

⛔ T&Cs not always the clearest on welcome promos

✅ Unique promotions for boxing betting

Launched online in 1999, Unibet has a long history of award-winning bookmaking.

During the noughties, they were recognised as the European Sportsbook of the Year in 2006 , 2008 and 2009 by the international magazine Egaming Review, while they were also crowned Sportsbook Operator of the Year at the 2014 IGA Awards.

Today, they rank among the best betting sites across all of Europe and in particular the UK where they have really improved their offers on horse racing, football and cricket betting .

For cricket, Unibet offer a range of promotions for major events such as the IPL and The Hundred, while they also offer live cricket streaming for select events on Unibet TV.

The standard Unibet sign up offer provides new players with £40 in bonuses if they deposit and bet £10, but £20 of this credit is a casino bonus which may not appeal to every punter.

Unibet Pros

Unibet Cons

✅ Choice of sign-up offers

⛔ Main sign-up offer restricts 50% of bonus funds to casino

✅ Excellent in-play betting experience with numerous live streaming events

⛔ App could be improved when compared with other UK bookies

✅ Multi-award winning sportsbook

BetMGM is undoubtedly one of the best new betting sites in the UK having begun their journey into the British gambling market in 2023.

Arriving with a reputation as one of the best casino sites and sports betting operators in the US, BetMGM have made giant strides in the UK in the last 18 months, aggressively marketing their horse racing and in-play products in particular.

You’ll find a vast selection of in-play options, from the most popular sports to bet on such as football and tennis, to niche betting events in eSports and table tennis.

The data available to punters when live betting on tennis is particularly impressive, with real-time stats and head-to-head records, plus winning first serve and break point conversion percentages all updated by the minute.

The BetMGM sign up offer provides new customers with £40 in free bets once you sign up and bet £10.

It comes in the form of four £10 tokens that are free to use across several different sports and features, namely football, racing and bet builders.

For existing customers, the best promotions are centred around odds boosts such as Golden Silks, which is their daily boosts on horse racing, and golden acca which is a profit boost for football accumulators.

BetMGM Pros

BetMGM Cons

✅ Valuable welcome offer valid on multiple sports

⛔ Not the fastest for processing withdrawals

✅ Top quality in-play betting product

⛔ Not as many ongoing promotions as rival bookies

✅ Golden Goals promo gives customers a chance to win £1m

Betway are one of the most recognisable bookmakers in the country given their huge sponsorship presence in any number of sports, but predominantly football.

The simplicity of Betway’s Free Bet Club makes it stand out as the best loyalty promotion among the best UK betting sites.

Moreover, you don’t have to stake a huge amount in order to qualify for the weekly free bets, unlike some bookies out there.

With the Betway Free Bet Club, punters who bet £25 per week on sports multiples – either accumulators or bet builders with three or more selections – will be rewarded with £10 in free bets (two £5 tokens).

All you have to do is opt in via the Betway promotions page and meet the qualifying terms week to week to collect your free bets.

The current Betway sign up offer is a £30 matched bet plus 100 free spins on their casino, but those on a lower budget can choose a bet £10 get £10 alternative offer via the link above.

Betway Pros

Betway Cons

✅ Best Free Bet Club on the market

⛔Offers and promotions hidden away

✅ Very good betting app with live streaming

⛔ Website not easy to navigate compared to the app

✅ Great for multis with bet builder and acca insurance

Betfred have been a leading bookmaker in the UK since the 1960s and, after accumulating a large number of high street betting shops since the turn of the century, have since embraced the move to the online betting market.

New customers can enter a Betfred promo code then bet £10 to get a £50 welcome bonus, which includes two free £10 accumulator bets, while the remaining three £10 tokens can be used on any sports betting markets.

There’s no doubt this welcome offer is up there with the best of them, but once you move past the newcomer stage there’s lots of ongoing promotions to take advantage of.

This includes Acca Flex whereby you can receive a bonus on your football accumulator winnings, or cash back if your multi only fails by one result.

There are similar offerings for racing fans too, with 10% bonus funds added to winning Tricasts, Lucky15s and Yankees for example.

The same bonuses can also be collected for winning greyhound accumulators.

As well as several accumulator promotions, Betfred’s punters can earn sizeable profit boosts with Goal Fever, Double Delight and Hat-Trick Heaven, among other solid football bonuses.

Darts, rugby and NFL are all catered for too with ongoing bonus offers found under the promotions tab.

Betfred Pros

Betfred Cons

✅ One of the best sign-up offers on the market

⛔ Only 7 days in which to use the £50 bonus funds

✅ Accumulator promos available on several sports

⛔ Multis must have 5+ results to qualify for Acca Flex promo

✅ No wagering requirements on free bet offers

⛔ Bet builders are not eligible for cash out

The BetVictor sign up offer may not be as appealing as some of their competitors, but players who sign up have access to a multitude of unique sports betting markets, with a strong focus on football and horse racing in particular.

BetVictor boast a really good live betting platform and have an excellent user-friendly app and website which gives bettors access to their high-quality live streaming service.

This will appeal to horse racing fans in particular, as BetVictor stream live racing from the UK, Ireland, France, USA, South Africa and the UAE.

All you need is a positive betting balance in your account, or you’ll also have access if you’ve placed a bet within the last 24 hours.

However, be aware that if you plan to unlock a live stream by placing a bet, only outright markets will qualify and promotions such as price boosts for example are ineligible.

Therefore, the simplest route to accessing live streams is to have some funds resting in your account.

Regular racing offers for new and existing customers – including price boosts, lucky dips, BOG and daily specials – make them one of the best horse racing betting sites in the UK.

As alluded to above, the current BetVictor welcome offer may not be to everyone’s taste.

It’s a bet £20 get £40 in bonuses offer, but £20 of the bonus funds are reserved for casino activity and can’t even be used on their online slots .

BetVictor Pros

BetVictor Cons

✅ High-quality live streaming service on desktop and app

⛔ 50% of welcome bonus restricted to casino

✅ Only a funded account needed to access streams

⛔£20 deposit required for sign up offer, more than most other sites

✅ One of the top racing betting sites in UK

⛔Only outright bets will unlock live streams

NetBet’s rise to prominence in the UK betting market is down to their dedication to bet builders, which are a relatively recent phenomenon in the bookmaking industry.

Bet builders enable punters to pick and choose several potential outcomes within one game and combine them on one slip at accrued odds.

It’s similar to an accumulator except the focus is usually on one specific match, although the best bet builder sites will allow you to combine selections across multiple matches and even multiple sports.

NetBet is one such bookmaker. They pride themselves on their bet builder product and boast one of the largest lists of sports on which bet builders are permitted.

Many betting sites restrict their bet builders to just football, but on NetBet you can choose football, cricket, basketball, American football, ice hockey, baseball, rugby and AFL.

Even NetBet’s promotions page is dominated by bet builder offers, with football punters often rewarded with a free £5 bet just for placing a £10 bet builder on a specific game, while similar offers are commonplace during the NFL season.

The NetBet sign up offer is bet builder-centric with punters getting a £10 free bet builder bet and 25 no wagering free spins when they bet £10 or more on any sport at odds of evens or greater after registration.

NetBet Pros

NetBet Cons

✅ Ideal sign-up offer for bet builder fans

⛔ Welcome offer not as lucrative as others

✅ Lots of ongoing bet builder promos

⛔ Verifying account process can be slow

✅ Wide range of sports permitted for bet builders

⛔ The withdrawal process could be quicker

We also keep an eye out for new betting sites making waves in the UK market and a select few can hold their own when compared with the biggest brands.

We’ve been testing the newest UK bookmakers to find the best options for football, horse racing, free bets, price boosts, accumulators and more. Here’s what stood out:

New Betting Site

UKGC License

Horse Racing

LiveScore Bet

Talksport Bet

Price Boosts

Accumulators

Bet Builders

Sign Up Offers

Planet Sport Bet

Betting Tips

Fast Withdrawals

CopyBet’s unique selling point is that it allows you to follow and copy the bets of sports betting tipsters, giving you the opportunity to benefit from their knowledge. However, there’s a lot more to it than just being a platform to follow tips, and they have built one of the best football betting sites in the UK.

The CopyBet sign up offer gives new users £60 in free bets, the joint-largest quantity of free bets available at any licensed UK betting sites, with £40 of those free bets eligible to be wagered on football.

CopyBet will regularly boost the odds of several selections for big football games, while their acca boost promotion is far more achievable than some accumulator betting sites offer with a winning double landing a 5 per cent boost, up to a 20 profit boost for successful fivefolds.

There’s also the chance to win a £50 free bet or your favourite football team’s shirt with their weekly free-to-play score prediction game.

CopyBet strikes me as being a fair betting site with the way they structure their offers. There are elements I’d like to see improved, such as cleaner sportsbook pages, but football bettors should find plenty to like.

CopyBet Pros

CopyBet Cons

✅ Large amount of football free bets available with sign up offer

⛔ Confusing sportsbook layout

✅ Free-to-play score prediction game

✅ Competitive football betting odds and offers

BetGoodwin focuses on horse racing, and their promotions reflect that, including the BetGoodwin welcome offer of 50 per cent back on your first day losses (up to £25).

They have the biggest range of money back racing offers of any betting sites with punters able to recover up to £100, credited as free bets, should their selection finish second to a 50/1 shot or bigger, be beaten by a nose, lose by under half a length in a chase or fall when leading at the last obstacle.

The first past the post promotion is another nice touch from BetGoodwin, meaning they’ll pay out the initial result of a race and the official result should they differ.

BetGoodwin’s best odds guaranteed promo is only active from 10am on race day, which is later than some betting sites, but it does cover all UK and Irish races, as well as greyhound racing.

BetGoodwin Pros

BetGoodwin Cons

✅ Various £100 free bet racing offers

⛔ Sign-up offer only applies to first-day bets

✅ Best Odds Guaranteed (BOG)

LiveScore Bet is the perfect new bookmaker for those who get their kicks out of free bets.

The LiveScore Bet sign up offer provides £30 in free bets after a first deposit and bet of £10, while ongoing promotions include refunds for losing bets on Saturday’s early Premier League game and selected horse races.

As a regular acca bettor, I took full advantage of the weekly free £5 acca bet up for grabs on LiveScore Bet. Just opt in and place four or more acca bets, wagering a minimum of £5 on each, to claim the reward.

LiveScore Bet Pros

LiveScoreBet Cons

✅ Regular free bet offers on football and racing

⛔ Fewer markets than some other new bookies

✅ Weekly free bets via acca club

✅ Early payout and accumulator insurance on football bets

TalkSport Bet, which launched in 2022, offers tons of price boosts across multiple sports, but none more so than football.

Their Lucky Dip tool adds an extra element of fun, giving random enhanced odds on selected bets.

If you aren’t a customer already, there are regular special Talksport Bet sign up offers to choose from. Recently, they’ve run sign up offers tied to the Cheltenham Festival, Champions League and Chris Eubank Jr vs Conor Benn fight.

TalkSport Bet Pros

TalkSport Bet Cons

✅ Daily boosted odds

⛔ Live betting odds could be sharper

✅ Good selection of permanent free bet offers

✅ Regular special sign up offers

QuinnBet has a plethora of accumulator and system bet offers, with bettors able to get a free £5 bet every day by wagering £50 or more on accas (3+ selections), horse racing Yankees, Lucky 15s or bet builders.

There’s also a boost for winning accas and yankees, while QuinnBet offer accumulator insurance on NBA and NFL parlays where one leg lets you down.

QuinnBet Pros

QuinnBet Cons

✅ Great selection of accumulator offers

⛔ Large stakes required to unlock free bets

✅ Horse racing bettors well catered for

✅ Excellent customer service team

Every online bookmaker now has a bet builder tool, but the best betting sites are the ones that have built on the original concept.

Bzeebet allows punters to put together bet builders for Australian Rules, American football, baseball, basketball, cricket, ice hockey, rugby league, rugby union, football and tennis, way more sports than the average betting site.

They also allow you to combine up to 30 markets from one event into a single bet. But more than the range of markets and sports is the ease with which bettors can construct their bet builders.

If a bet builder is available for an event on Bzeebet, there will be a tab at the top of the page. From there, it’s just a matter of combining the selections you want into a single bet.

Bzeebet can certainly do more to raise their stock among betting sites with the Bzeebet welcome offer and their range of promotions areas to improve on. But when it comes to bet builders, they are doing something right.

Bzeebet Pros

Bzeebet Cons

✅Simple and expansive bet builder tool

⛔Lack of offers for existing customers

✅Regular bet boosts on a range of sports

Sam Turner, the Independent's racing correspondent, is a seasoned horse racing journalist and broadcaster with over three decades of experience, including stints at the BBC and Adiyat Racing Plus, the UAE’s leading weekly racing magazine.

Having spent 17 years as the Daily Mail’s lead betting tipster, he has learned a thing or two about bookmakers over the years and has a proven record of successful tipping too, having won the Racing Post’s National Press Challenge award five times and been runner-up on four occasions.

Now that we’ve established the top 10 betting sites and the best new bookmakers, we’d like to provide some advice on what you should consider before choosing the bookie that appeals most to you.

Modern betting sites offer various banking methods beyond debit cards and bank transfers.

PayPal betting is a top choice for secure, fast transactions, while Apple Pay and Google Pay are gaining traction.

E-wallets like Skrill and Neteller allow deposits without sharing banking details, and options like Trustly and Paysafecard offer added privacy.

Before signing up, check if the bookmaker supports your preferred payment method, as withdrawal speeds and deposit limits vary.

A betting app or website should be smooth and easy to navigate. Before registering, explore the bookmaker’s site to see if finding the odds and markets you’re interested in is straightforward.

If you're using betting apps , a quick download will show how much storage it requires and whether it offers a seamless experience.

Page load speeds and clear menus are crucial – if a bookmaker’s platform is frustrating, take your bets elsewhere.

Reliable customer support is essential. Test a bookmaker’s live chat with a simple query to gauge response times and service quality. Emailing with a general question can also indicate efficiency.

If a bookie lacks live chat or email support, consider whether they prioritise customer service.

Delays in accessing funds or resolving issues can be frustrating, so choosing a bookmaker with prompt, helpful support is a must.

Not all betting sites offer features like live streaming, in-play betting, bet builders or cash out. If these are important to you, confirm their availability before joining.

For example, if you enjoy bet builders, ensure they cover your favourite sport.

When in doubt, visit the bookmaker’s help section or ask customer support directly – this also gives insight into their responsiveness.

All UK-licensed bookmakers must provide responsible gambling tools, but quality varies.

Self-exclusion, deposit limits and time-out options help players stay in control. Even if gambling feels manageable now, personal circumstances can change.

Before signing up, check what safeguards are in place – choosing a bookmaker with strong responsible gambling features ensures you’re protected, whatever the future holds.

Selecting the best betting sites involves examining all the key features of an online bookmaker. We test every key feature of a betting site, on both desktop and mobile, to ensure only the best make our list. Here's what we prioritise:

All recommended betting sites hold a licence from the UK Gambling Commission (UKGC). This guarantees fair play, secure transactions, and strong player protection measures.

We make our own decision about a betting site, but that doesn’t mean we don’t consider other punter’s opinons. Reading online user reviews can help us determine a betting site’s credibility. We are also looking for transparency from a bookie, such as clear terms and conditions and a commitment to working with betters to resolve any issues.

We test desktop sites and mobile betting apps for ease of navigation, fast loading times, and intuitive design. Both platforms should offer a trouble-free user experience.

Beyond generous welcome offers, we look for regular promotions such as acca insurance, odds boosts, free bet clubs, and money-back specials across multiple sports, not just football and horse racing.

Safer gambling isn’t a slogan that betting sites can put on their pages. It’s vital that bookmakers operate in a responsible manner and offer tools like deposit limits, time-outs, self-exclusion, and real-time reality checks to help players stay in control.

We’ll discover the identity of our first Champions League finalist today when Inter Milan and Barcelona meet once more in the second leg of their semi-final.

The tie is delicately poised at 3-3 after a thrilling first leg in which Barca came from 2-0 down to level the tie ahead of tonight’s clash at the San Siro.

It’s also the start of the Scottish Premiership play-offs this evening with former Celtic team mates Mark Wilson and Scott Brown in opposite dugouts. Brown’s Ayr United finished eight points ahead of Patrick in the table and enter the tie as favourites.

Rome is the next stop in the clay court season for the stars of the ATP and WTA with the women’s singles getting underway today.

Iga Swiatek enters as the tournament favourite, bidding to win this title for the fourth time in five years, but has looked out of sorts of late on her favourite surface.

Today’s IPL contest features two play-off hopefuls in the Mumbai Indians and Gujarat Titans, with both having the chance to go level with the table-topping Royal Challengers with a win.

In the NBA play-offs, the Indiana Pacers have the chance to take a 2-0 lead in their seres against the Cleveland Cavaliers, while the Minnesota Timberwolves and Golden State Warriors open up their series in the Western Conference.

Given the large-scale advertising around sporting events, you would be forgiven for thinking that online sports betting dominates the UK gambling industry, but recent data from the UK Gambling Commission confirms otherwise.

The UKGC’s 2024 survey data revealed that 48% of UK adults surveyed had gambled in the previous four weeks, but lottery (32%) and scratchcard activity (14%) made up a large proportion of that figure.

Among UK adults, 9% reported placing a bet during that time, making betting a significant but smaller component of overall gambling activity compared to those who only gamble on lotteries (21%).

A closer look at the sports betting data reveals 8% had put a physical bet on in the previous four weeks, while 6% of those surveyed had placed a bet online.

The bar chart above highlights key trends in UK gambling participation.

A key takeaway from this UKGC data is that in-person betting remains slightly more common than online betting, with bookmaker shops and racetrack activity still holding their own in the industry.

While traditional betting venues still attract a slightly larger volume of activity, the small gap between online and in-person betting is likely to shift towards digital platforms as betting sites and apps offer greater convenience, more competitive odds and better promotions.

A report by market intelligence platform Yield Sec found that more and more bettors are wagering on crypto betting sites, who have seen their revenue increase by billions of dollars a year.

This is despite the fact that crypto sports betting is prohibited in many countries, including the UK.

Crypto gambling sites are blocked in the UK and betting sites are banned from accepting any form of cryptocurrency deposits by the UK Gambling Commission.

Bettors are strongly advised not to use any crypto betting sites, which are unregulated and therefore don’t offer the same protection punters receive from licensed UK betting sites.

Before using gambling sites , it’s crucial to understand the risks that come with problem gambling.

The latest Gambling Survey for Great Britain (GSGB) highlights embarrassment, conflict, and stress-related health issues as common consequences of excessive gambling.

It's important to stick to a few tried and tested principles when betting online. Never bet more than you can afford to lose, never chase any losses and when the fun stops, stop.

The best betting sites UK provide punters with safer gambling tools to help them remain in control of their betting. Make sure you know how to use tools, such as deposit limit, time outs and self exclusion.

Responsible gambling should always be a priority – if you need help, seek support from a trusted organisation such as:

We’ve highlighted our top 10 betting sites in the UK, but the best bookmaker ultimately depends on your personal preferences.

While our recommendations are based on thorough research, you should choose a site that meets your needs.

Every betting site featured here is UKGC-licensed, ensuring fair play and consumer protection.

If you decide to sign up for any, always gamble responsibly and stay in control of your betting.

We may earn commission from some of the links in this article, but we never allow this to influence our content. This revenue helps to fund journalism across The Independent."
"Trump helped get controversial QB drafted, Karoline Leavitt claims",https://www.independent.co.uk/news/world/americas/us-politics/trump-shedeur-sanders-nfl-draft-b2741371.html,,sports,independent,"President Donald Trump deserves the credit for rookie college quarterback Shedeur Sanders finally finding a team in this year’s NFL Draft , White House Press Secretary Karoline Leavitt claimed on Monday.

That’s despite 112 players being drafted between the first round ending and the player finding a new home.

Sanders, 23, was widely expected to be among the first players to be picked up by a pro team. But surprisingly, he had to wait until the fifth round of acquisitions before receiving a call-up from the Cleveland Browns , becoming just the 144th player to be selected overall and having to watch five others in his position go before him.

After his shock snub on Thursday, Trump vented his frustration on the players’s behalf the following day.

“What is wrong with NFL owners, are they STUPID?” he fumed on Truth Social . “Deion Sanders was a great college football player, and was even greater in the NFL. He’s also a very good coach, streetwise and smart!

“Therefore, Shedeur, his quarterback son, has PHENOMENAL GENES, and is all set for Greatness. He should be ‘picked’ IMMEDIATELY by a team that wants to WIN. Good luck Shedeur, and say hello to your wonderful father!”

With the Texan finally securing a spot with the Browns on Saturday, Fox News’s Peter Doocy asked Leavitt during Monday’s briefing whether Trump’s intervention had made the difference.

“Hey, what I will say is the president put out a statement, and a few rounds later, he was drafted,” she responded. “So I think the facts speak for themselves on that one, Peter.”

As Trump pointed out, Sanders is the son of Pro Football Hall of Famer Deoin Sanders, 57, a legendary cornerback, influential personality in the game and current head coach of the Colorado Buffaloes.

Shedeur began his college career playing under his father for the Jackson State Tigers in Mississippi before transferring to Colorado when Deoin took the top coaching role there.

He had been tipped to be among the very first picks for this year’s draft but owners instead showed a reluctance to back him, causing him to slip down the board.

The situation led fans to speculate that the scenario had been devised to “humble” a player who has been accused of displaying an arrogant and entitled attitude and who has already secured a number of lucrative sponsorship deals.

Forced to endure the humiliation of being overlooked at his draft watch party on Thursday evening, Sanders handled the setback with good grace and said : “We all didn’t expect this, of course. I don’t feel like this happened for no reason.

“All this is, of course, fuel to the fire. We all know this shouldn’t have happened. But we understand, we’re on to bigger and better things.”"
Doncic pays to restore defaced mural of Kobe and Gigi Bryant in LA,https://www.independent.co.uk/sport/us-sport/nba/luka-doncic-kobe-bryant-mural-la-lakers-b2742064.html,,sports,independent,"Luka Doncic has stepped up to pay the entire expected cost of restoring a vandalised mural depicting Kobe and Gigi Bryant in downtown Los Angeles.

The Los Angeles Lakers ’ new guard made a $5,000 donation on Tuesday to cover the entire goal of a GoFundMe page created by artist Louie Palsino. He wants to restore the mural, titled “Mambas Forever”, at 14th and Main streets.

“It was always important to give back to the community,” Doncic said after practice at the Lakers’ training complex. “They gave me so much, so I just want to give back.”

The Slovenian superstar joined the Lakers less than three months ago in a blockbuster trade with the Dallas Mavericks. He teamed with LeBron James to lead the Lakers to the Pacific Division title and the No 3 seed in the Western Conference playoffs, but Los Angeles is on the brink of elimination Wednesday night when the Minnesota Timberwolves visit for Game 5 with a 3-1 series lead.

Bryant spent his entire 20-year career with the Lakers, winning five championships and becoming the top scorer in franchise history. After Kobe and Gigi Bryant died in a helicopter crash in January 2020, hundreds of murals and public art projects honoring them sprung up around Southern California."
Sovereignty wins muddy 151st Kentucky Derby over Journalism,https://www.independent.co.uk/sport/us-sport/kentucky-derby-horse-racing-sovereignty-b2744491.html,,sports,independent,"Sovereignty won a muddy Kentucky Derby with the three-year-old colt beating favorite Journalism to secure the 151st running of the race.

The Derby, held in front of a crowd of 147,406 at Louisville’s Churchill Downs racecourse, is the longest continuously held major sporting event in the United States.

It was the second Derby win for trainer Bill Mott. He won his first Derby in 2019 when Country House was elevated to first after Maximum Security crossed the line first but was disqualified after a 22-minute delay.

“This one got there the right way,” the Hall of Fame trainer said. “I mean, he’s done well, he’s a great horse, he comes from a great organization and I can’t say enough about the horse and the organization that started him out and made this happen.”

Sovereignty was bred by Godolphin, the racing stable of Dubai ruler Sheikh Mohammed bin Rashid Al Maktoum.

“I've had quite a long relationship with the Godolphin team and the man behind the Godolphin operation, Sheikh Mohammed,” Mott said. “I'm just honored.”

Sovereignty splashed through 1 1/4 miles in 2:02.31 and paid $17.96 to win at 7-1 odds. He's the record 20th horse with a name starting with “S” to win. The victory was worth $3.1 million from the $5 million purse.

“It's great,” Mott said. “I think it will take a little while to sink in.”

Journalism didn't have the cleanest of trips in the 19-horse field, but rallied to stay in the fight. He found trouble early before jockey Umberto Rispoli swung him outside to get him in the clear. They made a move at the leaders with Sovereignty and jockey Junior Alvarado right behind them.

“He was saying to me, ‘Listen, I’m ready,’ so from there I started picking up,” Alvarado said.

The Associated Press contributed to this article."
Evenepoel’s return to form is exactly what cycling needs,https://www.independent.co.uk/sport/cycling/remco-evenepoel-tadej-pogacar-liege-bastogne-liege-b2740047.html,,sports,independent,"Oh to be a fly on the wall in the peloton when Tadej Pogacar launched his long-range attack at Amstel Gold last Sunday . With more than 40km left to race the rainbow jersey took flight, quickly established a gap, and didn’t look back. The TV viewing figures might tell a similar story, with those bored of the world champion’s dominance switching off when he disappeared up the road. The equivalent of leaving a football match with your team 3-0 down at half-time.

Except Pogacar winning wasn’t a foregone conclusion. Those leaving at half-time, and those accepting their fate in the peloton, reckoned without one man: Remco Evenepoel . The Belgian has been absent since December, when he sustained a litany of fractures and injuries in a nasty crash, doored by a postal van while out training. He still has nerve damage in his shoulder from the accident.

But he has worked his way back to fitness and marked his return with an immediate win at Brabantse Pijl on Friday, outsprinting a bona fide sprinter in countryman Wout van Aert on home roads. The joy on his face at the finish was indicative of the months of gruelling work that went into his recovery – and now it feels like he never left.

Pogacar wasn’t in action then, meaning it took until Evenepoel’s second race day of 2025 for the pair to line up together, at Amstel Gold. Two of the most conspicuous figures in the peloton, Evenepoel with his aero bike position and unmistakable, shiny gold bike and gold helmet, marking out the double Olympic champion; Pogacar in the white skinsuit and rainbow stripes, like a poisonous frog, offering a warning sign to all around him.

That warning was heeded by everyone except Evenepoel as the world champion took off. Almost invariably Pogacar’s long-range attacks flip a switch in the peloton as even the world’s best riders start jostling for position and fighting for second place, even if they don’t admit that bit out loud. It changes the entire dynamic of a race.

But it’s not as if Pogacar is invincible: at last September’s World Championships his 51km solo move clearly took its toll on the UAE Team Emirates-XRG man. A slimmed-down chasing bunch got within a handful of seconds of him in the final kilometres before descending into infighting once again, allowing the Slovenian to take a comfortable win.

It looked as if a similar outcome was on the cards at Amstel Gold, except this time Evenepoel was on form and unwilling to let the race slip up the road. It was Mattias Skjelmose, a young talent and the eventual winner, who made the first move to chase Pogacar, but it was Evenepoel who brought the engine and the drive to the pursuit. The pair bridged across with 8km to go; the unthinkable had happened. Pogacar had been caught.

Evenepoel’s return changes the dynamic in the peloton once again. Pogacar, unused to being caught, now has an equal, or something close to it at least, competing for the same prizes at the remaining Classics . While the first three Monuments of the season and the cobbled Classics served up a duel between Pogacar and Mathieu van der Poel , the story of the Ardennes Classics, and the season’s fourth Monument, Sunday’s Liege-Bastogne-Liege, is of the mano a mano battle between Pogacar and Evenepoel.

And as Van der Poel proved at Milan-San Remo and Paris-Roubaix , there are ways to beat Pogacar. Evenepoel has already demonstrated one of them: his long-range attacks are not guaranteed to succeed.

The aura of invincibility has been shattered. That can only be a good thing for cycling.

Fleche-Wallonne on Wednesday provided another battlefield for the pair, and indicated that Pogacar had had a tactical rethink. The two were never far apart, shadowing each other’s every move, and rather than going long, Pogacar waited until the near-vertical slopes of the aptly named Mur de Huy, the ‘wall’ climb that caps off 205km of racing, to simply motor away from the rest of the bunch as it fell apart. Evenepoel didn’t have the legs to counter; ultimately it was talented French climber Kevin Vauquelin who came closest, with Tom Pidcock rallying for third.

The site of Pogacar’s attack was maybe a little unconventional, slightly further down the ascent than where riders normally launch, but it meant he had enough of a gap before the gradients levelled off and the weaker climbers could chase. It was a finish made for Pogacar – but he may have considered attacking from range, had he not been burned by such a move last Sunday.

So what next? Liege-Bastogne-Liege provides the final instalment in the trilogy of Classic clashes between these two titans. They have two wins apiece, Evenepoel’s double coming in between Pogacar’s victories in 2021 and 2024. Pogacar has the edge on the steepest climbs, while Evenepoel can make up time on the flatter sections.

Psychologically, the playing field is level: Evenepoel has the advantage of knowing he has brought his rival back from the brink of victory before, while Pogacar had the better of him on the Mur de Huy in their most recent clash.

Both have an unshakeable confidence. Evenepoel was bullish after Amstel Gold, saying that he would have won if he hadn’t had extra mileage in his legs from chasing back onto the bunch after an early crash. His combustible nature makes him the perfect foil to Pogacar.

That confidence has been missing from the peloton: a willingness to take the fight to Pogacar, to refuse to settle for second place. Evenepoel’s return is the spark men’s cycling needed. And there are plenty of others who can take advantage, too, as Skjelmose did at Amstel Gold: Pidcock, Ben Healy, Vauquelin.

The stage is set: let battle commence."
Pogacar solos to effortless third win at Liege-Bastogne-Liege,https://www.independent.co.uk/sport/cycling/tadej-pogacar-liege-bastogne-liege-remoc-evenepoel-b2740351.html,,sports,independent,"Tadej Pogacar took his third victory at Liege-Bastogne-Liege, defending his title from last year, with a seemingly effortless solo attack 35km from the finish.

It was a second Monument win for the world champion this season, after victory in the Tour of Flanders earlier this month, and continues another excellent Classics campaign, having also notched wins in Fleche-Wallonne on Wednesday and Strade Bianche in March.

He pointed to the sky as he crossed the line and sported a message reading “For you D” on his bib number, dedicating the win to his partner and fellow cyclist Urska Zigart’s late mother Darja, who died shortly before the race in 2022.

Giulio Ciccone was second, 1min 3secs behind the rainbow jersey, and the Irishman Ben Healy third as the pair contested a two-up sprint for the remaining podium places, with a large group rolling across the line shortly behind them.

The Slovenian, who first won “La Doyenne” – the oldest of cycling’s prestigious Monuments – in 2021, was widely expected to attack on the Cote de La Redoute, a short but steep climb at 8.8 per cent for 1.6km, and stayed true to form with a seated acceleration towards the bottom of the ascent.

“It feels great to finish the first part of the season like this, just happy that the whole season so far went perfectly,” Pogacar said afterwards.

“It actually was not a plan [to attack there] but the pace was so hard before, I saw that a number of teams didn’t have a lot of teammates, so I said I would I test my legs and see if I could get a gap on the top, and then I would decide if I would continue or not. Then I just committed because I had good legs.”

Between them, Pogacar and Dutch great Mathieu van der Poel have now won 13 of the last 15 Monuments, and the Slovenian looks set to beat his tally of two from last year if he defends his four consecutive titles at Il Lombardia in October.

He barely looked to break a sweat with his acceleration on La Redoute but left his rivals scrambling to chase, with none able to follow his move and Remco Evenepoel – winner at last week’s Brabantse Pijl and expected to be one of his closest challengers – caught completely out of position towards the bottom of the bunch.

Tom Pidcock , Ciccone, Healy and the French veteran Julian Alaphilippe looked the best-placed to challenge, but having initially only had a small gap Pogacar extended his advantage on the final two climbs of the 252km race, a hilly, attritional loop through the Belgian hills.

Ciccone and Healy bridged away in a chasing duo with 14km left to race, with the others dropping back to join a large group led by Evenepoel.

The Belgian himself fell away in the closing kilometres, with successive days of hard racing perhaps taking a toll, having only returned to action on Friday after a serious crash in December. He ultimately finished 59th, three minutes down on the winner.

“I think [Pogacar] went so early, normally we kick at the bottom [of La Redoute] and then it settles a bit and then we go again,” Pidcock, who finished ninth, said after the race.

“I think he went so early that no one was able to get their breath [back]. I felt super good and then when we were away I didn’t let myself recover enough and I didn’t have the gas on the Cote de la Roche-aux-Faucons [the final climb], so a bit disappointed about that actually.”"
Giro d’Italia to pay tribute to late Pope with stage start in Vatican,https://www.independent.co.uk/sport/cycling/giro-d-italia-pope-francis-tribute-stage-vatican-city-b2741594.html,,sports,independent,"The final stage of the 2025 Giro d’Italia will be dedicated to the late Pope Francis with organisers planning a special start in the Vatican City .

The Giro has only twice previously passed through the papal enclave despite regular visits to Rome which is in line to host the finish of the three-week race for a third consecutive year.

However the peloton will roll out from the Vatican on 1 June, with riders leaving via Porta del Perugino to commence the stage proper after paying tribute to the late pontiff.

The 88-year-old Pope Francis died on the morning of Easter Monday, with his funeral held last Saturday. A conclave to elect the new leader of the Catholic Church will begin on 7 May.

“Rome will once again offer a spectacular finale for the Giro d’Italia, crossing iconic landmarks known worldwide,” Mauro Vegni, race director of the Giro d’Italia, said. “The start from Vatican City, strongly desired by Pope Francis during the Jubilee Year, adds a special emotional value to this stage, merging sport with spirituality.

“The city circuit, featuring historic and evocative sites like Circus Maximus, Ostia, and the Imperial Forums, will provide riders and spectators with a stunning setting to celebrate the end of the Corsa Rosa. It will be a memorable day, paying tribute to Rome and the message of hope shared by Pope Francis”.

The Giro’s previous two visits to the microstate were in 1974, when it hosted the start of the opening stage, and 2000, when the prologue finished in St Peter’s Square.

The 2025 edition begins with a 160km route from Durres to Tirana, the first of a trio of stages in Albania. Tadej Pogacar, winner of the pink jersey last year, will not defend his title, with Primoz Roglic and Juan Ayuso among the top contenders for general classification success."
Hodgkinson to make injury return at London Diamond League this summer,https://www.independent.co.uk/sport/general/athletics/keely-hodgkinson-injury-return-london-diamond-league-b2743162.html,,sports,independent,"Olympic champion Keely Hodgkinson will make her return from injury to take part in this summer’s London Diamond League meet.

Hodgkinson has fond memories at the event, having set an 800m British record of 1:54.61 last year at the London Stadium before she went on to claim gold at the Olympics in Paris .

The 23-year-old, who has been recovering from a hamstring tear sustained in February , said in a statement from British Athletics : “I remember after last year’s race thinking ‘can we do that all over again?’

“It was such a dream to compete in the (London) Olympic stadium and I’m so excited to get back out there and see what I can do. For me, that race really set me up for what I did in Paris.

“I’m now an Olympic champion which is a pretty amazing thing to say out loud, but I still haven’t won world gold, so I have really big goals this summer.

“Having that crowd behind me in London, plus a bunch of super-quick ladies to race against, will be the best possible preparation as I build towards the World Championships in Tokyo.”

London’s latest Diamond League rendition takes place on July 19, where she will hope to get into good stead ahead of the World Championships, which start on September 13.

Hodgkinson, who also took Olympic silver at Tokyo 2020, has two world silver medals to her name and will be eager to top the podium on her return to the Japanese capital.

Additional reporting from PA Media."
Olympic sprinter Kerley arrested after allegedly hitting ex-girlfriend,https://www.independent.co.uk/sport/general/athletics/fred-kerley-arrested-news-girlfriend-b2744356.html,,sports,independent,"Twice Olympic 100m medallist Fred Kerley has been arrested for allegedly punching hurdler and ex-girlfriend Alaysha Johnson in the face, police said on Friday, and, as a result, he will not compete in the Grand Slam Track event in Miami this weekend.

The alleged incident occurred on Thursday at a hotel where Johnson, who is listed as a competitor in the Miami event, had an appointment with her conditioning coach when she told police she ran into Kerley.

According to the arrest report, Johnson told the officer she was struck one time by Kerley in the face with a closed fist, causing her nose to bleed, after he had become aggressive and continued to approach her.

The report also said Johnson's injuries were ""consistent with her statements"" and that the 29-year-old Kerley was charged with one count of ""battery-touch or strike.""

Reuters has contacted Kerley's representative for comment.

Kerley and Johnson dated for about six months but broke up last October, according to the arrest report.

Kerley, who won a bronze medal in the 100m final at the 2024 Paris Olympics and silver in the same distance at the 2020 Tokyo Games, was scheduled to compete in Miami in the 100m on Saturday and 200m on Sunday.

""Fred Kerley was arrested last night. The matter is under active investigation, and all inquiries should be directed to the Broward County Sheriff's Office,"" Grand Slam Track said in a statement. ""Fred will not compete this weekend. We have no further comment at this time.""

Kerley competed in Grand Slam Track's inaugural meet last month in Kingston, Jamaica.

Grand Slam Track, which will hold four meets in 2025, was created by four-times Olympic gold medallist Michael Johnson.

The circuit is a direct challenge to the Diamond League, long the standard-bearer for the sport worldwide, which hosts 15 meetings each year in cities from Xiamen to Zurich."
Kerr finds form to secure first Grand Slam Track title,https://www.independent.co.uk/sport/general/athletics/grand-slam-track-results-times-josh-kerr-b2744580.html,,sports,independent,"Josh Kerr found form to take his first Grand Slam Track title in Miami after a rocky start to the season as Melissa Jefferson-Wooden dashed to another women’s short sprints success.

The novel circuit continued its second of four meets in its inaugural season at the Ansin Sports Complex, as it bids to upend business-as-usual in track with super-sized purses and an enviable roster of decorated talent.

Athletes in 12 groups - men's and women's short sprints, long sprints, short hurdles, long hurdles, short distance and long distance - compete over two races per meet with the point totals from those runs determining the champion of each group.

The American Jefferson-Wooden won Friday's 100 metres and took third in Saturday's 200m in a personal best 22.15 seconds for 18 total points, edging out her Paris relay teammate Gabby Thomas (17), who finished second in the standings.

The 1500m world champion Kerr won his signature event on Friday and finished fifth in Saturday's 800m in a personal best 1:45.01 for 16 points, two points clear of Canadian Marco Arop.

""These are going to be awesome shows that we're doing,"" said Kerr, who leaves Miami $100,000 (£75,000) richer after finishing a dismal seventh in Kingston last month.

""If I keep progressing the way I am, then I can come away with two more slams this year and be really proud.""

The Michael Johnson -fronted startup saw plenty of empty seats in its Kingston debut but an enthusiastic Miami crowd showed up on Saturday, as world record holder Sydney McLaughlin-Levrone breezed to a 52.07 win in the 400m hurdles.

Jamaican Ackera Nugent won the women's short hurdles group with 18 points after she broke the tape in the 100m flat in 11.09, equaling her personal best.

Olympic gold medalist Masai Russell, who ran the second-fastest time ever in the 100m hurdles on Friday, an astonishing 12.17, finished second overall in the group standings after finishing fourth (11.40) in the flat event.

Jereem Richards from Trinidad and Tobago clinched the men's long sprints group with 20 points as he followed up Friday's speedy 19.86 win in the 200m with a second-place finish in the 400m in 44.32."
Records tumble at Zurich Classic as McIlroy and Lowry make solid start,https://www.independent.co.uk/sport/golf/zurich-classic-pga-tour-leaderboard-rory-mcilroy-shane-lowry-b2739287.html,,sports,independent,"Records tumbled on Thursday as the team of Isaiah Salinda and Kevin Velo took the opening round lead at the Zurich Classic of New Orleans with a score of 14-under 58.

The duo eclipsed Rasmus Hojgaard and Nicolai Hojgaard for the lead about an hour after the brothers tied the fourball scoring record with a 13-under 59.

Defending champions Shane Lowry and Rory McIlroy opened with an eight under 64, despite McIlroy spending the preceding week battling illness.

Lowry got off to a flying start on the back nine with three birdies in their first four holes, with Masters champion McIlroy eventually adding a birdie on the first and an eagle on the second.

Speaking after the round, McIlroy said: “Shane got off to a really good start. I didn’t do anything.

“Shane joked I could have got a couple extra hours in bed if I wanted to. I played a bit better coming in. It was okay.

“We felt like we left a few shots out there, but we were just saying the two foursomes days on Friday and Sunday here are the important days in this tournament, and it’s important for us to obviously post a good score tomorrow.”

The reigning champions have never defended their title at the Zurich Classic, the PGA Tour ’s team event."
Saigo claims Chevron Championship after costly error from Jutanugarn,https://www.independent.co.uk/sport/golf/chevron-championship-leaderboard-mao-saigo-ariya-jutanugarn-lpga-b2740664.html,,sports,independent,"Japan's Mao Saigo took advantage of a last-hole error from Ariya Jutanugarn to win her first major title at The Chevron Championship.

Saigo birdied the 18th for the second time in quick succession to win a five-person play-off, after Jutanugarn had opened the door with a bogey on the same hole.

Leading by one on the last, the Thai golfer's third shot from the rough at the back of the green travelled just a few inches as she fluffed a rushed chip, and she could not save par.

The error dropped her to seven-under-par alongside Saigo and South Korea's Hyo Joo Kim, Ruoning Yin of China and American Lindy Duncan both making a birdie on the par-five final hole to force their way into the play-off.

Saigo, the LPGA rookie of the year last season, holed a three-foot birdie putt on the first play-off hole, Yin and Jutanugarn narrowly missing their birdie attempts to extend the contest.

It was was first LPGA Tour win for Saigo, who had earlier carded a final round 74 as she mixed five bogeys with three birdies, the last of them on the 18th to regain a share of the lead.

An eagle on the fourth had helped lift Jutanugarn into the lead, but she dropped shots on the ninth and the 13th before her final error at the last.

England's Georgia Hall closed with a 74 to finish on one-over-par in a tie for 28th."
"Trump Turnberry decision up to Open organisers, says Downing Street",https://www.independent.co.uk/sport/golf/downing-street-donald-trump-prime-minister-keir-starmer-whitehall-b2741521.html,,sports,independent,"Downing Street says the hosting of the Open is a matter for the organisers amid claims US President Donald Trump has made repeated requests to Sir Keir Starmer for the 2028 event to be held at his Turnberry course.

The Prime Minister’s official spokesman did not deny that Whitehall officials had been in contact with the R&A, which organises the Open, about hosting the tournament at Trump Turnberry, but said it was independent of Government.

He said: “I wouldn’t get into specific conversations but it’s for sporting bodies to make decisions on tournament venues, not the Government.

“Obviously the Government is in regular contact with sporting bodies on tournaments in the usual way but not beyond that.”

He added: “It’s clearly right and proper and usual for Government to engage with organisers of major sporting events as part of the business of Government, but in terms of decisions around tournament hosting venues, that is for the relevant sporting bodies to take decisions on.”

Asked whether Trump had raised using Turnberry, which last hosted the Open in 2009, for the 2028 event in conversation with the Prime Minister , he said: “I’m not going to go beyond the readouts that you’ve got on their conversations.

“But the point is that decisions on tournament venues are rightly a matter for the relevant sporting bodies.”

A spokesman for the R&A said: “We regularly engage with Government and local government regarding venues.

“We have explained the logistical challenges around Turnberry to the Government and they are aware of the position.”

Road and rail access, along with accommodation, are understood to be the challenges of staging the Open at Turnberry.

In 2009 there were 120,000 fans in attendance, but more than double that – 278,000 – are set to attend this year’s event at Royal Portrush."
Scheffler takes two-shot lead in opening round of Byron Nelson,https://www.independent.co.uk/sport/golf/scottie-scheffler-byron-nelson-philippines-venezuelan-nelson-b2743471.html,,sports,independent,"World number one Scottie Scheffler shot an opening 61 as he opened a two-stroke lead at The CJ Cup Byron Nelson tournament in Texas.

Scheffler eagled the ninth to go out in 29 after four consecutive birdies from the third. He added three birdies coming home, including the last two holes as he reached 10-under-par.

The American leads from Rico Hoey of the Philippines and Venezuelan Jhonattan Vegas with Texan Cameron Champ, who was a late replacement following Gary Woodland’s withdrawal, among a large group on seven-under-par.

“I played nice today,” Scheffler said. “Had the good front nine and was able to put together a solid back nine as well.

“I hit some good shots to start the round, gave myself some looks, and was able to capitalise with a good iron shot on three and hit another iron shot on four. I kept hitting fairways and greens.”

Scheffler won nine times last season, including a second Masters title and a gold medal in the Paris Olympics, but has yet to taste victory in 2025 after missing the start of the season due to surgery on a hand injury suffered while preparing Christmas dinner.

“There is three more days of the tournament. I’m just focused on going home, getting some rest, and getting ready for tomorrow,” he said."
Trump is desperate to host the Open – but faces one big handicap,https://www.independent.co.uk/sport/golf/trump-the-open-turnberry-2028-starmer-r-a-b2743752.html,,sports,independent,"T here are some entertaining tales of Donald Trump’s cheating on the golf course. Samuel L Jackson tells a story of playing with the US president at Trump National in New Jersey and watching Trump’s ball hook into a lake with a splash, only for his caddie to mysteriously discover it safely on dry land. The American sportswriter Rick Reilly published a book on the subject – Commander in Cheat – in which he wrote: “At Winged Foot, where Trump is a member, the caddies got so used to seeing him kick his ball back onto the fairway they came up with a nickname for him: Pele.”

Whether or not Trump lies about his score and falsely claims to have won tournaments he didn’t win – he vehemently denies all – what cannot be in doubt is his passion for the game. He played an estimated 261 rounds of golf during his first presidency, according to The Washington Post , spending the equivalent of nearly nine months of his four-year term on the course.

The sport has become entwined in his political life. Finnish president Alexander Stubb spent several hours playing with Trump at Mar-a-Lago and came away with a bumper economic deal, including the lucrative sale of icebreaker ships to the US. Golf might be the diplomatic channel through which Trump is most susceptible to persuasion.

So perhaps we shouldn’t have been surprised by reports this week that Keir Starmer is trying to leverage the game for British gain. Ever since buying Turnberry in 2014, Trump has been desperate for The Open Championship to return to the Scottish course, where it has been staged four times over the past 50 years but not since 2009. Such is the US president’s love of golf that the UK government believes holding the prestigious tournament on Trump property could help smooth any wrinkles in talks over an economic deal in the coming months.

Turnberry sits on a stunning slice of rugged Ayrshire coastline, with a championship course which dates back more than a century wrapping around the imposing white-walled hotel which looks out over the Firth of Clyde. The views from the elevated sixth tee are breathtaking and it has laid the stage for some golfing history, most famously when Jack Nicklaus and Tom Watson battled for the Claret Jug in 1977, which later became the subject of a documentary titled Duel in the Sun .

When Trump bought the course he was not yet president, still just an eccentric real estate mogul, egotistical and brash but perceived as relatively harmless. The greatest concern was that he might do something vulgar like replacing Turnberry’s famous lighthouse with a statue of himself.

Instead Trump vowed to respect the history of the course and heaped praise on the R&A, which organises The Open. In response, the R&A sounded positive noises about Trump’s $200m investment in the historic site and hinted that Turnberry was overdue the right to host.

Sport has long been wielded as a tool of soft power in politics, stretching back to the dawn of the Olympic Games when Greece showed off its sporting prowess in the face of neighbouring countries. Adolf Hitler used the 1936 Olympics to promote Germany’s image and hide Nazi horrors, while Vladimir Putin used the 2014 Winter Olympics in Sochi as cover to invade Crimea during his own Games.

Trump has already been gifted two of sport’s greatest jewels to buff his fragile ego during his second term. The 2026 World Cup will be shared with old friends Mexico and Canada, although the majority of matches – including the final – will be played in the United States. The 2028 LA Olympics follows two years later, and Trump will no doubt hijack both events for his own ends.

But The Open offers something different, something more subtle than a grand show of global power. Golf’s long history and tradition gives Trump a veneer of respectability that can’t be found in the casinos of Atlantic City, and there is no greater tradition than The Open, first played in 1860. The clue is in the name R&A – Royal and Ancient – and it is much the same reason Trump likes rubbing shoulders with the Royal Family.

Trump’s sons Eric and Donald Jr run the money-losing SLC Turnberry which manages the course, and in return for being gifted the right to host, they have promised “the greatest Open of all time”. But the reality of staging it at Turnberry is more complicated.

The tournament is a vital money-spinner for the R&A and in recent years it has sold a quarter of a million tickets over The Open week. That number of spectators would make Turnberry creak, not just in its on-course infrastructure but due to the lack of suitable transport links and accommodation in the local area. The last time The Open was held there it received less than half the fans the R&A would expect now.

The other problem is Trump himself. Last month red paint was daubed across the Turnberry Hotel’s white walls by pro-Palestinian protesters, one of many protests to have taken place on the property during his presidency. Trump’s presence would loom large over the event and golf would no doubt be lost in the shadows.

The previous R&A chief executive, Martin Slumbers, said in the wake of the 2021 attack on the US Capitol that The Open would not return to Turnberry “until we are convinced the focus will be on the Championship, the players and the course itself, and we do not believe that is achievable in the current circumstances”. But his successor Mark Darbon has sounded more positive notes, saying he “would love” to see The Open back there one day. After enquiries from the UK government, the R&A is now conducting a feasibility study into whether Turnberry could play host to The Open in 2028.

Ultimately it is the R&A’s decision , and money may talk louder than politics. The government insists it is not trying to twist arms here, but in its efforts to woo Trump it has a genuine ace card in The Open, a prize that touches the president personally, and few leaders around the world can say that. Meanwhile Trump will continue to drop not-so-subtle hints, pulling at the willing lever that is the UK prime minister. This is one round of golf he would dearly love to fix."
Supreme Scheffler equals PGA Tour record to claim first win of 2025,https://www.independent.co.uk/sport/golf/pga-tour-leaderboard-scottie-scheffler-byron-nelson-record-b2744914.html,,sports,independent,"Scottie Scheffler equalled the PGA Tour ’s lowest 72-hole total as he eased to an eight-stroke victory at the CJ Cup Byron Nelson tournament.

The world No 1, who set the pace throughout after an opening 61 , closed with a 63 to finish on 31-under-par 253 – matching the record held by Justin Thomas and Ludvig Aberg.

He was on course to beat the record, but bogeyed the 17th hole after a poor chip and missed an eight-foot birdie putt at the last.

Scheffler had five birdies and an eagle on his front nine as his lead never got below six shots during the final round.

The cushion finished as it started at eight with South Africa’s Erik van Rooyen also shooting a 63 to be the only player within 10 shots.

Fellow American Sam Stevens was three strokes back in third with Jordan Spieth jumping through the field to fourth as he fired nine birdies in a closing 62.

Scheffler won nine times last season, but had yet to add to that tally in 2025 after missing the start of the season due to surgery on a hand injury suffered while preparing Christmas dinner.

But after a tie for second in the Houston Open, followed by fourth place at Augusta National in defence of his Masters title, he ended that run in emphatic fashion at the event where he made his PGA Tour debut as a 17-year-old amateur in 2014.

“This tournament means a lot to me,” Scheffler, who comes from nearby Dallas, told CBS. “It was my first tournament 11 years ago, I had my sister caddying for me.

“It feels like a lifetime of hard work and sacrifice for little moments like these, and they are pretty special.”"
Trump course to host revived Scottish Championship on DP World Tour,https://www.independent.co.uk/sport/golf,,sports,independent,CONTENT_NOT_FOUND_CONTAINER_MISSING
Trump course to host revived Scottish Championship on DP World Tour,https://www.independent.co.uk/sport/golf/trump-golf-course-scotland-aberdeen-dp-world-tour-b2745777.html,,sports,independent,"The Scottish Championship has been added to the DP World Tour schedule for 2025 and will take place at Trump International Golf Links in Aberdeenshire.

The $2.75m (£2m) tournament, which previously featured as part of the Race to Dubai in 2020, will take place from 7 August to 10 August, the week after the venue will host the Staysure PGA Seniors Championship for the third year in succession.

Eric Trump, executive vice-president of The Trump Organization, hailed the announcement as a ""significant milestone which reflects the hard work of our team and is a true testament to the exceptional golf and hospitality we deliver in Scotland.""

Trump's father, US President Donald Trump, also owns Turnberry and has reportedly spoken to Prime Minister Sir Keir Starmer about the Open Championship returning to the Ayrshire venue, which last hosted it in 2009.

Speaking last month, chief executive Mark Darbon reiterated the R&A's stance that the focus of any Open must be solely on the golf and also voiced concerns around the infrastructure around the Ayrshire course.

""The golf course is magnificent,"" Darbon said. ""If anything, it's better now than it ever has been, given some of the improvements that have been made to the course.

“But there are some challenges around the road and rail network, some of the accommodation provision in the surrounding area, and so we're working on what a model could look like for the future,” he added.

Over the course of its history, Turnberry has hosted the Open four times, in 1977, 1986, 1994 and 2009, with the first edition later becoming famous for the battle between Jack Niklaus and eventual winner Tom Watson.

Trump bought Turnberry in 2014 for a sum believed to be £39.5m, while a total of around £200m in improvement works have been carried out on the resort since the purchase."
Joe Root lifts Yorkshire but Warwickshire close on victory at Headingley,https://www.independent.co.uk/sport/cricket/warwickshire-joe-root-yorkshire-headingley-liam-dawson-b2744400.html,,sports,independent,"Yorkshire batter Joe Root posted a fine knock of 90 before Warwickshire ended day two of the County Championship clash at Headingley requiring 170 runs for victory.

Despite the best efforts of Root, who was dismissed for just one on Friday, the hosts were bowled out for 232 in their second innings.

Seamer Ethan Bamber added four wickets to his five in the first innings before Warwickshire closed on 15 without loss three overs into their chase.

Jordan Cox’s unbeaten half-century helped Essex take control against Somerset at Taunton.

The England batter finished day two on 61, with his side 163 for four in their second innings and leading by 224 runs.

Somerset’s pursuit of a first win of the season was again undermined by struggles with the bat, with Essex off-spinner Simon Harmer claiming four for 43 to help dismiss the home side for 145 in 46.3 overs.

At Southampton, batting all-rounder Graham Clark registered a career-best 160 as Durham posted a first-innings total of 511 against Hampshire.

England spinner Liam Dawson eventually caught and bowled Clark – who resumed on 110 – to claim the fourth of his five wickets.

Spearheaded by an unbeaten 54 from Mark Stoneman, the hosts reached 112 for one at stumps – trailing by 399 runs.

In Division Two, Zak Crawley’s 63 was backed up by an unbeaten 103 from captain Daniel Bell-Drummond as Kent built a 117-run lead against Middlesex before bad light ended play early at Lord’s.

Kent closed on 226 for four, adding to a first-innings total of 129, after Ryan Higgins’ half-century helped the hosts to 238 all out.

Unbeaten half-centuries from Ollie Price (54) and Miles Hammond (57) guided Gloucestershire to 172 for two against Lancashire.

The away team will resume with deficit of 266 runs at Old Trafford after Lancashire – inspired by 167 from Marcus Harris – registered 450 all out.

Ben Sanderson took five wickets for Northamptonshire to give them hope but hosts Leicestershire, at 96 for six in their second innings, lead by 209.

Andy Gorvin impressed as Glamorgan pressed for a Derbyshire follow-on at Sophia Gardens.

The seamer managed a dogged 39 with the bat as part of the hosts’ first-innings score of 431 before taking four for 49 to limit the visitors, who trail by 216 runs, to 215 for seven."
Rabada banned after failing recreational drugs test,https://www.independent.co.uk/sport/cricket/kagiso-rabada-south-africa-ipl-world-test-championship-b2744551.html,,sports,independent,"South Africa fast bowler Kagiso Rabada revealed he is serving a provisional suspension after testing positive for a recreational drug.

Rabada, who sits second in the International Cricket Council Test bowling rankings, went back home after playing just two matches with Gujarat Titans in the Indian Premier League last month.

The Titans said at the time he had done so to tend to an ""important personal matter"" and the 29-year-old disclosed this was due to returning an adverse analytical finding for a recreational substance.

Rabada expressed profound regret at his actions and is already looking at drawing a line under the incident although it is unclear when he will be able to resume his career, putting a question mark over his involvement in South Africa's World Test Championship final against Australia at Lord's next month.

""I am deeply sorry to all those that I have let down,"" he said in a statement released by the South African Cricketers' Association (SACA), the country's players' union.

""I will never take the privilege of playing cricket for granted. This privilege is much larger than me. It goes beyond my personal aspirations.

""I am serving a provisional suspension and I am looking forward to returning to the game I love playing.

""I couldn't have gone through this alone. I'd like to thank my agent, Cricket South Africa (CSA) and Gujarat Titans for their support. I'd also like to thank SACA and my legal team for their guidance and counsel. Most importantly I'd like to thank my friends and family for their understanding and love.

""Moving forward, this moment will not define me. I will keep doing what I have always done, continuously working hard and playing with passion and devotion to my craft.""

Rabada underlined his status as South Africa's pace spearhead and one of the world's finest bowlers when he became the quickest to reach 300 Test wickets in terms of balls bowled in October last year.

He briefly shot back up to the top of the ICC's Test bowling standings, having first gone to the summit in January 2018, but he has since been leapfrogged by India's Jasprit Bumrah.

Rabada has taken 327 wickets at an average of 22 from just 70 Tests while he has amassed a further 168 dismissals in 108 ODIs and 71 in 65 T20 internationals.

Cricket South Africa (CSA) confirmed in a statement that Rabada had ""returned an adverse analytical finding for the use of a prohibited substance,"" before adding: ""The incident is regrettable, however, Rabada has reassured CSA and his fans of his commitment to upholding professional standards and has restated his passion to the sport of cricket and the country he represents with purpose.

""CSA is fully committed to drug-free sport and reminds cricket players, both professional and amateur, of the importance of adhering to all regulations. We are steadfast in our support to all players in this regard.

The PA news agency has contacted SACA for further comment."
Cox retires hurt to spark England injury fears after Test call-up,https://www.independent.co.uk/sport/cricket/jordan-cox-injury-essex-england-test-squad-b2744633.html,,sports,independent,"Jordan Cox has sparked injury fears just days after being called up to the England Test squad to face Zimbabwe.

Cox has returned as the spare batter in Brendon McCullum’s 13-player squad having been denied a debut in New Zealand late last year after breaking his thumb batting in the nets ahead of the opening Test.

The versatile 24-year-old was preferred to Durham young gun Ben McKinney in the group named on Friday, but his participation in the opening engagement of England’s international summer from 22 May could now be in doubt.

The former Kent batter set his side up in a commanding position against Somerset at Taunton with a superb third-innings hundred, but appeared to hurt his side while closing in on the landmark after taking a quick single to get to 99.

Having reverse-swept Jack Leach to the point boundary to bring up three figures, Cox immediately grasped at his side in pain, and soon retired hurt unbeaten on 103.

He did not return when Essex’s ninth wicket fell, with Somerset, enduring a tricky season so far, set a target of 321 to win on a green, turning surface.

“Jordan has a problem with his side, which our medical staff are in the process of assessing,” said Essex captain Tom Westley.

“Unfortunately, because it is a Sunday it has not been possible to get the injury scanned. Hopefully, that will happen as soon as possible and we will know a lot more then. He played a tremendous innings and it was a shame he was not able to go on.”

Cox was unlikely to make the XI against Zimbabwe with former Kent colleague Zak Crawley set to retain his place at the top of the order and Ollie Pope back at No 3 with Jamie Smith returning from paternity leave.

Any possible injury would nonetheless be a major blow for a player who has been unable to keep wicket in the County Championship so far this summer as he recovers from the hand injury sustained on tour in November.

Essex teammate Sam Cook does, however, appear in line to play at Trent Bridge . His early dismissal of Archie Vaughan and three wickets for Simon Harmer leave the visitors on top entering day four, though a fine knock of 65* from James Rew - another highly-rated wicketkeeper-batter - has kept Somerset in the hunt, requiring 105 more with four wickets remaining."
Rabada to return from drug ban ahead of World Test Championship final,https://www.independent.co.uk/sport/cricket/kagiso-rabada-ban-drug-world-test-championship-ipl-b2745105.html,,sports,independent,"South Africa seamer Kagiso Rabada has been cleared to return from a ban ahead of the World Test Championship final after testing positive for a recreational drug.

The 29-year-old was placed under a provisional suspension on 1 April after testing positive during a SA20 match in January, the South African Institute of Drug-free Sport (SAIDS) announced on Monday.

Rabada had been absent from the IPL for several weeks, missing a number of Gujarat Titans games, and revealed on Sunday that it had been due to his failed test.

The fast bowler accepted responsibility for the doping offence and served a one-month period of ineligibility, meaning he is now free to resume playing with South Africa’s clash with Australia at Lord’s little more than a month away.

Rabada also completed two sessions of a substance abuse treatment programme and a statement from SAIDS read: ""The player has effectively served one month period of ineligibility and may now resume participation in sport.""

Rabada's sanction is in line with the World Anti-Doping Agency 's (Wada) punishment for use of a recreational drug - including cannabis, methamphetamine, cocaine or diamorphine.

""I am deeply sorry to all those that I have let down,"" Rabada said. ""I will never take the privilege of playing cricket for granted. This privilege is much larger than me. It goes beyond my personal aspirations.""

The South African could be available for Gujarat’s next IPL fixture against the Mumbai Indians on Tuesday.

Rabada was a key protagonist in the Proteas’ resurgence in Test cricket in 2024, with his batting unexpectedly key against to a victory over Pakistan that ensured Temba Bavuma’s side booked their place in the World Test Championship final.

Rabada was South Africa's leading wicket-taker in the 2023-2025 WTC cycle with 47 wickets at an average of 19.97, and will lead the attack at Lord’s against Australia from 11 June.

Additional reporting by PA"
James Rew century leads Somerset to win over Essex,https://www.independent.co.uk/sport/cricket/somerset-craig-overton-essex-matt-parkinson-taunton-b2745094.html,,sports,independent,"James Rew made a century to help Somerset beat Essex by three wickets at Taunton and secure their first Rothesay County Championship Division One win of the new season.

Somerset had resumed on 216 for six, still requiring what looked an unlikely 105 runs.

Rew, though, moved on from his 65 overnight to reach 116 and push the hosts side past 300 before he was trapped lbw by Simon Harmer (four for 120).

Craig Overton , who put on 133 with Rew, finished unbeaten on 53 as he guided Somerset to their target ahead of lunch at 325 for seven, picking up 19 points as Essex slipped to a first defeat in their four Championship matches.

Following the early finish, Essex director of cricket Chris Silverwood confirmed Jordan Cox was set for a scan on a side injury, which could dash his hopes of a playing in England’s Test match against Zimbabwe at the end of the month.

Cox – who missed out on a debut in New Zealand before Christmas after breaking his thumb in the nets – had been forced to retire hurt immediately after scoring a century during the second innings on Sunday.

“We will have it scanned tomorrow, having given time for the edema (swelling) and bruising to settle down. I think we all heard the moment it happened when he gave a cry after playing a shot,” Silverwood said.

“It is too early to say how serious it is. We should know more tomorrow.

“Jordan doesn’t seem to have much luck when it comes to England call-ups, but his century here on a testing pitch showed just what a good player he is. His time will come.”

Monday’s other top-flight fixture ended in a draw between Hampshire and Durham at the Utilita Bowl, where Ben Brown reached his third-highest Championship score.

With Hampshire having resumed at 429 for seven, captain Brown, 143 overnight, made 162, three shy of his first-class best, while Matthew Potts and Codi Yusuf shared seven wickets to bowl the hosts out with a deficit of 41.

Durham openers Alex Lees (30) and Emilio Gay (23) put on 61 around frequent rain breaks before hands were shaken on the result just before 4pm, leaving Hampshire unbeaten and up to fifth.

Luke Hollman made a first County Championship century to help Middlesex secure a dramatic two-wicket victory over Kent at Lord’s.

Set a target of 365, Middlesex resumed at 81 for three, with a fine innings from Hollman, 24, proving the mainstay as he made 103, which included 10 boundaries.

Stephen Eskinazi (41) and Jack Davies (59) pushed Middlesex on before leg-spinner Matt Parkinson took two quick wickets, but Zafar Gohar’s unbeaten 30 and Toby Roland-Jones’s 23 not out saw the hosts through at 366 for eight with just one over left.

Lancashire duo Luke Wells and Tom Hartley set in to frustrate Gloucestershire as their match ended in a draw at Emirates Old Trafford.

Gloucestershire had declared on their overnight 589 for eight, taking a lead of 139, before reducing the home side to 160 for six ahead of tea.

However, Wells (36) and Hartley (37) shared a seventh-wicket partnership of 69 to help Lancashire on to 255 for eight, with a lead of 116 and only eight overs left.

It also finished as a draw at Sophia Gardens as Derbyshire held out against Glamorgan.

Glamorgan resumed at 132 for five, with Ben Kellaway going on to hit a career-best 74 and Chris Cooke finished unbeaten on 49 as the home side declared at 256 for seven.

Derbyshire were left needing 338 runs to win in 65 overs. However, Ned Leonard took three wickets and Kellaway claimed career-best figures of five for 101 – with two in two balls – before the visitors stayed through to end on 308 for nine. Martin Andersson made 78."
Brydon Carse poised to give England a boost with return to action after injury,https://www.independent.co.uk/sport/cricket/brydon-carse-england-paul-collingwood-ben-stokes-tom-banton-b2745740.html,,sports,independent,"England bowler Brydon Carse is set to end a three-month injury lay-off by lining up in Durham’s next match.

The seamer, who enjoyed a fine start to his Test career during winter tours to Pakistan and New Zealand, has not played since withdrawing injured from the Champions Trophy in February.

Carse aggravated a pre-existing toe problem at the tournament, struggling with cuts and blisters, and he subsequently pulled out of an Indian Premier League contract with Sunrisers Hyderabad.

He has spent the first month of the county season working his way back to fitness, including sessions with England assistant coach Paul Collingwood in the north east, and should get the green light to take on Nottinghamshire in the Rothesay County Championship Division One game starting on May 16.

While the standalone Test against Zimbabwe the following week is too early for him, a county comeback would bode well for a role in the summer’s main event – a five-match series against India.

Durham’s head coach Ryan Campbell said on the eve of the campaign that he had “zero” expectation of having England captain Ben Stokes or Carse available beyond international engagements and that any appearances would be “a bonus”.

While Stokes will not be playing any cricket before leading his country out at Trent Bridge later this month, Carse’s return would be a major boost given Durham’s recent injury crisis and Matthew Potts’ departure to the Test squad.

Another Durham boy, Ben McKinney, is among those who could be called up for the Zimbabwe as England wait for news on Jordan Cox’s fitness.

The Essex batter suffered a side injury while making his way to a century against Somerset at the weekend and was scheduled for a scan on Tuesday. If the results force him out of contention, McKinney is already in the selectors’ thoughts having been namechecked by director of cricket Rob Key and selector Luke Wright recently.

Other options include Somerset pair Tom Banton and James Rew. Banton threw his name into contention with a massive knock of 371 in the first game of the season and despite a sharp dip in form from that point on, is known to be highly-rated in the set-up. Rew, meanwhile, just become the youngest Englishman since Denis Compton in the 1930s to reach 10 first-class hundreds before turning 22."
Gary Ballance joins Zimbabwe coaching staff for Test against England,https://www.independent.co.uk/sport/cricket,,sports,independent,CONTENT_NOT_FOUND_CONTAINER_MISSING
Gary Ballance joins Zimbabwe coaching staff for Test against England,https://www.independent.co.uk/sport/cricket/gary-ballance-england-zimbabwe-yorkshire-zimbabwe-cricket-b2745906.html,,sports,independent,"Former England batter Gary Ballance is set to be in the opposing dressing room this month after being appointed as a coaching consultant for Zimbabwe’s one-off Test at Trent Bridge.

Zimbabwe-born Ballance moved to the UK as a teenager and after impressing for Yorkshire , he featured in 23 Tests and 16 ODIs for England between 2013 and 2017, helping his adopted nation win the 2015 Ashes.

After being heavily implicated in the Yorkshire racism scandal in 2021, Ballance started afresh with Zimbabwe but made only a further seven international appearances for them before retiring in 2023.

However, the 35-year-old’s vast experience on English soil could work to Zimbabwe’s advantage when they play their first Test against England since 2003 in Nottingham from May 22-25.

“We are thrilled to welcome Gary Ballance to our coaching set-up for this historic tour,” Zimbabwe’s managing director Givemore Makoni said.

“His deep understanding of English conditions, gained over years of playing at the highest level, will be a valuable asset to our team’s tactical preparation.”

Ballance took just 17 innings to reach 1,000 Test runs – only Herbert Sutcliffe and Len Hutton have done so quicker for England, while Harry Brook equalled his former Yorkshire team-mate in 2023.

He made four hundreds in his first 10 Tests but none thereafter and, as his form tailed off, he found himself in and out of the side following his initial run, finishing with 1,498 runs at an average of 37.45."
Draper ready to ‘bully’ his opponents in push for first clay title,https://www.independent.co.uk/sport/tennis/jack-draper-madrid-open-matteo-arnaldi-lorenzo-musetti-b2743860.html,,sports,independent,"Jack Draper is confident he can “win any match” after his demolition of Matteo Arnaldi moved him one step closer to glory at the Madrid Open .

Draper breezed past his Italian opponent in straight sets to progress to the tournament’s semi-finals, serving a bagel in his first set before doing the business in the second to seal a 6-0, 6-4 win.

The British No.1 sets up a last-four clash with another Italian player Lorenzo Musetti , buoyed by his first ever top-five entry in the ATP world rankings - leapfrogging 24-time Grand Slam champion Novak Djokovic in the process.

""I know I can win any match and lose any match. I am fearful I could lose but that helps me compete the way I do,"" Draper said. ""I feel stronger every time I play.

""The last couple of years coming onto the clay, I felt against these guys I'd always be the one on the back foot, I'd always be the one defending.""

Draper is yet to secure a clay-court title in his career and will hope to book his place in the final when he faces off against Musetti, who reached this stage after dispatching Gabriel Diallo 6-4, 6-3.

The 23-year-old is in fine form and could secure his second Masters 1000 title of the year, after triumphing at Indian Wells in March.

Feeling in peak shape, Draper is eager to “bully” his opponents on the court as he eyes up glory in the Spanish capital.

""The next part of my game was just getting strong, getting more capable physically to do the things I know I can do and bully these guys,” Draper added. “My forehand is doing a lot of damage, and I want to keep it up.

""I have been doing everything in all areas pretty well and am excited to keep on going. Hopefully, it keeps coming together.

""I am just well prepared. I work really hard every day and do all the right things off the court and on the court. When I go out to play, I have a feeling it is going to be ok because I have prepared so well."""
Draper storms through to first clay-court final at Madrid Open,https://www.independent.co.uk/sport/tennis/jack-draper-madrid-open-lorenzo-musetti-casper-ruud-b2744077.html,,sports,independent,"Jack Draper marched into the Madrid Open final with another statement straight-sets win over Italian Lorenzo Musetti.

The British No.1 battled past 10th seed Musetti 6-3, 7-6 (4) and will face Norway’s Casper Ruud in Sunday’s final as he bids for a second Masters title in two months.

Reaching a first career ATP final on clay – considered Draper’s weakest surface – also provides the 23-year-old with a massive fillip with the French Open just over three weeks away.

Should he add the Madrid title to the Indian Wells crown he won in March, Draper – who has already leapfrogged Novak Djokovic into the world’s top five – would be only 25 ranking points behind American world number four Taylor Fritz.

Musetti considers clay his best surface and reached the Monte Carlo final just last month, pushing Carlos Alcaraz to three sets.

But two breaks of serve to Musetti’s one swayed a high-quality first set in Draper’s favour, with the man from Surrey squandering two set points before converting a third.

Musetti, another rising star who is three months Draper’s junior, stepped up his level in the second with some stunning shot-making while his opponent began to look heavy-legged.

But a couple of big holds kept Draper in the set, and in the tie-break a solitary mini-break and a backhand winner wrapped up another impressive victory.

Draper, who has yet to drop a set in Madrid, told Sky Sports: “Every moment felt like a key point. I’ve played Lorenzo since juniors but he’s a different animal on clay.

“I was trying to stay present. I had chances. I thought I did a great job, especially at the end changing tactics, serve-volleying a bit more.

“Sometimes in these moments I’m thinking about all the pain I go through on a daily basis, all the sacrifices, and try to remember why I do it, to go for it.

“The final will be a really big challenge. But I’m ready.”

Ruud, who’s recent form has seen him drop out of the top 10, beat Argentina’s Francisco Cerundolo 6-4 7-5."
Jack Draper looks to continue rise with first clay-court title in Madrid Open,https://www.independent.co.uk/sport/tennis/jack-draper-british-casper-ruud-lorenzo-musetti-andy-murray-b2744379.html,,sports,independent,"Jack Draper can establish himself as the most in-form player in the men’s game with a second major ATP Tour title in two months in Madrid on Sunday.

The 23-year-old, who is yet to drop a set, has already guaranteed himself a spot in the top five of the rankings and can move to within a handful of points of world number four Taylor Fritz with victory over Casper Ruud in the final.

Draper made a huge breakthrough by winning the BNP Paribas Open in Indian Wells in March, but victory in one of the biggest tournaments on clay, which had been considered his weakest surfaces, would be a major statement.

He would be the first man this season to win two Masters 1000 titles, while he would also close to within 100 points of Carlos Alcaraz at the top of the Race to Turin standings, which measures performances in 2025.

An ATP Finals debut in November already looks very much on the cards, and Draper’s sensational form has certainly not gone unnoticed in the locker room less than a month out from the French Open.

After becoming the Londoner’s latest victim, Italian Lorenzo Musetti said: “Jack at the moment I think, if (he’s) not the best player in the world, (he’s) one of them. He’s really a complete player.”

Andy Murray is the only British player to win Masters titles on hard court and clay, with the Scot’s second Madrid crown coming 10 years ago.

Draper has long been considered the heir to Murray’s throne, and he attributes his elevation to the very top of the game to a leap in confidence in both his body and his game.

Finding the right balance between aggression and solidity has been key. Draper spent a brief period working with former top-10 player Wayne Ferreira last summer and, while the South African’s efforts to make him an all-out attacking player did not sit right, they helped him find the right path.

Draper told a press conference: “I got to 50 in the world by counter-punching and being defensive, and then I was in a bit of a crisis last year thinking, ‘Where’s my game going to go? What do I need to change?’

“I tried to maybe go the opposite end of the spectrum and try and hit every ball as hard as I can. It didn’t really work that experiment. What was important was I learned how to be defensive and do all those things but also attack when I need to attack.

“I think I’ve got the balance a lot better now. I’m a big guy but I’m not just a guy who hits big serves and can hit a big winner. I can do everything on the court and I think that’s what all the top players are able to do.”

Having confidence in his body has also taken time, with Draper dogged by injuries earlier in his career and frequently breaking down physically.

Coming through three best-of-five-set matches at the Australian Open in January after a hip injury affected his build-up proved the challenge he needed.

“That gave me massive physical and mental belief that I could push myself to places I’ve never been before,” he said.

“I kind of went from thinking that I was weak and I wasn’t going to be able to carry on to then feeling, ‘Wow, I’m actually pretty strong’.

“Whenever I do gym stuff now, I really try and push myself because I know that I’m going to have moments like (against Musetti) where the match gets really physical and, if I’ve done all that work and I know I’ve done it, then I feel like I’m well prepared and I can push myself to the place I need to go.”

Draper goes into a first meeting with Ruud as the higher-ranked player but the Norwegian, who will return to the top 10 on Monday, has significantly more experience on clay having twice reached the French Open final."
Sabalenka holds off Gauff comeback to win third Madrid Open title,https://www.independent.co.uk/sport/tennis/aryna-sabalenka-coco-gauff-madrid-open-b2744417.html,,sports,independent,"Aryna Sabalenka overcame Coco Gauff in a spirited battle between two of the world’s top players to win her third title of the season at the Madrid Open.

The world No. 1 won 17 points in a row early in the contest but had to save a set point in the second set on her way to a 6-3 7-6 (3) victory at the Caja Magica.

It is a third title in the Spanish capital for Sabalenka, who lifted the trophy in 2021 and 2023 before losing to Iga Swiatek 12 months ago.

The Belarusian now has a lead of more than 4,000 points over her stuttering rival in the rankings, although the result does mean Swiatek stays ahead of Gauff at number two.

Sabalenka adds the Madrid crown to titles in Miami and Brisbane, with her superb consistency seeing her reach the final in six of the eight tournaments she has played so far in 2025.

Gauff has hit form again here after a difficult spell but looked helpless as Sabalenka reeled off 17 points in a row to lead 4-1.

The American regained her composure and, although she could not salvage the first set, she broke serve to lead 2-1 in the second.

Gauff, who had won five of their previous nine meetings, served for the set at 5-4, but Sabalenka finally took her fifth chance to break back, saving a set point and seeing the funny side when she dropped her racket in the middle of one rally.

Gauff then saved a match point serving at 5-6 with a brave second serve, but Sabalenka forged ahead again in the tie-break and was handed the title on her second match point thanks to a double fault from her opponent."
Former world No 1 Osaka wins first title since becoming a mother,https://www.independent.co.uk/sport/tennis/naomi-osaka-france-tennis-first-title-b2744744.html,,sports,independent,"Four-time Grand Slam winner Naomi Osaka has won her first title since returning to action from a maternity break.

Having not lifted silverware since triumphing at the 2021 Australian Open , she beat Slovenia's Kaja Juvan 6-1, 7-5 in the final of the L'Open 35 de Saint-Malo to bring home her first WTA title in four years, and her first ever on clay.

A former world number one, the 27-year-old Japanese star became a mother in July 2023.

“Kinda ironic to win my first trophy back on the surface that I thought was my worst,” Osaka posted on X. That’s one of my favourite things about life though, there’s always room to grow and evolve.”

Her victory comes after she lashed out at fans on social media, posting a job application form for those who “constantly had sh** to say” after booking her spot in the Saint Malo final.

Osaka has struggled with her lack of power and accuracy as she failed to progress beyond the second round of any Grand Slam last year.

The former world No 1, who reached the third round of the Australian Open in January before retiring due to injury, is set to feature in the main draw of the French Open later this month.

Additional reporting from Reuters."
Draper vows to come back stronger after defeat to Ruud in Madrid final,https://www.independent.co.uk/sport/tennis/jack-draper-casper-ruud-madrid-open-result-b2744747.html,,sports,independent,"Jack Draper was beaten in three gruelling sets by an inspired Casper Ruud in the Madrid Open final.

The 23-year-old Briton fought back to level the match after losing the opening set, but it was three-time grand slam finalist Ruud who held the edge on the crucial points.

Draper, up to fifth in the world rankings after his brilliant run in the Spanish capital and bidding for a second ATP 1000 title in two months following his Indian Wells triumph in mid-March, fell short against the Norwegian, who triumphed 7-5 3-6 6-4 in just under two and a half hours.

Ruud, a two-time runner-up at the French Open, won his first Masters title with a gutsy performance that showcased his clay-court mettle.

“You really deserve it,” Draper told Ruud afterwards. “You were braver than me in the key moments. Congratulations to you and your team for all the hard work.

""This loss hurts but I also want to thank my own team, my family for all of the support. This sport is brutal but I will keep trying, I think this loss will make me better.""

Ruud will climb back into the world top 10 after overcoming both a rib injury sustained in the semi-final and a resilient Draper to secure the trophy after previously dispatching Taylor Fritz, Daniil Medvedev and Francisco Cerundolo.

""It feels great, of course. It's been a long time coming, this is a really big goal that I have dreamed about since I was so young,” the 26-year-old Ruud said after winning the biggest title of his career.

""It was a great match, I knew that Jack has been playing so well all year, so I knew I had to bring my A+ game. Jack is an incredible player.

""I owe a lot of my success to my family, my coaches, my friends. I'm surrounded by amazing people, I'm a very lucky guy.""

Draper looked to be in control early in the first set as he set off in pursuit of a first ATP clay-court crown, forcing the first break of serve to lead 3-1, but from 5-3 down Ruud launched a superb counter-offensive.

The 14th seed reeled off four successive games, breaking back to level it up at 5-5 and taking the first set in 52 minutes.

The turnaround left Draper furious as he remonstrated with himself and his coach, but he quickly regrouped to play solidly before ripping a forehand winner to break Ruud for a second time and move 4-3 ahead.

Draper then showed resilience to fend off two break points in the next game to move 5-3 up before winning against the Ruud serve for the third time in the match to level it up at one set each.

The Briton produced a pivotal hold at 1-1 in the decider, surviving three break points in a game that lasted over 10 minutes to edge 2-1 ahead.

Both players came under heavy pressure on serve, with Draper letting slip two break points as Ruud drew level at 2-2 before winning the next two games to move 4-2 in front.

Draper was a point away from going 5-2 down, but dug deep to hold and trail 4-3, and after both players won their next service games, Ruud served for the title at 5-4.

The 26-year-old produced two excellent forehands to seal his first Masters 1000 title with a hold to love."
When will Jannik Sinner make his return to tennis at Italian Open?,https://www.independent.co.uk/sport/tennis/jannik-sinner-italian-open-first-match-when-b2745787.html,,sports,independent,"Jannik Sinner returns to action at the Italian Open after the conclusion of the World No 1’s three-month doping ban.

Sinner has not played since winning the Australian Open in January for his third grand slam title after the Italian reached a resolution agreement with the World Anti-Doping Agency (WADA).

The 23-year-old reached a controversial settlement with WADA, who were pushing for a ban of between one and two years at the Court of Arbitration for Sport after he twice tested positive for a banned substance .

But Sinner is now able to return at his home tournament in Rome as he looks to build towards the next grand slam at the French Open later this month.

As World No 1, Sinner will get a bye to the next round and will play either Mariono Navone or fellow Italian Federico Cina in his opening match of the tournament.

The Italian Open has confirmed that Sinner will play his first match of the tournament on Saturday May 10 . Sinner is on a 21-match winning run, with his last defeat coming to Carlos Alcaraz in the China Open final last season.

Should Sinner progress, he could face Spain’s Alejandro Davidovich Fokina in the fourth round and then potentially Madrid Open champion and two-time French Open runner-up Casper Ruud in the quarter-finals. He is in a different half of the draw to Alcaraz, who is seeded third, behind World No 2 Alexander Zverev.

Sinner returns to the Italian Open still holding on to his position at World No 1 and has admitted his expectations for the tournament are “very, very low” after three months away from competition.

“The body still has to adjust, the blisters in hands,” Sinner explained. “I'm just very happy, very curious to see where I am at.”"
Emma Raducanu’s partnership with coach Mark Petchey ‘working pretty well’,https://www.independent.co.uk/sport/tennis/emma-raducanu-petra-kvitova-mark-british-bbc-sport-b2745791.html,,sports,independent,"Emma Raducanu hopes her fledgling partnership with coach Mark Petchey can be for the long term but admits she will soon need to rejig her team again.

After a brief trial period with Vladimir Platenik did not work out, Raducanu turned to Andy Murray’s former coach Petchey at the Miami Open in March and went on to reach the quarter-finals.

They have continued to work together since but Petchey’s TV commitments mean it cannot be a full-time arrangement.

Raducanu’s mentor Jane O’Donoghue, a former coach now working in finance, has been travelling with her and helping out but she will soon return to her job, leaving the British number two searching for someone else to fill the gaps.

“It’s been working pretty well,” Raducanu told BBC Sport ahead of the Italian Open in Rome.

“Mark is doing his commentary work and around that he is going to help me as much as he can and hopefully the times align that he can be there with me in the matches. That’s why Jane is here for when he’s not able to make it to the session.

“While she’s not working it’s nice to have her as much as possible, but she will go back to work and then I need to figure another solution out.”

Raducanu began her clay-court season by reaching the second round of the Madrid Open and will take on a qualifier in her opening match in the Italian capital.

The 22-year-old is still inexperienced on the surface, and she said: “I feel slightly better than I did in Madrid.

“I want to use this period of the clay season to try and work on certain things in my game that I think are going to help me bridge the gap to the next level.”

Main-draw action at the Foro Italico began on Tuesday, and two-time former Wimbledon champion Petra Kvitova claimed her first win as a mother.

The Czech returned in late February following the birth of son Petr last summer but had lost all four matches prior to defeating Romania’s Irina-Camelia Begu 7-5 6-1.

It was Kvitova’s first victory since October 2023 and she will next face 27th seed Ons Jabeur.

British number three Sonay Kartal also progressed to the second round in Rome, battling back from a set down to defeat Australia’s Kimberly Birrell.

The 23-year-old’s reward for a 4-6 6-3 6-4 victory is a meeting with world number 30 Linda Noskova.

British number three Cameron Norrie failed to make the men’s main draw, though, the third seed losing 6-1 4-6 6-3 to Serbian Dusan Lajovic in the final round of qualifying."
Ngannou makes statement on motorcycle crash which killed teenage girl,https://www.independent.co.uk/sport/ufc/francis-ngannou-motorcycle-crash-death-news-b2744216.html,,sports,independent,"Francis Ngannou has released a statement on the “heartbreaking” death of a 17-year-old girl in Cameroon after he struck her with his motorcycle.

The MMA and boxing star was riding through the city of Yaounde over the Easter weekend when he hit a pedestrian, named as Ntsama Brigitte Manuella, according to reports in the local media. He rushed her to Yaounde General Hospital and paid for her medical treatment, but she did not survive her injuries.

In a statement obtained by TMZ Sports, Ngannou said: “From the very beginning, I have been by the family’s side, offering support, comfort, and deepest condolences during this time. I’ve met with them privately to share in their grief, and I will continue to stand with them every step of the way.”

Ngannou did not explain any details of the incident, which is being investigated by police.

He added: “I carry their pain with me, and my unwavering thoughts and support remain with them as they face this heartbreaking loss.”

Ngannou, a former UFC champion, made his boxing debut in October 2023 as he took on Tyson Fury. The Cameroonian dropped Fury before losing a controversial decision , failing to take the WBC heavyweight title from the Briton.

Then, in March 2024, Ngannou had a very different experience against former champion Anthony Joshua, suffering three knockdowns in a second-round loss .

Ngannou, 38, then returned to mixed martial arts in October, stopping Renan Ferreira in round one to become the PFL Super Fights heavyweight champion – almost three years after vacating the UFC title.

After beating Ferreira, Ngannou dedicated the win to his late son Kobe, who died at just 15 months old in 2024.

“The past two days were very tough, full of emotion, I couldn’t do anything without thinking about it [Kobe’s passing],” Ngannou said. “I tried to stay strong and tell myself to do everything to keep moving but it’s hard. It’s just hard.

“I only did this fight because of him. I wanted to fight for him... I hope they can remember his name, because without Kobe, we wouldn’t be here tonight, I wouldn’t have fought.”"
The odd performance Canelo needs to get fans invested in Crawford bout,https://www.independent.co.uk/sport/boxing/canelo-vs-scull-fight-preview-prediction-b2741663.html,,sports,independent,"So, Saul “Canelo” Alvarez finds himself in the strange position of needing to be good against William Scull tonight , but maybe not too good.

As Canelo makes his Saudi debut and aims to become a two-time undisputed super-middleweight champion, he is not only defending his unified titles; he is aiming to preserve the biggest bout of his career : September’s planned super-fight with Terence Crawford .

• Purchase the fight on DAZN now • Follow the fight live on Indy Sport

In that sense, the Mexican icon of course needs a win, which is exactly what is expected in Riyadh. Yet there is an argument that there might actually be some downside in an emphatic victory. It all relates to that match-up with Crawford – one of the biggest of a generation, but also one of the most contrived.

Crawford has fought at four weights and held world titles in all of them, though he is best known for his endeavours at 147lb, where he became undisputed welterweight champion with a stunning evisceration of Errol Spence Jr in 2023. What was believed by most to be a 50-50 fight ended up as a blowout. But when the 37-year-old American hit a career-high of 154lb last summer, he was not at his sharpest – even in a super-welterweight title win against the game Israil Madrimov . Now, he must venture all the way up to 167lb, a weight where Canelo has been comfortable for years.

A common boxing theory suggests that when two fighters are close in skill but distant in weight, the naturally bigger man should win. Therefore, there are fears that Canelo’s size alone could prove decisive, despite Crawford ranking higher than the 34-year-old on just about every fan and pundit’s pound-for-pound list .

Yes, Canelo is one of the premier talents of his generation, but he has shown flaws that the unbeaten Crawford has not. If Canelo were to emerge victorious, it would be difficult not to feel that his weight was too much of a differentiator. This is not meant to undermine the skill he would need to display to defeat Crawford, however, because Canelo will need to be excellent against the southpaw, no matter what.

Against Scull, though, it might be better if Canelo is just good.

That is to say: a bit of vulnerability from the Mexican, against his Cuban foe, might bolster belief that Crawford can overcome the weight disparity and pull off a legacy-boosting win.

The issue is that Canelo should have little trouble against Scull, 32, whose unbeaten record belies the fact that he has conquered no names of note. In fact, Scull’s own profile is lacking in comparison to Canelo’s usual opposition, and it only grew under unwelcome circumstances last week.

Ahead of Conor Benn’s middleweight defeat by Chris Eubank Jr , the former’s father, Nigel, dismissed usual boxing etiquette to spill some sparring stories. He insinuated that Conor bullied Scull recently, and that the latter quit after eight rounds.

Enjoy 185+ fights a year on DAZN, the Global Home of Boxing

Never miss a fight from top promoters. Watch on your devices anywhere, anytime.

ADVERTISEMENT. If you sign up to this service we will earn commission. This revenue helps to fund journalism across The Independent.

Enjoy 185+ fights a year on DAZN, the Global Home of Boxing

Never miss a fight from top promoters. Watch on your devices anywhere, anytime.

ADVERTISEMENT. If you sign up to this service we will earn commission. This revenue helps to fund journalism across The Independent.

“I was at a different stage in my preparation than him,” Scull told The Ring , aiming to set the record straight. “We had good rounds, maybe in some of them he touched me more and in some I touched him more. That’s sparring. But I heard the way his father told it, and it’s not true. That I took my gloves off, that’s a lie; that I quit, that’s a lie.

“Many things happened there, and I do not want to make excuses, but I also had a new headguard which kept slipping around. These things happen in sparring, but it doesn't matter in an actual fight. We actually asked them for a second session, but they said ‘no’. They didn’t want it, so it is what it is. This has actually made me focus more, so it has turned into a good thing for me. Thank you to them.”

Perhaps more pertinently, Scull’s promoter Ingo Volckmann told iFL TV : “We said we make eight rounds, we said we make one-minute stop, because it was our first sparring. He was already doing some sparring – eight rounds. We said eight rounds, we did eight rounds. I really have to laugh a little bit. First of all, even if it [had been] like this, nobody speaks about it; [that’s] sportsmanship. Next time [...] we’ll make 14 rounds with him. We can do it easily.”

There is Nigel Benn’s story, there is Scull and Volckmann’s story, and the truth might lie somewhere in between. The reality is that Canelo was always going to be heavily favoured against Scull, regardless of whether the Cuban actually struggled with a welterweight who was bulking to middleweight.

Fans can only hope that Scull now has the bit between his teeth, even more so than before, and that he can cause Canelo some concern. If he can, there may be less cause for concern about the Crawford clash."
Canelo coasts to victory over Scull to set up Crawford mega-fight,https://www.independent.co.uk/sport/boxing/canelo-scull-result-score-highlights-terence-crawford-b2744496.html,,sports,independent,"Saul “Canelo” Alvarez became a two-time undisputed super-middleweight champion on Saturday, outpointing William Scull to keep alive a super-fight with Terence Crawford .

Canelo, making his debut in Saudi Arabia, earned scores of 115-113, 116-112 and 119-109, though the former card flattered Scull, who was reluctant to engage throughout and focused on being elusive.

Mexican icon Canelo , meanwhile, relied on intermittent power punches to the body for the most part, while stalking the 32-year-old Cuban around the ring.

With his victory, Canelo took the IBF belt from Scull, adding it to his WBC, WBA and WBO titles. The 34-year-old also handed Scull his first professional loss.

Canelo’s win kept him on track for a planned clash with fellow pound-for-pound star Crawford in September. It was already expected that the bout would take place in Las Vegas that month, and Saudi adviser Turki Alalshikh said on Saturday that 12 September is the specific date being targeted, at Allegiant Stadium.

The fight will see Crawford, a four-division world champion, hit a career-heaviest weight to challenge Canelo for his super-middleweight belts. The American, 37, most recently competed at super-welterweight, though he is best known for his super-lightweight and welterweight endeavours, which saw him become undisputed in both divisions.

After Canelo saw off Scull in Riyadh, Crawford entered the ring to face off with Alvarez. Fans will hope that the admittedly contrived super-fight is more entertaining than Saturday’s main event at the ANB Arena.

“That’s why I don’t like to fight those kinds of guys, they come just to survive, just to do the 12 rounds,” Canelo said of Scull. “I hope September [brings] another kind of fight.

“With [tonight’s] kind of fight, anything can be said [by the judges]. For me, it’s a boring fight. A fighter doesn’t try to win, they just try to survive. They did even more [running] than I thought, but it’s okay, we win, two-time undisputed champion.

Enjoy 185+ fights a year on DAZN, the Global Home of Boxing

Never miss a fight from top promoters. Watch on your devices anywhere, anytime.

ADVERTISEMENT. If you sign up to this service we will earn commission. This revenue helps to fund journalism across The Independent.

Enjoy 185+ fights a year on DAZN, the Global Home of Boxing

Never miss a fight from top promoters. Watch on your devices anywhere, anytime.

ADVERTISEMENT. If you sign up to this service we will earn commission. This revenue helps to fund journalism across The Independent.

“I feel great, Crawford is one of the best out there. I like to share the ring with this kind of fighter. Everybody is asking for the fight, my niño Turki Alalshikh wants it.”

Crawford added: “I’m feeling great, I’m feeling blessed, everything’s happened for a reason. September, I’m gonna show the world what greatness looks like.

“He did what he had to do to get the job done for what was in front of him. I’m the best, that’s why everybody’s gonna come and watch 12 September.”"
"Canelo vs Scull LIVE: Fight updates, results and reaction",https://www.independent.co.uk/sport/boxing/canelo-vs-scull-live-stream-updates-b2742991.html,,sports,independent,"Saul “Canelo” Alvarez became a two-time undisputed super-middleweight champion on Saturday, outpointing William Scull to keep alive a super-fight with Terence Crawford .

Canelo, making his debut in Saudi Arabia, earned scores of 115-113, 116-112 and 119-109, though the former card flattered Scull, who was reluctant to engage throughout and focused on being elusive. Mexican icon Canelo , meanwhile, relied on intermittent power punches to the body for the most part, while stalking the 32-year-old Cuban around the ring.

With his victory, Canelo took the IBF belt from Scull, adding it to his WBC, WBA and WBO titles. The 34-year-old also handed Scull his first professional loss.

Canelo’s win kept him on track for a planned clash with fellow pound-for-pound star Crawford in September. It was already expected that the bout would take place in Las Vegas that month, and Saudi adviser Turki Alalshikh said on Saturday that 12 September is the specific date being targeted, at Allegiant Stadium.

Re-live the action below.

Here’s how tonight’s main event played out, plus that face-off with Crawford:

Crawford: “I’m feeling great, I’m feeling blessed, everything’s happened for a reason.

“September, I’m gonna show the world what greatness looks like.

“He did what he had to do to get the job done for what was in front of him.

“I’m the best, that’s why everybody’s gonna come and watch 12 September.”

“I feel great, Crawford is one of the best out there. I like to share the ring with this kind of fighter.

“Everybody is asking for the fight, my niño Turki Alalshikh wants it.”

“That’s why I don’t like to fight those kinds of guys, they come just to survive, just to do the 12 rounds,” Canelo says.

“I hope September [brings] another kind of fight.

“With [tonight’s] kind of fight, anything can be said [by the judges]. For me, it’s a boring fight. A fighter doesn’t try to win, they just try to survive.

“They did even more [running] than I thought, but it’s okay, we win, two-time undisputed champion.”

Crawford is in the ring, and Saudi adviser Turki Alalshikh says the plan is for 12 September at Allegiant Stadium in Las Vegas.

Saul “Canelo” Alvarez def. William Scull via unanimous decision (115-113, 116-112, 119-109)

The right result, but three very different scores.

The 119-109 is arguably the most accurate, followed by the 116-112. The 115-113... yeah, no...

We’ll go to the scorecards. Very little to report on from the final round."
Canelo vs Crawford date and location revealed after Alvarez win,https://www.independent.co.uk/sport/boxing/canelo-crawford-date-location-las-vegas-b2744546.html,,sports,independent,"Moments after Canelo Alvarez fended off William Scull to become the undisputed super middleweight champion again, he was facing off against Terence Crawford in the same ring in Riyadh to promote a showdown in September.

Alvarez became an undisputed champion in the division for the second time when the judges scored his ho-hum bout against Scull 115-113, 116-112, 119-109. The 34-year-old Mexican boxer improved to 63-2-2, with 39 knockouts, and is unbeaten in 10 fights in the super middleweight category.

The decision had barely been announced before Turki Alalshikh , head of the General Entertainment Authority of Saudi Arabia, stepped into the ring and ordered it cleared out so that he could bring four-division champion Crawford out of the crowd to face Alvarez , who was wearing one belt around his waist, another over his shoulder and holding one in each arm.

""Now we want to do the face off for the fight of the century, between the two great fighters in our generation."" Alalshikh told the crowd, with the bout set for 12 September at Allegiant Stadium in Las Vegas.

Alvarez is a four-weight world champion and entered the fight against Scull with the WBA, WBC and WBO titles at 168 pounds. The 37-year-old Crawford (41-0) has won titles in four divisions from lightweight to light middleweight.

Alvarez was stripped of the IBF belt last July when he declined to make a mandatory defence against Scull. He'd owned that title since November 2021 when he defeated Caleb Plant.

The fight against Scull didn't live up to the hype. The Cuba-born Scull entered unbeaten in 23 professional fights . He constantly moved around, dodging, shuffling and frustrating Alvarez, who later said he hated fighting that style of boxer.

Alvarez was fighting outside the United States or Mexico for the first time and had to make plenty of adjustments, including to the time zone. The fighters walked into the ring and the anthems started around 6,20am local time for the main bout in Riyadh, timed so it was in prime time on the US West Coast.

The opening rounds were slow with both boxers feeling for range and the intensity gradually lifted with Scull throwing many more punches but not landing enough. Alvarez, by contrast, stayed patient and was landing body shots. In the end, Alvarez threw almost half as many punches as Scull (152-293) but landed one more (56-55), predominantly power shots to the body.

Enjoy 185+ fights a year on DAZN, the Global Home of Boxing

Never miss a fight from top promoters. Watch on your devices anywhere, anytime.

ADVERTISEMENT. If you sign up to this service we will earn commission. This revenue helps to fund journalism across The Independent.

Enjoy 185+ fights a year on DAZN, the Global Home of Boxing

Never miss a fight from top promoters. Watch on your devices anywhere, anytime.

ADVERTISEMENT. If you sign up to this service we will earn commission. This revenue helps to fund journalism across The Independent.

""It's OK, we won. We're here with the title as the champion,"" Alvarez said, adding that neither the timing of the bout nor the quality of the contest was a problem because he'd plenty of time to prepare. ""I'm a champion. I'm a professional, so that's all, no excuse or anything.""

As for the September showdown against Crawford, who will be stepping up a weight to take on Alvarez?

""I feel great. Crawford is one of the best out there and, you know, I like to share the ring with that kind of fighter,"" he said. ""It's my pleasure.""

Crawford was in the crowd watching in the Saudi capital.

""I'm feeling great. I'm feeling blessed. Things happen for a reason, and there's a reason why I'm here,"" he said. ""In September I'm showing the world what greatness look like."""
Joshua to undergo elbow surgery after injury set-back,https://www.independent.co.uk/sport/boxing/anthony-joshua-injury-return-elbow-surgery-b2744549.html,,sports,independent,"Anthony Joshua ’s return to boxing has been delayed after the British heavyweight revealed that he requires elbow surgery.

The two-time heavyweight champion has been out of action since a knockout defeat to Daniel Dubois at Wembley in September that served as a significant blow to his hopes of fighting Tyson Fury in a long-rumoured bout.

While promoter Eddie Hearn has suggested that the encounter could still happen , Joshua admitted that he must first concentrate on “getting my body right” before thinking about a return.

""I've got to have a little surgery on my elbow, a small surgery, sometime in May,"" Joshua told broadcaster DAZN while watching Canelo Alvarez beat William Scull from ringside.

""That will see me out of the gym for maybe six to eight weeks and then, as soon as I'm healed, I'll be back.""

The 35-year-old has won 28 of his 32 professional fights, though lost his titles in the first of back-to-back defeats to Oleksandr Usyk in 2021.

While Fury has again announced his retirement from boxing, the towering heavyweight has hinted that may consider a comeback , with an encounter with another top British talent in Joshua perhaps an appealing prospect.

The pair have been connected with a bout regularly as each forged highly-successful careers but are yet to meet in the ring."
Inoue avoids disaster to knock out Cardenas on strange week of boxing,https://www.independent.co.uk/sport/boxing,,sports,independent,CONTENT_NOT_FOUND_CONTAINER_MISSING
Inoue avoids disaster to knock out Cardenas on strange week of boxing,https://www.independent.co.uk/sport/boxing/naoya-inoue-ramon-cardenas-result-knockout-b2744918.html,,sports,independent,"Naoya Inoue remained undefeated after retaining the undisputed super-bantamweight titles with an eighth-round technical knockout of Ramon Cardenas in front of a packed house inside T-Mobile Arena.

Inoue (30-0, 27 KOs) , who was knocked down in the second round, played the aggressor for much of the fight by using precision and power to carve his way through Cardenas (26-2), frequently sending the announced 8,474 gathering into a frenzy.

“By watching tonight's fight, everyone is well aware that I like to brawl,” Inoue said. “I was very surprised [at the knockdown], but I took things calmly and put myself together. [...] From then on, I made sure to not take that punch again.”

The Japanese icon, affectionately known as the “Monster”, landed 57 of 103 power punches (55%) in the sixth and seventh rounds alone, per CompuBox.

Inoue, fighting in Las Vegas for the first time in four years, was ahead by identical scores of 68-63 on all three judges' scorecards at the time of stoppage.

""The fans here were supportive and great,"" said Inoue, 32. ""And I hope I was able to entertain them.""

Inoue opened the fight with confidence by landing several shots. But in charging forward in the second round, Inoue walked directly into Cardenas’s right-handed counter, dropping the undefeated champion.

It wouldn’t take long for Inoue to shake off the miscue, as he continued to dominate by picking his spots, going from the body to the head, wearing down his challenger. By the end of the fourth round, Inoue had landed 48 of the 90 punches thrown, including 33 power shots.

Cardenas, though, appeared to absorb everything, while countering when he could.

Inoue caught Cardenas near the halfway point of the sixth round and drove him into the corner while landing several combos. With Cardenas throwing counters, Inoue used the final 18 seconds to pulverise the 29-year-old challenger.

Enjoy 185+ fights a year on DAZN, the Global Home of Boxing

Never miss a fight from top promoters. Watch on your devices anywhere, anytime.

ADVERTISEMENT. If you sign up to this service we will earn commission. This revenue helps to fund journalism across The Independent.

Enjoy 185+ fights a year on DAZN, the Global Home of Boxing

Never miss a fight from top promoters. Watch on your devices anywhere, anytime.

ADVERTISEMENT. If you sign up to this service we will earn commission. This revenue helps to fund journalism across The Independent.

Inoue scored his first knockdown of the fight in the seventh round, catching Cardenas in the corner and dropping him after landing four consecutive rights. Knowing he had his opponent defeated, Inoue was relentless in the eighth round, eventually prompting referee Thomas Taylor to step in.

“He’s pound-for-pound one of the greatest fighters on the planet,” Cardenas said.

Inoue is scheduled to fight a mandatory bout against Murodjon Akhmadaliev in September, in what could be his toughest challenge to date.

Inoue’s win followed Saul “Canelo” Alvarez’s victory over William Scull on Saturday, with which the Mexican regained undisputed status at super-middleweight. However, Alvarez struggled to capture the imagination against an admittedly evasive opponent.

And on Friday, a stacked card in New York City’s Times Square produced mixed results for some of boxing’s biggest American stars. Ryan Garcia was dropped and outpointed by Rolly Romero , after Devin Haney was uninspiring in victory against an even poorer Jose Ramirez, while Teofimo Lopez put on a clinic against Arnold Barboza Jr ."
"F1 Academy is growing in relevance, says Aston Martin’s Hawkins",https://www.independent.co.uk/f1/f1-academy-aston-martin-jessica-hawkins-b2744758.html,,sports,independent,"When Jessica Hawkins became the first woman in five years to test a modern Formula 1 car in 2023, her status as a role model in the sport was only beginning.

Hawkins was one of 32 women who drove across the W Series racing competition from 2019 to 2022. Once the motorsport series shuttered and Hawkins moved onto stunt driving and sports car racing, she became a vital link between F1 and F1 Academy , the all-female junior series.

When F1 announced all 10 teams would back an F1 Academy team following the series’ inaugural season in 2023, what that partnership would look like beyond a car logo or driver kit became hazy.

But Hawkins represents exactly how teams like Aston Martin support the feeder series designed to develop female racing talent. Last year, she joined as the team’s head of F1 Academy, an expanded version of her previous role supporting driver Tina Hausmann.

Hawkins joined Aston Martin as a driver ambassador in 2021 with the aim of improving the team’s diversity and inclusion efforts. This year, she’s also competing under the storied British brand for the GT World Challenge Europe.

But just because the 30-year-old isn’t suiting up and slipped into a single-seater car over the F1 Miami Grand Prix weekend doesn’t mean she isn’t an important part of the emerald green team.

“There’s lots of partner events, there’s lots of media work, lots of filming, also working closely with Tina in her program and F1 Academy,” Hawkins explains from the Miami Dolphins NFL stadium-turned-paddock over the F1 Miami weekend. “Just helping her develop over a weekend — making sure she’s got everything she needs, making sure we’ve got everything we need from here, making sure that she’s coping well if there is anything she’s struggling with.”

Hausmann is one of 18 drivers who will compete across seven races this F1 Academy season. The series aims to make the weaving, and male-dominated, path to F1 more accessible for women and girls. A woman has not competed in the upper echelon of motorsport since 1992 when Giovanna Amati failed to qualify for the three races she entered. Lella Lombardi was the first and only woman to score a point in F1 in 1975. In 2014, F1 Academy managing director Susie Wolff became the latest woman to participate in an F1 weekend during free practice.

There have been misconceptions as to where the racing series fits into F1, but Hawkins says she doesn’t pay attention to the noise. “I don’t know what people’s perception of it is. I just have my perception,” She told The Independent on Sunday. “It’s not trying to be Formula 1 . It’s not trying to be a ladies’ Formula 1, a woman’s Formula 1. It’s really giving the opportunities to females in their early career to gain experience in a junior formula to prepare them to move on to their next step in the future.”

The series has also become an entry point for beauty and fashion investment in motorsport, targeting the sport’s ever-growing female fanbase. This week, Hawkins announced a partnership with British skincare brand ELEMIS: “To have a partnership with them is amazing. I think working closely with them is going to be amazing. I’m excited for all the things we get to do together.”

As the sport and its sponsors begin to embrace F1’s 41 percent female audience, Hawkins said there is only room to grow.

“I think that there’s been a sudden realization that actually there are female Formula 1 fans,” she said. “It’s nice to see that everybody else is seeing what, I guess, we’ve known for years.”

F1 Academy’s Miami race weekend was cut short on Sunday due to rain, but the competition will continue in mid-June at the Canadian Grand Prix."
Piastri dominates Miami GP as Hamilton fumes over Ferrari team orders,https://www.independent.co.uk/f1/miami-gp-race-result-piastri-verstappen-norris-hamilton-b2744794.html,,sports,independent,"Oscar Piastri crossed the chequered flag in south Florida on Sunday 4.6 seconds ahead of McLaren teammate Lando Norris . Mercedes driver and third-place finisher George Russell was 37.6 seconds behind in a race where the virtual safety car played a significant role in the 2025 Miami Grand Prix.

Piastri, who qualified in fourth on Saturday, gained an advantage when a first-corner tussle between pole-sitter Max Verstappen and Norris had the latter falling down the leaderboard into sixth place. The McLaren driver, who secured his maiden win in Miami last year, unsuccessfully attempted to appeal to the stewards, claiming the four-time world champion pushed him off as Verstappen swept across the start.

“If I don’t go for it, people complain. If I go for it, people complain,” Norris said post-race.

However, the 25-year-old British driver clawed his way back towards the top on pure pace. Norris closely follows his teammate and current leader, Piastri, in the World Drivers’ Championship standings.

The threat of a rain-soaked race loomed throughout all 57 laps, but the race remained a dry, one-stop feature with a handful of virtual safety car stoppages as a slew of rookies came rolling to a halt.

But it was the two Ferraris who stole the show. Lewis Hamilton , who finished third in Saturday’s sprint race, and Charles Leclerc began the race at a disadvantage, with Hamilton failing to make it into the third qualifying session on Saturday for the first time since his switch to Ferrari .

Deemed the strongest driver pairing on the grid at the start of the season, the duo has been undermined by a slow car and messy team dynamics. On Sunday, the true cost of two star drivers was on full display.

Hamilton, who gained two places on his 12th place start, nearly completed a double overtake on both Leclerc and Carlos Sainz on lap 34, but failed to fully get past his teammate. In the laps that followed, Hamilton complained over the radio to the team that he was “burning up” his tires behind Leclerc and asked, “You want me to just sit here the whole race?” The former Mercedes driver reminded the pit wall of his self-imposed swap at the Chinese Grand Prix where he encouraged the team to favour Leclerc’s faster pace: “In China, I got out of the way,” Hamilton said. “Have a tea break while you’re at it,” he added.

The seven-time world champion made his feelings clear ahead of eventual team orders to swap: “This is not good teamwork that’s all I’m saying.”

But by lap 41 when Hamilton was ahead, his teammate wasn’t happy stuck behind in the other Ferrari ’s dirty air. After 10 laps of the Monegasque driver complaining about overheating tyres, the team swapped back – nearly risking Hamilton’s demotion as he battled Sainz to the finish line. The new addition to the team, audibly frustrated, said over the radio: “You want me to let him past as well?” Hamilton finished eighth, just three-tenths of a second ahead of Sainz’s Williams .

Both Williams drivers, Sainz and Alex Albon , proved just how well the car is developing on Sunday. Albon, who finished fifth, outperformed both Ferraris and a Mercedes.

Further down the grid, Williams’ former fellow group of back-of-the-field teams didn’t have as lucky of a race. Oliver Bearman’s Haas rolled back into the garage after an engine failure. Teammate Esteban Ocon taught a defensive masterclass, going wheel-to-wheel mid-race with Hamilton, but ultimately fell to 12th.

The 2025 F1 rookies didn’t fair much better with Liam Lawson and Jack Doohan both retiring following a turn one collision. Gabriel Bortoleto ’s engine failed as well, bringing out a virtual safety car.

Kimi Antonelli , however, continued to show a similar pace as he had throughout the Miami Grand Prix weekend. On Friday, the 18-year-old became the youngest-ever F1 pole-sitter.

Antonelli’s team, Mercedes, trails behind McLaren in the constructors’ championship standings, followed closely by Red Bull . Piastri leads the drivers’ standings by 16 points."
Lewis Hamilton will not ‘apologise for being a fighter’ after Miami issues,https://www.independent.co.uk/f1/lewis-hamilton-charles-leclerc-miami-kimi-antonelli-carlos-sainz-b2744947.html,,sports,independent,"Lewis Hamilton said he will refuse to “apologise for being a fighter” as he defended his “PG” radio spat with Ferrari at the Miami Grand Prix.

Hamilton accused his team of having “a tea break” as they decided whether Charles Leclerc should be moved out of his way while they were running in seventh and eighth.

Ferrari ushered Leclerc aside, but when Hamilton failed to make any impression on his Mercedes’ replacement Kimi Antonelli ahead, the two drivers were ordered to trade positions again with four laps left.

After swapping places for a second time, Hamilton’s race engineer Riccardo Adami then informed his driver that Carlos Sainz was 1.4 sec behind him. Hamilton hit back: “You want me to let him past as well?”

But speaking after the race, Hamilton said: “It wasn’t even anger.

“It was just, you’re sitting there in the chair, you’ve got the stuff in front of you, just make the decision quick. That’s what I was feeling. I was in a panic, trying to keep the car on the track. The computer thinks fast.

“I got on the medium tyre and I felt the car really came alive and I was super optimistic. But we lost a lot of time in those laps when Charles and I were (lapping together) and I was clearly quicker in that moment.

“I didn’t think the decision came quick enough. For sure in that time you’re like ‘Come on!’

“It was all PG. I don’t know what you’re going to write, whether I was disrespectful or whatever. But I honestly don’t feel I was. I was just like ‘come on guys, I want to win.’ I’ve still got that fire in my belly.

“And I’m not going to apologise for being a fighter. I’m not going to apologise for still wanting it. And I know everyone in the team does, too.”

Following the worst qualifying appearance of his Ferrari career, Hamilton started from 12th at the Hard Rock Stadium before he improved four positions to put him one place back from Leclerc.

Hamilton – on the faster medium tyre compound and believing he was owed a favour after he moved over for Leclerc at the second round in China in March – said on the radio: “You want me just to sit here? This is not good team work. That is all I am going to say.”

When Ferrari told Hamilton that Leclerc was being moved aside, he snapped: “Have a tea break while you are at it. Come on!”

But Hamilton added: “(Ferrari team principal) Fred (Vasseur) came to my room, and I just put my hand on his shoulder and said ‘Dude, calm down! Don’t be so sensitive.’ I could have said way worse things on the radio. You should hear some of the things other people have said.

“Some of it was sarcasm, and you’ve got to understand we’re under huge pressure in the cars.

“You’re never going to get the most peaceful messages come through in the heat of battle. It is fine. I have no problems with either the team or with Charles.”"
Hamilton explains Ferrari spat after Piastri triumphs at Miami GP,https://www.independent.co.uk/f1/f1-miami-gp-2025-qualifying-live-updates-race-start-time-b2744751.html,,sports,independent,"Oscar Piastri has extended his lead at the top of the Drivers’ Championship after McLaren dominated the Miami Grand Prix .

Max Verstappen started on pole position after getting the better of both of McLaren’s championship-chasers in qualifying, with Lando Norris - who emerged victorious in Saturday’s sprint event - starting second on the grid.

Norris was pushed off the track soon after lights out, with Verstappen jostling at the front of the pack with Piastri before the Aussie pulled away. He only extended his advantage over the Dutchman for the remainder, crossing the line first and holding off a late resurgence from Norris, who took second.

Lewis Hamilton endured a frustrating race with teammate Charles Leclerc in toe, having started all the way back in 12th after a dismal qualifying session. The Brit finished eighth, behind his Ferrari colleague after being ordered to let the Monaco driver chase Kimi Antonelli at the back-end of the race - with tensions flaring between the seven-time champion and the team.

Follow all of the latest reaction to the Miami Grand Prix with our live blog below:

Here’s how the latest ladder looks after another win for Oscar Piastri and McLaren extended the Australian’s advantage at the top of the world title standings:

There’s a weekend off for the travelling tour as it navigates its way back to Europe ahead of the Emilia Romagna Grand Prix. It should be a special week for Lewis Hamilton at Imola, as it always is for anyone wearing Ferrari red.

Lewis Hamilton has suggested that his spat with Ferrari during the Miami Grand Prix is indicative of the competitive spirit the seven-time world champion still has.

Hamilton clashed with his team over the radio during the race as a difficult start to the season continued, and admits improvements must be made.

""I've still got my fire in my belly,” Hamilton explained afterwards. “I could feel a bit of it really coming up there.

""I'm not going to apologise for being a fighter. I'm not going to apologise for still wanting it. I know everyone in the team does, too.

""I didn't think the decision came quick enough. And for sure, in that time you're like, 'Come on!' But that's really kind of it.

""I have no problems with the team or with Charles. I think we could do better. But the car is not where we really need to be. Ultimately we're fighting for seventh and eighth.""

Lando Norris said he must kick his stalling Formula One championship challenge into gear at this weekend’s Miami Grand Prix.

Norris heads into the sixth round of the new season in Florida 10 points behind McLaren team-mate Oscar Piastri and without a victory since the opening race in Melbourne.

Norris has started the past two rounds in Bahrain and Saudi Arabia on the back foot after qualifying sixth and 10th respectively. He recovered to finish third in Bahrain, and then fourth in Saudi Arabia, but Piastri won both events.

However, when asked if he fears the championship momentum is moving in Piastri’s direction, Norris replied: “No, I am not worried at all.

“He (Piastri) is doing a good job and he deserves it.

Lewis Hamilton turned on the sarcasm to show his frustration with Ferrari in radio exchanges during the Miami Grand Prix .

The seven-time Formula 1 world champion told the Italian team to ""have a tea-break while you're at it"" after the pit wall finally confirmed teammate Charles Leclerc would let him through.

""This is not good team work, that's all I'm going to say,"" he had said earlier, complaining he was just ""burning up my tyres"" in the dirty air behind the Monegasque.

""So you want me to just sit here (behind Leclerc) the whole race?"" he said as the team informed him of the gap to Mercedes' Kimi Antonelli ahead of Leclerc without giving any instruction on passing.

Lewis Hamilton’s former boss Toto Wolff insisted the Ferrari driver has not lost any of his magic and backed him to recapture his form.

“We have seen that magic in the sprint race in Shanghai. He dominated that race, and it is not like you have that magic in one race, and then suddenly you lose it in the following one,” said Wolff ahead of Sunday’s Miami GP.

“I very much believe it is still there. If he aligns his performance contributors, is in the right space, and the car is to his liking, he will be stellar, and I have no doubt about that.”

Chief executive Adam Baker is leaving the Audi Formula One project by mutual agreement with Christian Foyer taking over his duties on the engine side, the future factory team have confirmed.

Foyer has joined the management board of Audi Formula Racing, the entity responsible for the hybrid powertrain, in the new role of chief operating officer. Baker's role has been eliminated.

Former Ferrari team boss Mattia Binotto is head of the overall project with Jonathan Wheatley, who joined Swiss-based Sauber in April from Red Bull, leading the race operations as team principal.

Sauber, last in the constructors' standings after six races, are becoming the Audi factory team next season when the sport also starts a new engine era.

Audi's engines are being built in Bavaria but Sauber/Audi are also setting up an engineering base in Britain.

""We would like to thank Adam Baker for his commitment over the past years,"" said Gernot Doellner, chairman of the Volkswagen-owned brand, in a statement.

""He played a decisive role in shaping the overall strategic concept for the entry of Audi into Formula One and got the development of the power unit in Neuburg off the ground.

""With Christian Foyer, we are now bringing a proven expert in process structures in F1 powertrain development into the project.

""His experience will help ensure the synergistic cooperation and necessary speed on the journey we have embarked upon regarding the debut.""

Baker was a veteran of the former BMW Sauber team, a project that soured and led to BMW's departure in 2009.

Want a look at the what the rest of the calendar looks like in another massive year for Formula 1? Here’s the full race schedule and what lies ahead:

Charles Leclerc has denied any bad blood between the Ferrari drivers after Lewis Hamilton was involved in a radio spat with team management during the Miami Grand Prix.

Hamilton started behind Leclerc in Sunday’s race and was frustrated by Ferrari’s decision not to immediately let him pass his teammate to gain ground on Mercedes’ Kimi Antonelli.

Ferrari prevaricated before eventually giving him the go-ahead, leading Hamilton to exasperatedly tell them to “have a tea break while you’re at it,” but the seven-time world champion had lost the advantage of the faster tyres by the time the decision was made.

The Monegasque driver made it afterwards that the problem was with the team’s strategy, rather than between the drivers. “There's no bad feelings with Lewis, not at all,” he said .

Also remaining on the calendar is the Mexican Grand Prix, the departure of Sergio Perez from the grid not preventing F1 from seeing the upside of remaining at the Autodromo Hermanos Rodriguez."
‘No bad feelings’ between Ferrari drivers after Miami spat - Leclerc,https://www.independent.co.uk/f1/lewis-hamilton-charles-leclerc-ferrari-miami-gp-b2744994.html,,sports,independent,"Charles Leclerc has denied any bad blood between the Ferrari drivers after Lewis Hamilton was involved in a radio spat with team management during the Miami Grand Prix.

Hamilton started behind Leclerc in Sunday’s race and was frustrated by Ferrari’s decision not to immediately let him pass his teammate to gain ground on Mercedes’ Kimi Antonelli.

The two Ferraris overtook Williams ’ Carlos Sainz to move into seventh and eighth, with Hamilton keen to press on and overtake Antonelli while on faster medium tyres than his teammate, on hard.

Ferrari prevaricated before eventually giving him the go-ahead, leading Hamilton to exasperatedly tell them to “have a tea break while you’re at it,” but the seven-time world champion had lost the advantage of the faster tyres by the time the decision was made.

The Monegasque driver made it clear afterwards that the problem was with the team’s strategy, rather than between the drivers. “There's no bad feelings with Lewis, not at all,” he said .

“I understand as well that Lewis is trying to do something different, so I appreciate that.

“I would have done the same thing as if I was him and trying to be a bit more aggressive with the medium tyres.”

There was a further issue later in the race as Hamilton was asked to swap back with Leclerc, although neither car was able to pass Antonelli, and when told Sainz was closing the gap to him Hamilton replied, “You want to let him past as well?”

Leclerc, who finished seventh ahead of Hamilton in eighth, added that Ferrari were dealing with two different problems, one of strategy and the other being the pace of the car.

“We need to separate the two things,” he said.

“Yes, we need to fix those [team strategy] issues that probably cost us one position, but the other seven or six positions are down to the car and we need to make it better.”

Hamilton stood by his stance after the race, saying that he spoke with Ferrari team principal Fred Vasseur in the aftermath. “I just put my hand on his shoulder and said, ‘dude, calm down. Don't be so sensitive.’

“I could have said way worse things on the radio.

“You've got to understand, we're under a huge amount of pressure in the cars, you're never going to get the most peaceful messages come through in the heat of the battle.”"
Hamilton explains ‘sarcastic’ comments after radio row with Ferrari,https://www.independent.co.uk/f1/lewis-hamilton-ferrari-radio-miami-grand-prix-b2744917.html,,sports,independent,"Lewis Hamilton turned on the sarcasm to show his frustration with Ferrari in radio exchanges during the Miami Grand Prix .

The seven-time Formula 1 world champion told the Italian team to ""have a tea-break while you're at it"" after the pit wall finally confirmed teammate Charles Leclerc would let him through.

""This is not good team work, that's all I'm going to say,"" he had said earlier, complaining he was just ""burning up my tyres"" in the dirty air behind the Monegasque.

""So you want me to just sit here (behind Leclerc) the whole race?"" he said as the team informed him of the gap to Mercedes' Kimi Antonelli ahead of Leclerc without giving any instruction on passing.

When the swap happened, Hamilton was unable to pull away at the rate expected and Leclerc then told the team he needed the Briton to go faster.

The positions were reversed again, with Hamilton turning sarcastic again when his race engineer informed him that Williams' Carlos Sainz, the driver he replaced at Ferrari in January, was 1.4 seconds behind.

""You want me to let him past as well?,"" said Hamilton pointedly.

Hamilton held off Sainz to finish eighth, with Leclerc seventh, but the pair collided as the Spaniard tried to go past on the last lap. Stewards decided to take no further action after investigating.

Asked about the exchanges after the race, Leclerc said he did not want to comment.

""It's obvious today was not the way we want to manage a race,"" he added. ""We will discuss internally in order to make better decisions. There is no bad feelings for Lewis, absolutely not. It's just that as a team we need to do better.""

Hamilton, third in the Saturday sprint and 12th on the grid for the main grand prix, said he really enjoyed the race despite Ferrari lacking a lot of pace.

""I lost a lot of time behind Charles and in that moment I was, like, come on just make a decision and don't waste time. Some people didn't like the comments.

""People say way worse things than I say. It was more sarcastic than anything. I'm not frustrated now. We'll work internally, have discussions and keep pushing.""

Team boss Fred Vasseur said he could understand his drivers' frustrations.

""Lewis was behind Charles, he was with softer compounds and we let him go. Then we swapped back at the end. We gave Lewis a chance to go in front of Charles but it was impossible to overtake (Antonelli)."""
Verstappen’s reply to F1 racing approach question: ‘That a problem?’,https://www.independent.co.uk/f1/max-verstappen-f1-miami-lando-norris-b2745685.html,,sports,independent,"Max Verstappen responded sternly when asked about his racing approach after his lap-one incident with Lando Norris in Miami on Sunday.

Pole-sitter Verstappen battled with McLaren ’s Norris from lights out, moving across to keep the lead with Norris taking his car off-track. Norris was unimpressed with Verstappen’s manoeuvre in his post-race comments, but the stewards did not take any action.

Verstappen finished fourth while Norris recovered from sixth to finish second , behind teammate and championship leader Oscar Piastri.

Yet when asked by Sky F1 about the lap-one clash with Norris, Verstappen simply responded: “All good, yeah.”

Questioned further on whether the Dutchman’s on-track tactics were “predictable or unpredictable to other drivers”, Verstappen’s response was sharp: “Why, is that a problem?”

Verstappen then stated “like everyone else”, when the interviewer clarified that the Red Bull driver was just trying to stay ahead and keep the lead.

Norris said after the race: “It is never the best feeling. Max put up a good fight, as always, and I paid the price.

“What can I say? If I don’t go for it, people complain and if I do go for it, people complain, too. But that is the way it is with Max. Crash or don’t pass.”

When asked about Red Bull’s pace compared to McLaren, Verstappen replied: “I try to do my best, we put ourselves in a good starting position.

“And I tried to, of course, give it a good battle, have a bit of fun out there as well at the same time. But yeah, we couldn’t keep them behind.

“And then, yeah, the rest was just a little bit unlucky with the VSC [Virtual Safety Car]. But at the end of the day, it doesn’t really matter a lot when you are P3 or P4.

“We are here, of course, to target a win. And we were very far from that today.”

Verstappen missed out on a podium after a VSC allowed Mercedes’ George Russell to pit and leapfrog the Dutchman.

Verstappen now trails Piastri by 32 points in the drivers’ standings ahead of the next race, the Emilia-Romagna Grand Prix."
Chaos at Alpine as F1 team boss resigns ahead of expected Doohan axe,https://www.independent.co.uk/f1/alpine-f1-oliver-oakes-briatore-doohan-colapinto-b2746010.html,,sports,independent,"Oliver Oakes has resigned as team principal at Alpine F1 team in a chaotic development at the French-owned outfit.

Oakes, who only joined Alpine last summer from a role at the Hitech F2 team, has backed Australian driver Doohan since the start of this season.

Yet with Doohan set to be replaced by Franco Colapinto for the next race – the Emilia-Romagna Grand Prix in Imola – the British executive has surprisingly left his role at Alpine after just six races of the 2025 season.

Executive adviser Flavio Briatore – the former Renault boss who rejoined the team last year – will take over team principal duties.

A team statement on Tuesday night read: “BWT Alpine Formula One Team announces that Oliver Oakes has resigned from his role as Team Principal.

“The team has accepted his resignation with immediate effect.

“As of today, Flavio Briatore will continue as Executive Advisor and will also be covering the duties previously performed by Oliver Oakes.

“The team would like to thank Oliver for his efforts since he joined last summer and for his contribution in helping the team secure sixth place in the 2024 Constructors’ Championship.

“The team will not be making any further comment.”

Alpine are ninth of 10 teams in the constructors’ championship with just seven points from the opening six races."
Champions Cup semi-finals set the scene as Lions selection looms,https://www.independent.co.uk/sport/rugby/rugby-union/champions-cup-lions-fin-smith-sam-prendergast-leinster-northampton-b2743571.html,,sports,independent,"The fates have aligned rather nicely for Andy Farrell . It is not necessarily coincidence that Investec Champions Cup semi-final weekend falls a matter of days before the British and Irish Lions boss picks his squad on 8 May, but a meeting of Leinster and Northampton is precisely the sort of fixture he would have wanted on the docket with selection looming.

Of course, most of the thinking has already been done, perhaps a bit of tinkering at the edges still to take place but the bulk of the squad pencilled in. It would be wrong to misrepresent these final games as anything other than trivialities in an exceptionally large dataset. Yet for Northampton’s crop of contenders , this weekend could promise plenty – having pushed Leinster close in Dublin at this stage last year, another statement showing could well increase their representation on the plane.

Alex Mitchell and Tommy Freeman feel like safe bets to tour but how the sparky and spunky Henry Pollock, already an arch antagonist, fares up against a fearsome back five containing three likely Lions will perhaps be of greater interest. And what about at 10, where Fin Smith and Sam Prendergast will go head-to-head? With Owen Farrell and Finn Russell in Challenge Cup action, four of the six realistic fly half possibilities will have one last chance to display their wares ahead of a fascinating selection shake-up.

“I am always looking at other 10s and seeing if I can learn bits and bobs. I have got huge respect and admiration for him,” Northampton playmaker Smith said this week of Prendergast, revealing that two calm, considered characters had been “loosely in touch” over the last few years.

“The way he has carried himself in such a calm manner and been incredibly unfazed, particularly with some of the madness the Irish media have chucked to the (Jack) Crowley-Prendergast debate, has been impressive.

“He has got a real box of tricks with the variety of his kicking and some of his late passing at the line.”

Perhaps sensibly, Smith and his Saints chums are confronting the Lions question head on : “Everyone will give you the bog-standard answer of ‘No, I just want to focus on my game’.

“But at the same time, I am fully aware this is a big game under the microscope which is probably the last chance I’ve got to put my best foot forward before selection happens. It won’t hopefully change too much in terms of what I am trying to do, but I definitely want to go out there and play well with that (Lions) being one of many incentives.”

Little feels certain at fly half days out from the squad naming, with George Ford in delicious recent touch and Marcus Smith ’s versatility and variety sure to keep him in the frame. Even the presumed banker in Russell may not be quite such a certain bet given the addition of Johnny Sexton to the coaching team – placing too much stock in the former Ireland 10’s dismissive assessment of Russell last November in an interview with The Times would perhaps be foolish, but Sexton’s comments do maybe reflect a philosophical schism between two high-class fly halves.

One still feels the Scot will make it, though there has been developing steam behind Owen Farrell, the Lions head coach not at all coming close to ruling his son out of contention. If there are plenty of questions to be answered – a grumbly knee; Farrell Jr’s ongoing England sabbatical; the noise that would surround such a selection – the fact that they are still being asked shows the stature in which the Racing 92 playmaker is held.

He will not be the only French-based player in contention. Blair Kinghorn’s ill-timed injury imperils his chances but Jack Willis gets another chance to strut his stuff for Toulouse in what promises to be an enthralling encounter with Bordeaux-Begles. Down the divisions, Courtney Lawes is making no secret of his desire to tour, too: next Friday night’s top-of-the-table clash between Brive and Grenoble may lack the glamour of the European final-four flings but displays the ProD2’s unique charms and qualities.

It is on Lawes’s former teammates that most of the focus will fall, though. Northampton have clearly missed both he and Lewis Ludlam in their stuttering defence of the Premiership title, with the departure of Alex Waller and leaving a leadership room in need of repair. George Furbank ’s concerning arm injury – the full-back will miss this game after a suffering a set-back following a rapid return – creates yet more of a vacuum as Saints take on one of the sport’s most testing current tasks. For Pollock, Smith and the rest, this may have to be a day where they swell in size, as they did in Pretoria in December and in this fixture last year.

Yet even that sort of performance may not be enough to stay with a new and improved Leinster. Back-to-back nillings in the knockout rounds of two vibrant attacking sides in Harlequins and Glasgow have rather served as a reminder of the sheer strength of an outfit that adds South African might and Kiwi class to a squad otherwise almost entirely formed of Irish internationals. While RG Snyman has signed on for more – much to the chagrin, rightfully, of some Munster fans – the weeks are running short for Jordie Barrett ’s time in Dublin; the capture of regular All Blacks midfield partner Rieko Ioane as a replacement really is a case of the rich getting richer.

Yet while Snyman and Barrett’s impact is obvious, perhaps Leinster’s most consequential overseas addition in recent years is Jacques Nienaber, who has begun to craft the sort of suffocating blitz defence that took the Springboks to the top of the world. It is a unit good enough to put the squeeze even on the exceptionally highly-regarded Northampton attack; Smith may have more than a slingshot in his armoury but fell the Leinster goliath and the fly half really will look a Lion in waiting."
Northampton hand Leinster more European heartbreak in semi-final epic,https://www.independent.co.uk/sport/rugby/rugby-union/leinster-northampton-saints-result-champions-cup-b2744412.html,,sports,independent,"Tommy Freeman scored a first-half hat-trick as Northampton Saints stunned tournament favourites Leinster 37-34 in Dublin to brilliantly reach the Investec Champions Cup final.

Freeman, who touched down in all of England's Six Nations games this season, led the way during a magnificent Saints performance.

Henry Pollock also served notice of his British and Irish Lions selection credentials with a virtuoso score while full-back James Ramm crossed in the 63rd minute and Fin Smith kicked three conversions and two penalties.

Four-time winners Leinster matched their opponents try for try - Josh van der Flier (2), Tommy O'Brien, Caelan Doris and James Lowe crossing - with Sam Prendergast landing three conversions and a penalty.

But their hopes of reaching a fourth successive final were ultimately dashed after an epic encounter, with Northampton booking a Principality Stadium appointment with Bordeaux-Begles or Toulouse on May 24.

Saints even had to overcome late yellow cards for flanker Josh Kemeny and lock Alex Coles that saw them briefly reduced to 13 players, yet an astonishing defensive effort kept Leinster out during the closing minutes.

Northampton rocked their hosts with a spectacular try after just eight minutes that owed everything to Smith's running angle.

Ramm broke from deep before Smith took his pass at pace and surged clear of Leinster's defence, putting a kick through that Freeman gathered for a memorable score and Smith's conversion made it 7-0.

Saints became the first team to register points against Leinster in this season's Champions Cup knockout phase, with last-16 opponents Harlequins being demolished 62-0 before Glasgow were beaten 52-0 at the quarter-final stage.

It did not take Leinster long to regroup, though, and after he kicked a penalty, Ireland fly-half Prendergast fired out a scoring pass that O'Brien collected for a simple finish that meant Northampton trailed after 18 minutes.

Smith's penalty put Saints back in front but it was a short-lived advantage as Leinster were rewarded following a spell of relentless pressure when Van der Flier touched down and Prendergast converted.

Northampton's repeated infringing saw hooker Curtis Langdon yellow-carded, yet it did not unsettle them and they regained the lead courtesy of another breathtaking try, this time from Pollock's solo effort as he showed blistering pace to round Prendergast and score.

Smith added the extras and Saints were giving as good as they got, leading by two points midway through the second quarter.

Pollock required treatment following a crunching tackle on Leinster full-back Hugo Keenan but he was soon back in the thick of things as Northampton struck twice more before half-time as Freeman completed his treble.

He rounded off a sweeping move four minutes before the break, then crossed in the other corner from Saints' next attack as he showcased his pace to give his team a 27-15 interval lead.

Leinster came out firing in the second period and Doris' 46th-minute try that Prendergast converted made it a five-point game, serving notice that Saints were far from home and dry.

Smith booted a 48-metre penalty, then Van der Flier claimed his second try, only for Ramm to collect Northampton's fifth touchdown 17 minutes from time, with Smith's angled conversion leaving the visitors 10 points clear.

Back came Leinster again, though, after Kemeny was yellow-carded, with Lowe crossing and Prendergast converting to set up a nerve-shredding final 10 minutes.

Even though Coles also saw yellow and Leinster piled on late pressure, Northampton prevailed for a famous win."
Sublime Bielle-Biarrey leads Bordeaux Begles into Champions Cup final,https://www.independent.co.uk/sport/rugby/rugby-union/bordeaux-toulouse-result-score-champions-cup-b2744695.html,,sports,independent,"A sparkling showing from Louis Bielle-Biarrey helped Bordeaux-Begles end Toulouse’ s defence of the Investec Champions Cup and set up a final meeting with Northampton.

Bielle-Biarrey, named Six Nations player of the tournament after a sublime campaign that helped France secure the title , continued his excellent club season with a two-try performance, conjuring a crucial score out of nothing at the start at the second half.

The 21-year-old phenom had already scored his first by that point, tumbling in acrobatically after a Romain Buros break to extend the hosts’ lead before the break.

Toulouse rallied through a Pierre-Louis Barassi try and Bordeaux-Begles lost young back row Marko Gazzotti to a yellow card, but late scores from Pierre Bochaton and Ben Tameifuna made certain of a 35-18 victory.

A fabulous atmosphere was created with plenty of supporters from both teams filling the cavernous Stade Matmut Atlantique on the outskirts of Bordeaux for a meeting of the top two sides in the Top 14.

Shorn of Antoine Dupont , Thomas Ramos and Blair Kinghorn due to injury, Toulouse nonetheless showcased their serious backline depth as wing Dimitri Delibes’s try and a brace of penalties from Argentina international Juan Cruz Mallia edged them ahead after an early score from Pete Samu for Bordeaux.

But then came two moments of magic from Bielle-Biarrey, causing havoc alongside club-and-country wing colleague Damian Penaud again. The youngster has now scored 30 tries in just 26 games in a superlative season.

Toulouse threatened a trademark second-half surge but passed off a number of opportunities as Bordeaux fought fiercely at the breakdown, with replacement lock Bochaton scoring 15 minutes from time before enormous tighthead Tameifuna bashed over to make certain of victory.

Bordeaux-Begles will take on Northampton, who stunned Leinster in the other Champions Cup semi-final on Saturday , in Cardiff on 24 May hoping to secure their first European title."
British & Irish Lions 2025: Predicting the squad to tour Australia,https://www.independent.co.uk/sport/rugby/rugby-union/british-irish-lions-squad-andy-farrell-itoje-doris-b2744941.html,,sports,independent,"The unveiling of the British and Irish Lions squad to tour Australia is imminent with the last chance to impress Andy Farrell over.

The Lions head coach will name his touring party to travel Down Under on 8 May in front of a live audience at London’s O2 Arena, with a big captaincy call to be made between Ireland No 8 Caelan Doris and England lock Maro Itoje.

England’s strong finish to a coming-of-age Six Nations campaign has furthered the chances of plenty of their players , while Farrell’s familiarity with the Irish squad should mean plenty of representation despite the relinquishing of their crown.

Scotland and Wales have several standouts eyeing inclusion, too, with the announcement of the assistant coaches potentially revealing more about Farrell’s plans.

What could his squad to take on the Wallabies look like? The Independent has selected a 38-man touring party:

Pierre Schoeman (Scotland), Andrew Porter (Ireland), Ellis Genge (England)

Changes since post-Six Nations selection : None

Don’t rule out Wales loosehead Nicky Smith given his scrummaging skill but this trio all possess a better blend of skillsets. Ironman Porter is a regular 70-minute man for Ireland, Schoeman an underrated force with the ball and at the breakdown, and Genge has been back to his best in England white.

Dan Sheehan (Ireland), Dewi Lake (Wales), Jamie George (England)

Changes: None

Sheehan returned to full force in the Six Nations after a speedy recovery from ACL surgery, and feels a nailed-on starter. It was a shame not to see more of Lake after his own injury issues - how Wales needed him fit and firing. While his time as a Lions Test starter may have gone, George would be an excellent squad man and possible midweek captain if required, a role fulfilled by mentor Rory Best in 2017.

Tadhg Furlong (Ireland), Zander Fagerson (Scotland), Will Stuart (England)

Changes since post-Six Nations: None

The thought of Asher Opoku-Fordjour bolting into contention with a breakthrough Six Nations was entirely misplaced, with the hugely improved Stuart instead taking the tighthead shine for England. The Bath prop has gone from fringe contender to possible starter, particularly with Furlong’s ongoing fitness battles. Fagerson should make a second tour in succession.

Tadhg Beirne (Ireland), Maro Itoje (England), Joe McCarthy (Ireland), Ollie Chessum (England), Scott Cummings (Scotland)

Changes: Cummings for George Martin (England)

There’s a chance that Beirne reprises his role on the blindside with the emergence of McCarthy giving Farrell a tighthead lock option to complement Itoje, who tends to rise to the occasion in the famous red shirt . The England second row is now our choice as captain having performed the role well in his first Six Nations a skipper, with his past experiences as a tourist helping his case. Chessum also offers four/six versatility and is just getting better and better; Leicester teammate George Martin would have been in if not for injury, with the underrated Cummings taking his place.

Adam Beard, Grant Gilchrist, Will Rowlands, Dafydd Jenkins, James Ryan and Ryan Baird all have their merits, but this quintet are strong.

Caelan Doris (Ireland), Ben Earl (England), Josh van der Flier (Ireland), Tom Curry (England), Jac Morgan (Wales), Henry Pollock (England), Taulupe Faletau (Wales)

Changes: Pollock IN, Jamie Ritchie (Scotland) OUT

Squeezing this group down to even seven names remains a brutal task - with Henry Pollock impossible now to leave out after his Dublin tour de force against Leinster . Looking at the openside options alone, all of Van der Flier, Earl, Tom and Ben Curry, Morgan, Sam Underhill, Rory Darge, Jack Willis and Tommy Reffell deserve mention and consideration. Willis misses out partly due to the fact that Toulouse could well still be playing in the Top 14 when the Lions play their first game in Australia.

There are relatively few bonafide blindsides in the mix at six, though Jamie Ritchie is returning to past form and Courtney Lawes has made his desire to tour clear. Four of the locks included in our squad have the ability to cover the position, though, and Farrell may well favour two back-row scavengers anyway. Jack Conan is very close to a second tour but the vast experience of Faletau, a Test match animal chasing a fourth Lions trip, could be seen as valuable.

Jamison Gibson-Park (Ireland), Alex Mitchell (England), Tomos Williams (Wales)

Changes: None

Gibson-Park’s importance to Ireland’s attack should see him take the starting nine shirt, with Mitchell also earning a first Lions trip. Williams’s skillset would be a nice fit if Farrell favours an Irish-style system having shown his talents again for Gloucester after a slightly difficult time with Wales. Ben White is unfortunate to miss out.

Finn Russell (Scotland), Fin Smith (England), George Ford (England)

Changes: Ford for Marcus Smith (England)

So much to consider here with the form and fortunes of Irish and English fly halves key in determining who joins Russell – safely in despite Johnny Sexton’s criticism last year – in a touring trio. Let’s again explain, though, the absence of Owen Farrell. Having suffered another injury blow after a tough first season in Paris, and with no recent Test rugby in which to really press his case, it may be easier for his father to avoid a potential millstone by letting his son continue to settle at Racing 92.

The younger of the two Smiths has seized England’s fly half shirt and has the right materials to go well with the Lions, as he showed in out-shining Sam Prendergast in Northampton’s brilliant Champions Cup semi-final success. George Ford takes the final shirt as another experienced head having been a key off-field contributor for England in the Six Nations and sparkled since at Sale.

Sione Tuipulotu (Scotland), Robbie Henshaw (Ireland), Garry Ringrose (Ireland), Bundee Aki (Ireland), Huw Jones (Scotland)

Changes: None

The timing of Ollie Lawrence’s achilles injury was desperately disappointing given how he appeared to be forcing his way in. But this group has a nice balance to it and real familiarity with one another. The versatile Tom Jordan filled in admirably but Tuipulotu was much missed by Scotland, with his development as a leader an added bonus . Henshaw has not been at his best this year and perhaps feels slightly vulnerable.

Hugo Keenan (Ireland), James Lowe (Ireland), Mack Hansen (Ireland), Blair Kinghorn (Scotland), Darcy Graham (Scotland), Tommy Freeman (England)

Changes: Graham for Duhan van der Merwe (England)

Another area in which it is tough to narrow the options down, with livewire Scot Graham stealing in to snatch a spot as part of a wing group where beauty may be in the eye of the beholder. Immanuel Feyi-Waboso drops out on account of a shoulder injury that appears to have been mismanaged by both Exeter and England, while Duhan van der Merwe is another overcoming injury and perhaps more limited a player than other options. Freeman’s capacity to cover centre and aerial ability offer a point of difference from a player just getting better and better.

The other quandary in this unit is what to do with Kinghorn, like Willis a potential Top 14 winner with Toulouse. The 27-year-old possesses unique ability to provide a genuine option at fly half and across the back three, though, and thus takes a spot as an ideal utility man even if he will arrive late in Australia - and has his own fitness worries to clear.

Starting XV: 1 Andrew Porter, 2 Dan Sheehan, 3 Tadhg Furlong; 4 Maro Itoje (capt), 5 Joe McCarthy; 6 Tadhg Beirne, 7 Tom Curry, 8 Caelan Doris; 9 Jamison Gibson-Park, 10 Finn Russell; 11 James Lowe, 12 Bundee Aki, 13 Sione Tuipulotu, 14 Blair Kinghorn; 15 Hugo Keenan

Replacements : 16 Dewi Lake, 17 Ellis Genge, 18 Will Stuart, 19 Ollie Chessum, 20 Ben Earl; 21 Tomos Williams, 22 Fin Smith, 23 Tommy Freeman"
When is the Lions squad announced?,https://www.independent.co.uk/sport/rugby/rugby-union/lions-squad-announcement-andy-farrell-b2745571.html,,sports,independent,"This summer’s British and Irish Lions tour is beginning to round into view and a major milestone on the road to Australia comes this week as head coach Andy Farrell names his squad.

The best players from England, Ireland, Scotland and Wales will be eagerly waiting by their phones to find out if they’ve been selected for what is the pinnacle of any player from those four nations’ career.

Farrell is yet to confirm exactly how big his squad will be , although around 37 has generally been the number on previous tours, but however many he decides to go with, he will face a huge number of dilemmas with so many quality players available across the board.

Three Tests against the Wallabies, led for now by ex-Ireland coach Joe Schmidt , appears to be a tougher challenge than it did just 12 months ago, so getting the make-up of the Lions squad correct will be key.

Here’s everything you need to know about the announcement:

The Lions squad will be revealed from 1.30pm BST on Thursday 8 May. For the first time, the squad announcement is being held as a live event with around 2,000 Lions fans potentially in attendance at the indigo at the O2. Doors will open for the event at 12pm, 90 minutes before the announcement itself is set to begin, and any remaining tickets can be purchased here.

Lions chair Ieuan Evans, who was a three-time tourist as a player and scored the series-clinching try against the Wallabies in 1989, will read out the selections made by Farrell and his coaching staff. There will also be guest appearances and real-time reactions from players who have been selected for the tour.

If you’re not there in person at the O2 to witness the announcement, you can watch live on Sky Sports – who will broadcast the Lions tour this summer – or on the Lions official YouTube channel.

The role of Lions captain is one of the most prestigious in all of rugby and this year, it appears to be a straight shootout between two men – Maro Itoje and Caelan Doris . Anyone else would be a serious wildcard, although it has been rumoured that Farrell may consider naming a tour skipper – such as Jamie George – before figuring out his Test captain once in Australia.

That would go against Lions tradition, so the smart money is still on either England skipper Itoje or Ireland leader Doris being named, with both men almost shoo-ins to be in the Test XV if fit. Speaking of fitness, could that give Itoje the slight edge? The news this week that Doris requires an operation on a shoulder injury has the potential to throw a spanner into proceedings.

May I take this opportunity to direct you to a piece written by our Rugby Correspondent Harry Latham-Coyle this week, laying out the key questions Farrell faces as he prepares to name his squad.

Aside from the captaincy conundrum, there are numerous decisions for Farrell with some of the most pressing including narrowing down an abundance of back-row riches to a select few names, the debate surrounding whether he should pick his own son Owen as one of his fly halves, what to do with the French-based players and what characteristics he is eyeing in his back three.

Since his appointment as Lions head coach, Farrell has been assembling a crack team to support him on tour Down Under. David Nucifora is general manager of performance, Aled Walters is the head of athletic performance and Vinny Hammond is head of analysis.

On the coaching front, Farrell has named a group of assistant coaches and, as yet, has declined to give them specific roles , suggesting that everyone will contribute across the board. So get ready to see Johnny Sexton coaching the props on how to scrummage...

Glib sniping aside, former Ireland fly half Sexton was the latest addition to the coaching team and he joins an existing Ireland trio – John Fogarty, Andrew Goodman and Simon Easterby – as well as England’s Richard Wigglesworth and John Dalziel of Scotland.

The Lions will play a match against Argentina in Dublin before heading to Australia where they face nine further contests, including the three-Test series against the Wallabies. Here’s the full schedule:

All matches kick off at 11am BST unless stated"
Australia star Gordon rejects lucrative offers to commit to Wallabies,https://www.independent.co.uk/sport/rugby/rugby-union/jake-gordon-contract-wallabies-australia-waratahs-b2746393.html,,sports,independent,"Scrum half Jake Gordon has joined a string of fellow Wallabies in rejecting lucrative offers from abroad and committing to Australian rugby through to the end of the 2027 World Cup.

Gordon, who had attracted offers from French, English and Japanese clubs, said he was excited by the prospect of facing the British and Irish Lions in July and August this year as well as making his World Cup debut on home soil.

The 31-year-old started nine tests under Joe Schmidt last season and looks likely to vie with Tate McDermott for the No 9 shirt in the three tests against the Lions.

""I'd be lying if I said I didn't see what was overseas,"" he told reporters in Sydney.

""I thought the opportunity with Joe staying on for another year and possibly being able to play the Lions series and a home World Cup ... was too good to pass up.""

Schmidt last week agreed to stay on until the middle of next year before handing the Wallabies coaching reins over to Queensland Reds boss Les Kiss.

""Last year, I thought I had a decent year at test level. I'm hungry to go better,"" Gordon added.

""I really enjoyed my time under Joe, I really simplified the way I needed to play for him, which was great. To be fair, the whole coaching team did a great job and I think you could see our progression.

""We really started to find our game later in the (year).""

Wallabies Len Ikitau, Fraser McReight, Nick Frost, Harry Wilson, Jeremy Williams, Lukhan Salakaia-Loto, Matt Philip, Isaac Kailea and Lachlan Lonergan have all recently signed contract extensions with Rugby Australia (RA).

Gordon will continue to play Super Rugby for the Waratahs, the Sydney-based club he has captained since the start of 2021.

""I do see some longevity in our progression, I do see it getting better and better,"" he said.

""I just want to stay here and contribute and hopefully have some really good wins."""
Fandom in Florida: sports and city breaks in the Sunshine State,https://www.independent.co.uk/travel/north-america/usa/florida-sports-city-sunshine-b2388953.html,,sports,independent,"The Jacksonville Jaguars will be bringing a slice of Florida life to the UK this October when the NFL returns to London, putting all eyes on the Sunshine State.

But Florida isn’t only about the NFL; from baseball and basketball to ice hockey and soccer, this state is a hotspot for sports enthusiasts of every persuasion, and there’s plenty to lure travellers keen to get active themselves, too.

So where should you head if you’re feeling inspired by the buzz? We’ve put together a guide to the best sport and adventure spots, from catching Lionel Messi playing in Miami to kayaking through the mangroves of Everglades National Park.

If you’re keen to learn more about the NFL, TIAA Bank Field, in the heart of Jacksonville, should be your first port of call. The Jaguars’ home stadium, this sprawling complex hosts games every Sunday during the season, as well as tours taking you behind the scenes to explore its impressive slew of amenities.

Florida’s sports aren’t only limited to Jacksonville, of course. Head to Fort Lauderdale to admire Lionel Messi’s footwork at an Inter Miami CF soccer game, then check out the LoanDepot Park in Miami to see the Marlins play a Major League baseball game. Visit Tampa to catch the Lightning ice hockey team in action, or swing by Orlando to see a Major League basketball game at the Amyway Center, the home of its Magic team.

For more in the way of baseball, check out Jacksonville’s 121 Financial Ballpark – one of the biggest Minor League baseball parks in the US – or pay a visit to Fort Myers to witness the Mighty Mussels.

If all that has you craving a little activity yourself, you won’t be short-changed, with 175 state parks and 11 National Parks scattered across Florida. Jacksonville alone boasts more than 80,000 acres of greenery; hike around the creeks and forests of Big Talbot Islands State Park, wander the wetlands of the sprawling Timucuan Ecological and Historic Preserve, or tackle the mountain bike trails of Kathryn Abbey Hanna Park.

Closer to Miami, the Big Cypress National Preserve is well worth a visit for its scenic hiking and cycling trails, criss-crossing a colourful patchwork of swampland. The Everglades have meanwhile garnered legendary status for good reason, with panthers, manatees, alligators and more than 360 species of bird residing among the park’s mangrove forests, and kayaking tours on hand to show you the best of it.

Elsewhere in Florida, there’s plenty to lure golfers, with more than 1,200 courses scattered across the state, while diving, surfing, kitesurfing, sailing and zip-lining are all on offer too – making it an excellent bet for a sporty escape amid scenes that belong on a postcard.

For more information and to start planning your next trip to the United States, visit visittheusa.co.uk"
A sports lover’s guide to one week in Tennessee,https://www.independent.co.uk/travel/north-america/usa/sports-lover-guide-to-tennessee-b2388922.html,,sports,independent,"The NFL is once again making its way over to London this October, bringing with it some all-American cheer, excellent teams and plenty of entertainment. The Tennessee Titans will be one of the teams visiting this year, facing off against the Baltimore Ravens at the Tottenham Hotspur Stadium in north London. Tennessee may be known as the home of Country Music, but there’s plenty to keep the avid sports lover entertained too, from thrilling car races to high octane ice hockey.

With pro basketball, golf and college football, Memphis is a great place to start your Tennessee adventure. AutoZone is often considered one of the best baseball parks to catch the minor leagues, so start your day here with a picnic (or their famed barbecue nachos) before catching the Memphis Redbirds in action.

Meanwhile, the NBA’s Memphis Grizzlies play their matches at FedExForum in Downtown Memphis in the evenings. The University of Memphis men’s team, the MemphisTigers, also plays here if you’re looking for a match on a bit of a smaller scale. The arena is right by the historic Beale Street, so follow the fans after and celebrate in one of the many restaurants and bars (including sports bars, if your itch for the day isn’t fully scratched). If it’s quality live blues bands and a bowl of gator gumbo you’re after, be sure to take your post match hype to the Rum Boogie Cafe.

Start the next morning by catching some golf at the FedEx St. Jude Classic, where there’s a PGA tournament every June at the beautiful TPC Southwind private club in Shelby County. Alternatively, play a round yourself at the Tunica National golf course or Mirimichi.

The drive from Memphis to Nashville is a beautiful and simple one, staying on Route 40 for around three hours until you reach the famous Parthenon in Centennial Park. If time is on your side, make a slight detour at the Loveless Cafe for a plate of it’s famous biscuits, country ham and red-eye gravy; or if you’re really hungry opt for a pit-cooked pulled BBQ platter with eggs. Whatever you choose, be sure to call ahead to book a table; this place is very popular, and for good reason.

While some of the big sporting events that take place here are relatively new, having been established within the last two decades, they still play a big part in city life. The NFL Tennessee Titans (American football), NHL Nashville Predators (ice hockey) and Nashville Soccer Club (Tennessee’s Major League Soccer Club) all play here. There are plenty of other teams and sports to catch beyond the major pro teams as well, like the minor league baseball team Nashville Sounds, and Belmont and Tennessee State universities, both of which have Division I-level athletics.

Check out the Tennessee Sports Hall of Fame and Museum on Broadway, chronicling Tennessee’s sporting history while you’re here, as well as the many sports bars. Clyde’s Ping Pong Bar and the Corner Pub are two of the top destinations for sports fans in Nashville — just be sure to leave some time to check out the Honky Tonks, too. For a real musical treat, call in at Robert’s Western World on Broadway on an evening that the Chris Cosello Trio is playing, before seeing in the morning hours at Tootsies.

After a couple of days in Nashville, it’s time for another drive further east along Route 40, taking just under three hours this time, to Knoxville. It’s a College Football town and game days here are legendary, fizzing with energy and expectation. It’s also home to the Knoxville Ice Bears, the four-time-champion hockey team of the Southern Professional Hockey League. Catch them on the ice at Knoxville Civic Coliseum, ideally after a sensational sourdough pizza from A Dopo .

Knoxville is home to the Hard Knox Roller Derby, East Tennessee’s first all-women flat track roller derby league. Watch these athletes go hell for leather as they hustle their opponents around the roller rink, often in amazing costumes and make up, all for $15 on the door.

Women’s basketball has also made a name for itself here and there’s the Women’s Basketball Hall of Fame to check out. After soaking up the Knoxville sports scene, drive out to the nearby Great Smoky Mountains, where you’ll find great hiking routes as well as adrenaline activities like zip lining.

For the final stop on this itinerary, drive east once more to Bristol (roughly a 90-minute drive away). Here there’s the NASCAR race at Bristol Motor Speedway where you can catch a thrilling car race around what’s been dubbed the world’s fastest half mile. Established in 1961, this short high-banked track has a long history of drama and entertainment, hosting the kinds of furious races that have led to its reputation as one of the biggest spectacles on the NASCAR circuit.

Away from the thunder of the race track, seek some contrasting serenity at Steele Creek Park. Twenty-four miles of walking, biking, and hiking trails await, as well as fishing, paddleboarding and golfing opportunities all against the mighty backdrop of the Appalacians.

Whatever your sports passion, and whether you’re an avid spectator or keen to participate in the hooping, Hail Marys and home runs yourself, Tennessee has got you covered.

For more information and to start planning your next trip to the United States, visit visittheusa.co.uk"
"Hail Maryland: football, food and festivals in Baltimore and beyond",https://www.independent.co.uk/travel/north-america/usa/maryland-football-food-baltimore-b2388974.html,,sports,independent,"Three NFL games are being hosted in London this year, bringing with them a dose of all-American culture with high-class sporting skills and lively entertainment. Among the teams flying over are the Baltimore Ravens, visiting from their Maryland homeland, the M&T Bank Stadium. Maryland has an exciting sports scene, but in between the hooping and hand-offs, there are unique cultural events and attractions a-plenty for visitors to experience in the state.

There are two major sports stadiums in Maryland that any visiting football fan should check out: M&T Bank Stadium, home of the Baltimore Ravens, and Fedex Field in Landover, where you can catch the Washington Commanders in action. Travel during the summer season and you can catch Baltimore Burn, the women’s American football team playing at Patterson Park in Baltimore. Baseball fans can check out the Major League Baseball Baltimore Orioles at Oriole Park in Camden Yards, or there’s the minor league Frederick Keys of the MLB Draft League.

Elsewhere, horse racing enthusiasts will want to check out Baltimore’s Pimlico Race Course for the Preakness Stakes; Basketball fans to the XFINITY CENTER in College Park to catch the Maryland Terrapins Basketball or Maryland Women’s Basketball game; and for fans of college sports including lacrosse and indoor football there are nine local colleges and universities throughout the state playing NCAA Division I sports.

If you feel like taking a little breather from the high-energy sporting events, there are plenty of attractions that are well worth checking out in Maryland too. Start with the famous waterways, a defining feature of the state and home to one of the cultural highlights: Kent Island. This treasure trove of historic buildings, beaches and seafood restaurants is situated in the Chesapeake Bay, and you could easily spend a day or two touring its distilleries, wineries and hiking trails.

The charming seaside resort town of Ocean City is another great spot for beaches, boardwalks and seafood, as are Annapolis City Marina and Baltimore Inner Harbor. For a dose of art, the city of Frederick (about an hour’s drive from Baltimore) has a charming and historic downtown area. Here you’ll find Market Street, which has a few art galleries and stores, including DISTRICT Arts. Check out a theatre production at the Weinberg Center for Arts while you’re there.

Right at the top of the list is the blue crab that Maryland is famous for. Thanks to its waterways, the state is brimming with fresh seafood, and Chesapeake Bay is one of the best spots for crustaceans from spring through autumn. You’ll be able to find blue crab in crab shacks and restaurants anywhere in the state — eat them freshly steamed or dusted with the state’s famous Old Bay seafood spice. Unsurprisingly, a lot of dishes famous in Maryland are centred around seafood and fish. But like so many US states, it has its own unique barbecue style, too. The meat here is lean, top roast beef, grilled directly over hot charcoal, and served in thin slices in rolls with onions and horseradish sauce — an ideal meal after a day of watching sports.

Pick any month and there’ll be a bunch of local festivals and fairs happening across the state. One of the highlights in the music calendar is the Capital Jazz Festival in Columbia, taking place every June. And for other months of the year, Columbia has a whole host of exciting gigs lined up at Merriweather Post Pavilion, an outdoor gig venue in Symphony Woods. Germantown in Montgomery County holds a huge Oktoberfest every October, ending the day with a fireworks display, while Deep Creek Lake is home to a world-class National Canoe and Kayak championships in September.

For more information and to start planning your next trip to the United States, visit visittheusa.co.uk"
Here’s how to travel the US inspired by 7 recent Super Bowl champs,https://www.independent.co.uk/travel/north-america/usa/super-bowl-tour-nfl-heroes-b2436578.html,,sports,independent,
Barcelona’s Martinez appears to spit at Inter rival in heated moment,https://www.independent.co.uk/sport/football/inigo-martinez-spit-francesco-acerbi-champions-league-barcelona-inter-b2746076.html,,sports,independent,"Barcelona defender Inigo Martinez appeared to spit at Inter Milan ’s Francesco Acerbi during Tuesday night’s epic Champions League semi-final , leading to a brawl between the teams.

The heated moment came shortly before half time as Hakan Calhanoglu doubled Inter’s lead from the penalty spot.

As Calhanoglu thrashed the penalty into the bottom corner, Acerbi ran past Martinez and started to celebrate. Footage revealed after full-time by broadcaster Prime Video then showed Martinez, a Spain international, appearing to spit in Acerbi’s direction.

Acerbi reacted angrily and had to be held back by his team-mates and Barcelona midfielder Pedri as he pointed towards Martinez.

The incident was presumably the cause of the charged scenes shorty before half time, with emotions between the Inter and Barcelona players noticeably running high.

At the same time, the TV broadcast indicated the VAR was checking for a potential red card, but it was quickly cleared.

Presumably, the VAR did not see Martinez’s apparent spit towards Acerbi, as the referee Szymon Marciniak would have been sent for an on-field review.

Barcelona’s players were frustrated at the decision to award Inter a penalty following an intervention from VAR, with Pau Cubarsi ruled to have fouled Lautaro Martinez with a sliding challenge in the box. Marciniak had waved play on after seeing the initial challenge on the pitch.

Martinez could well face disciplinary action if he is ruled to have spat towards an opponent.

It was Inter who progressed to the Champions League final after winning an all-time classic of a tie 7-6 on aggregate.

Barcelona were minutes away from victory but Acerbi sent the semi-final to extra time where Davide Frattesi won it for the hosts."
"Is PSG vs Arsenal on TV? Kick-off time, channel and how to watch",https://www.independent.co.uk/sport/football/psg-arsenal-tv-channel-time-live-stream-b2745547.html,,sports,independent,"Arsenal travel to France to face Paris Saint-Germain in the second leg of their Champions League semi-final tie tonight, with Mikel Arteta ’s side needing to overturn a one-goal deficit.

Last week’s first leg was an intriguing affair at the Emirates, though it was settled with an early goal from Ousmane Dembele that has given PSG a potentially vital aggregate lead.

And the Gunners travel to the French capital knowing that any further slip-ups could be extremely costly at this stage of the competition, as both sides fight for a place in the final in Munich later this month.

Nevertheless, Arsenal have cause for optimism after a first leg performance that showed they can hurt PSG if it all clicks, so fans will be hoping for a famous comeback in what it the biggest game of Arteta’s tenure so far.

Here’s everything you need to know.

PSG vs Arsenal is due to kick off at 8pm BST on Wednesday 7 May at the Parc des Princes in Paris.

Viewers in the United Kingdom can watch the action live on TNT Sports 1, with coverage starting at 7pm. Subscribers can also stream the match live on discovery+.

You can purchase a TNT Sports subscription via discovery+ here , for only £30.99 per month.

For the hosts, Luis Enrique rested the majority of his starters for the loss against Strasbourg at the weekend, and the Spaniard confirmed that Dembele will be fit to face the Gunners after picking up a rumoured hamstring strain in the first leg.

Elsewhere, Presnel Kimpembe and Lee Kang In look like they will miss the second leg, though Lucas Hernandez may have recovered in time.

Jurrien Timber is the main doubt for Arsenal after missing the loss to Bournemouth, though both him and Martin Odegaard trained on Tuesday. The Gunners will also welcome back Thomas Partey after he was suspended for the first leg.

Jorginho remains out alongside Kai Havertz, though Riccardo Calafiori has returned to training and Arteta will hope he can call upon the Italian if needed on Wednesday night.

PSG XI: Donnarumma; Hakimi, Marquinhos, Pacho, Mendes; Neves, Vitinha, Ruiz; Doue, Dembele, Kvaratskhelia.

Arsenal XI: Raya; Timber, Saliba, Kiwior, Lewis-Skelly; Odegaard, Partey, Rice; Saka, Merino, Martinelli.

PSG to progress - 2/11

Arsenal to progress - 7/2

The Independent vets betting sites for useability, security and responsible gambling tools. You can claim free bets here to use across a range of sports. Please read the terms."
Flick criticises referee as Barcelona knocked out of Champions League,https://www.independent.co.uk/sport/football/barcelona-inter-champions-league-referee-flick-b2746213.html,,sports,independent,"Barcelona manager Hansi Flick criticised the referee after his side were knocked out of the Champions League in a thrilling semi-final with Inter Milan .

Having been 2-0 down at half-time, Barca produced a brilliant three-goal second-half comeback to stun the San Siro and stand on the brink of the final, leading 6-5 on aggregate.

But Francesco Acerbi steered home a late equaliser for Inter to force extra time, and substitute Davide Frattesi added another to clinch a dramatic 7-6 win for the Italian club , who will face to Paris St Germain or Arsenal in the final.

Acerbi’s goal was controversial , as Barcelona left-back Gerard Martin claimed to have been fouled as he lost the ball in the build-up, and Flick criticised Polish referee Szymon Marciniak who had a busy night.

He awarded Inter a penalty after a VAR review for a challenge by Pau Cubarsi on Lautaro Martinez that he did not deem an infringement and later reversed a decision he had signaled as a spot kick for Barcelona, with VAR saying Henrikh Mkhitaryan’s foul on Lamine Yamal was just outside the box.

Barca’s players and bench also complained about what they thought was handball inside the box by Inter defender Acerbi and a foul by fullback Denzel Dumfries on Gerard Martin in the build-up to the equaliser which took the game to extra time.

“I don’t want to talk too much about the referee, but every decision that was 50-50 went (Inter’s) way,” German Flick told a press conference.

“I am disappointed, but not with my team. They tried everything. It’s the way it is. We are out, but next year we will try again to make the fans happy.

“It makes me sad ... My team did an excellent job. I don’t like talking about the referee ... I’ve told him what I think, but I’m not going to say it here what I’ve said...”

Barca were chasing a treble after winning the Copa del Rey, but will now turn their focus to LaLiga, where they top the table and on Sunday host rivals Real Madrid, who trail them by four points with four games to go.

The five-times winners were hoping to reach their first Champions League final in a decade, but were left licking their wounds ahead of Sunday’s ‘El Clasico’.

Unbeaten domestically since late December, Barcelona will try to grab a fourth consecutive victory over Real this season.

“We’ll learn from this. It’s a progression. We want to keep learning. We don’t have much time to train now, but next weekend we are back. It’s normal to be disappointed,” Flick said.

“The team deserves the respect they have earned. We play to win, we want to win titles and we have LaLiga, with a very difficult match. We have a few days to prepare for this match.

“Each player, when they get home, can look in the mirror and be proud of themselves. We’ll analyse the game calmly and see what we can do.”"
‘Goodbye epic!’ Spanish newspapers react to crushing Barcelona loss,https://www.independent.co.uk/sport/football/inter-barcelona-champions-league-newspapers-goals-b2746245.html,,sports,independent,"Barcelona lost an “epic” to Inter Milan in one of the greatest Champions League ties in history, yet their fans still retained “pride” while reacting to the crushing semi-final defeat at the San Siro.

Hansi Flick’s side went down 7-6 on aggregate after extra time , with Davide Frattesi landing the vital blow in the 99th minute, while Yann Sommer proved decisive in his player of the match performance, denying superstar Lamine Yamal one last time to confirm Simone Inzaghi’s side will return to the final after defeat two years ago to Real Madrid.

Inter were cruising at one stage thanks to a 2-0 lead through Lautaro Martinez and Hakan Calhanoglu’s penalty, only for Eric Garcia and Dani Olmo to spark a wild second-half comeback, with Raphinha’s strike three minutes from the end appearing to complete a remarkable turnaround and send the Spaniards into the final.

But after controversy surrounding Francesco Acerbi’s stoppage time equaliser and Frattesi’s decisive goal, Inter prevailed amid chaotic scenes at the San Siro and will now play either Paris Saint-Germain or Arsenal.

Former Manchester United full-back Matteo Darmian admitted he had “no idea” why Acerbi had ventured into the opponents’ box, but Barcelona fans protested that Denzel Dumfries had fouled Gerard Martin in the build-up before the Inter defender’s fine finish. The reaction in Spain one of defiance, though, despite some frustration with the officials

“Goodbye epic,” read the front page of Catalan paper Mundo Deportivo, which also described Lamine Yamal as “stratospheric” after completing 14 dribbles, the most in a Champions League match since Neymar’s 15 against Atalanta in 2020.

Sport added “proud of this team!” on their front page, claiming Flick’s side can leave with their “head held high,” before bemoaning “decisions made by referee Szymon Marciniak and VAR”.

The Italian press poked fun at Yamal, too, with Rome-based Corriere dello Sport’s play on words from the Inter anthem ‘Amala’, with their headline reading “Yamala,” they also called it “a science fiction match.”

Turin-based Tuttosport went with “Interstellar”, describing the Nerazzurri as having “class and heart” to overcome their Spanish opponents.

Milan-based Gazzetta dello Sport go with “mythical Inter” for eliminating “the Barca of super Yamal”.

Flick reacted by pointing the blame at the officials: “I’m disappointed but not with the players and their performance. They tried everything and that’s just the way it is. Some decisions were 50-50 and they have always gone to Inter. That’s football. We have to accept it. I’m very proud of my team. Sometimes you think that some of the referee’s decisions are unfair. But we have to accept it and start again next season.

“I think about it, about the refereeing decisions but I don’t want to talk about it. It’s not fair to my team, who did a huge job. I don’t like to talk about the referee. I’ve told him what I think but I’m not going to say it here.”

The second leg between PSG and Arsenal takes place tonight at the Parc des Princes, with Luis Enrique’s side holding a precious 1-0 lead on aggregate."
Bodo/Glimt fan trades five kilos of fish for ticket to semi-final,https://www.independent.co.uk/sport/football/bodo-glimt-tottenham-europa-league-semi-final-tickets-b2746286.html,,sports,independent,"A Norwegian bartered five kilos of semi-dried fish for a ticket to Thursday’s semi-final clash between Bodo/Glimt and Tottenham Hotspur in the Arctic Circle, as the hosts aim to become the first Norwegian club to reach a European final.

Some 50,000 fans were vying for just 480 tickets to the second leg of Bodo/Glimt’s Europa League semi-final.

After missing out, Torbjorn Eide, a production manager at a fish farm in Senja, offered five kilos of boknafisk, a Norwegian delicacy worth nearly 2,500 Norwegian krone (£182), in exchange for a ticket.

""We produce Norway’s best boknafisk, and you probably can’t get it in Bodo city. So I thought maybe someone would want it,"" Eide told Norway's state-run broadcaster NRK on Tuesday.

Oystein Aanes, who had a spare ticket because his brother couldn't make the game, took the bait. ""It was just a fun thing,"" Aanes told NRK.

Inspired by the deal, Nils Erik Oskal decided to try his luck with five kilos of reindeer meat.

""Someone took the bait. It didn't take long,"" he said.

Oskal’s trade could be worth about 1,000 Norwegian krone (£73). ""But that doesn't matter, I get to experience something huge,"" Oskal said."
Athletic Bilbao hit by triple injury blow ahead of Man Utd second leg,https://www.independent.co.uk/sport/football/man-utd-team-news-athletic-bilbao-europa-league-b2746312.html,,sports,independent,"Athletic Bilbao have suffered a triple injury blow ahead of the second leg of their Europa League semi-final against Manchester United with Nico and Inaki Williams plus top scorer Oihan Sancet all ruled out.

The trio were missing from the 24-man travelling squad named by Ernesto Valverde on Wednesday morning, with Athletic announcing that Inaki Williams - who has 11 goals and nine assists this season - has suffered a hamstring injury.

His younger brother Nico, who also has netted 11 goals, has been dealing with a groin problem.

Sancet, who leads the charts with 17 goals, missed last week's first leg with a hamstring problem and has been unable to recover in time for the reverse fixture.

United were already strong favourites to advance to the final after a brace from Bruno Fernandes and a Casemiro goal gave them a 3-0 win in Bilbao in last week's first leg.

Bilbao travelled to Manchester on Wednesday morning ahead of a training session at Old Trafford as they look to overturn a significant deficit.

This year’s Europa League final will be played at the San Mames, the Basque side’s home ground. Bodo/Glimt take on Tottenham in the other semi-final, with the Norwegian side 3-1 behind."
Simone Inzaghi hails Inter Milan for ‘two monstrous performances’ to reach final,https://www.independent.co.uk/sport/football/inter-milan-barcelona-pedri-champions-league-italian-b2746331.html,,sports,independent,"Head coach Simone Inzaghi called it a “monstrous” performance and more than one Italian newspaper branded it “mythical” after Inter Milan’s stunning 4-3 extra-time Champions League semi-final win over Barcelona .

Dozens of Inter fans had headed for the San Siro exits after Raphinha put Barca 3-2 up in the 87th minute, and they would not be let back in once 37-year-old Francesco Acerbi levelled three minutes into time added on to force another half an hour of play.

That meant they missed Davide Frattesi curling in a 99th-minute winner that sealed a 7-6 aggregate victory and ultimately settled a classic of a last-four tie – the joint highest score in a semi matching Liverpool’s 7-6 win over Roma in 2017/18.

“First of all, we have to congratulate Barcelona,” Nerazzurri boss Inzaghi said.

“We faced a really strong team, and it took a super Inter side to win. The players delivered two monstrous performances to reach this final, and I’m very proud of them – they gave everything. With our heart, we overcame every obstacle.”

Frattesi – who also scored a late goal to see off Bayern Munich in the quarter-finals – celebrated his goal so vigorously, climbing the fences to try to reach the fans, he said he almost had to come off.

“I was fortunate to see out the game,” he told Sky Sports Italia.

“I was celebrating so much I was dizzy and nearly had a blackout!”

Frattesi was not the only hero for Inter. Yann Sommer made two critical saves against 17-year-old Barca forward Lamine Yamal, the first to prevent a winner soon after Acerbi’s equaliser, then again with a superb one-handed stop in the 113th minute.

“It was a special save,” Sommer said. “I will remember it for the rest of my life.”

Inter had taken a 2-0 half-time lead through Lautaro Martinez’s goal and Hakan Calhanoglu’s penalty, but Eric Garcia and Dani Olmo brought Barca level before Raphinha hit what looked like a late winner, only for it to all change again.

Hansi Flick’s frustrations were obvious in a tense press conference with the Barca coach.

“We are all disappointed as we put so much into this game,” said the German, who was booked for his protests during the match.

“Some 50-50 decisions all went Inter’s way, but that’s how it goes. I am proud of the team. I think the result is unfair and that some of the referee’s decisions were very good but not in our favour.”

Midfielder Pedri went further in his criticism of Polish referee Szymon Marciniak, with Barca unhappy over Inter’s penalty.

“This isn’t the first time this has happened to us with this referee,” Pedri told reporters.

“UEFA should look into it. There are things I don’t understand.”"
Matthijs de Ligt doubtful for Man Utd’s Europa League semi-final second leg,https://www.independent.co.uk/sport/football/matthijs-de-ligt-spain-europa-league-ruben-amorim-athletic-bilbao-b2746392.html,,sports,independent,"Matthijs de Ligt looks set to miss Manchester United’s Europa League clash against Athletic Bilbao after sitting out of training on the eve of Thursday’s semi-final.

Ruben Amorim’s Red Devils boast a 3-0 lead from the first leg in Spain , where Casemiro’s opener was followed by Dani Vivian’s sending off and a Bruno Fernandes brace.

De Ligt returned from a month out in Spain as a second-half substitute at San Mames and went on to start Sunday’s 4-3 loss Brentford, only to limp off after 35 minutes.

The Netherlands international missed training on Wednesday, with the severity of his issue to become clear at Amorim’s pre-match press conference.

United midfielder Christian Eriksen missed the session but is expected to be available on Thursday.

Noussair Mazraoui trained after being rested against the Bees and Ayden Heaven did separate work away from the main group at Carrington.

Diogo Dalot, Lisandro Martinez, Joshua Zirkzee and Toby Collyer remain out. Jonny Evans was another that sat out training."
Wenger: VAR made mistake in Inter’s Champions League win over Barca,https://www.independent.co.uk/sport/football/inter-barcelona-champions-league-penalty-var-wenger-b2746403.html,,sports,independent,"Arsene Wenger says VAR made a major mistake in awarding a penalty against Barcelona in their dramatic Champions League semi-final defeat by Inter Milan .

Having been 2-0 down at half-time, Barca produced a brilliant three-goal second-half comeback to stun the San Siro and stand on the brink of the final, leading 6-5 on aggregate. But Francesco Acerbi steered home a late equaliser for Inter to force extra time, and substitute Davide Frattesi added another to clinch a 7-6 win for the Italian club.

Wenger, who is Fifa’s chief of global development, disagreed with the award of Inter’s first-half penalty, which Hakan Calhanoglu converted from the spot.

The Polish referee Szymon Marciniak initially waved away the penalty claims when Barca defender Pau Cubarsi tackled Inter forward Lautaro Martinez in the box. But VAR intervened, telling Marciniak to check again, and the referee awarded the foul after viewing his pitch-side monitor.

Cubarsi appeared to make a strong, clean tackle but slow-motion replays showed how the defender made contact with Martinez’s foot rather than the ball. However, Wenger suggested Martinez had deliberately put himself in Cubarsi’s path to draw the foul.

“I am highly against these kind of penalties and I am highly against using the slow motion,” Wenger told beInSports.

“At normal pace this is a great tackle, he’s first on the ball. Why does [Cubarsi] touch him? Look what Lautaro is doing. He leans into him, he looks for the penalty, he knows he cannot score because he feels the defender there.

“The referee, in this situation, has not made the right decision. He [Cubarsi] is first to the ball and that’s what counts for me. The rest is done by Lautaro. It doesn’t matter if there’s contact, it’s who plays the ball and who wins the ball first.”

Barcelona manager Hansi Flick also criticised referee Marciniak who had a busy night, later reversing a decision he had signalled as a spot kick for Barcelona, with VAR saying Henrikh Mkhitaryan’s foul on Lamine Yamal was just outside the box.

Barca’s players and bench also complained about what they thought was handball inside the box by Inter defender Francesco Acerbi and a foul by full-back Denzel Dumfries on Gerard Martin in the build-up to the equaliser which took the game to extra time.

“I don’t want to talk too much about the referee, but every decision that was 50-50 went (Inter’s) way,” Flick told a press conference. “I am disappointed, but not with my team. They tried everything. It’s the way it is. We are out, but next year we will try again to make the fans happy.

“It makes me sad ... My team did an excellent job. I don’t like talking about the referee ... I’ve told him what I think, but I’m not going to say it here what I’ve said...”"
"Best AirPods deals May 2025: AirPods Pro, 4 and Max",https://www.independent.co.uk/deals/best-airpods-deals-uk-b2689076.html,,sports,independent,"Bluetooth headphones have come a long way since the early 2010s, when unreliable sound and connectivity issues were the norm. Today, wireless earbuds are everywhere, with Apple ‘s AirPods leading the charge.

Now, nearly a decade after their debut, Apple is on its fourth generation of AirPods – available with or without active noise cancellation. Released in September 2024, they run alongside the company’s flagship AirPods Pro 2 , which were first launched in 2022, and are continuously updated with new features.

While finding cheap AirPods deals can be challenging, third-party retailers often run sales on Apple’s earbuds, and we’ve seen discounts across all three models in the past. We’re constantly on the lookout for the best AirPods bargains, including on the AirPods Max, and having reviewed every pair, we can confidently vouch for their performance. They’re a smart investment, especially when they’re on sale. Keep reading to discover how you can snag a pair at a more affordable price.

Read more: Find the best deals on a new TV

With impressive sound and noticeably better noise cancellation than the first-generation pro earbuds, the AirPods Pro 2 also feature touch controls on the buds themselves. In his review , tech critic David Phelan said of the buds: “Noise-cancelling was good enough to reduce continuous sounds such as engine noise on a train”. Now, you can save £40 while they’re discounted at Laptops Direct.

The AirPods 4 are rarely discounted, but right now you can pick up the AirPods 4 with active noise cancellation for £169 at EE. In his review , tech critic David Phelan said listening to music with the AirPods 4 was “exemplary, even with noise-cancelling off, offering decent breadth of sound and fidelity in vocals and mid-range notes”. He added that he found the buds themselves to be “amazingly small and light”.

This is an excellent deal on the Apple AirPods Max. Priced at £499 elsewhere, they’re currently discounted to £453 at Very. In his review , tech writer Alex Lee found that “They cover your ears so fully that you get an exceedingly good amount of passive noise cancellation without even having to turn on ANC – even better than some of the active noise-cancelling headphones we’ve tried.” He loved their “spatial audio” – a feature, he explained, that means sounds come from all directions around your head.

Want to read more about Apple’s newest pair of earbuds? Head to our review of the AirPods 3rd gen"
Nike discount codes for May 2025 – how to get 25% off,https://www.independent.co.uk/deals/nike-discount-code-b2696046.html,,sports,independent,"Whether you're after a stylish new pair of trainers , refreshing your gym kit or searching for a last-minute gift for the sports enthusiast in your life, Nike is one of our go-to brands for all things athleisure .

A label that needs very little introduction, Nike offers everything from skateboarding gear and tennis shoes to kids’ tracksuits and retro running trainers. And, of course, it is constantly releasing new designs and refreshes on classic styles.

Its clothing and shoes don’t always come cheap though, with the bestselling dunk trainers setting you back at least £100. But, luckily for you, we’ve rounded up the best Nike deals that will save you big on your next purchase below. For example, you can save up to 50 per cent off styles in the Nike sale, and bag great discounts off full-price pieces. Keep scrolling for our top picks.

Most Nike discount codes change with the seasons. Over the last few years, the brand has offered 20 or 25 per cent off site-wide full priced items throughout spring, again in July, and ready for Christmas, between November and December. The minimum spend varies, but this is typically between £50 and £150.

If you don’t manage to find what you’re looking for in the Nike sale, there’s no need to worry – you can still save yourself some cash.

For example, if you sign up to become a Nike member , you'll get exclusive access to member-only products, rewards per spend, free shipping, and a handsome 25 per cent discount for your birthday. Even if your birthday isn’t for a number of months, it’s worth signing up now, so that when the big day swings around and you’ve got some money or gift cards to spend, you’ll have a discount to use, too.

Right now, the Nike sale is impressive, offering you the chance to save up to 50 per cent on clothing, shoes and equipment. The Nike dunk low retro men’s sneakers, for example, have been reduced by over £40 (£65.99, Nike.com ). If you need a new hoodie, turn to the Nike sportswear club fleece (£41.99, Nike.com ), which has also been reduced by 30 per cent.

Students looking to save can enjoy 10 per cent off at Nike. All you need to do is register with Unidays to verify your student status, and then you'll be assigned a secure, single-use discount code to use on full-price items.

As with years gone by, many of Nike’s new and hero products are bestsellers, gaining viral status on social media and beloved by big names – like Dakota Johnson, J Lo, Justin Bieber and Sofia Richie Grainge, who are all known to be fans. Some of the most popular styles right now include Nike’s bestselling trainers like the dynamic air max (£174.99, Nike.com ) and stylish football boots (£239.99, Nike.com ) that ensure your best performance.

The Independent ’s deal-hunters are dedicated to finding you the best deals. As Nike is one of the world’s best-known brands, we’re always searching for new ways to help you save on your shopping, whether it’s through sales or discount codes.

The Independent has been a trusted consumer champion since 1986, reporting on behalf of our readers to find the best deals and discounts. Whether it’s savings on athleisure, regular deals coverage or helping you source the top offers during some of the biggest annual shopping events (think Amazon Prime Day , Black Friday and the Boxing Day sales ), our team are always looking out for the best ways to save you money on the products worth buying. We only ever select savings from brands that we trust.

Looking for the best running trainers? Check out our guide to the best tried and tested pairs"
Best Mountain Warehouse discount codes: 20% off everything,https://www.independent.co.uk/deals/mountain-warehouse-discount-code-b2700007.html,,sports,independent,"Whether your hiking boots have seen better days, or you're looking to treat yourself to a tent that doesn't have holes in, Mountain Warehouse is one of our go-to brands for shopping all things camping , sport and outdoors.

The retailer’s large catalogue of items features a number of products from brands but mainly consists of a huge selection of products that are designed in-house, which helps to keep the price low. The high street giant stocks everything from ski pants and air beds to fleeces and paddleboards . Tents , backpacks and waterproof jackets come in all different shapes, sizes and colours, with different styles to suit a variety of activities and budgets. It’s really handy to have them all in one place, making Mountain Warehouse a sort of treasure trove for outdoor pursuits.

While the retailer is one of the most competitively priced outdoor stores, we’re always excited to learn of extra discounts and sales. These opportunities to land a bargain are perfect for those needing to buy all-new ski gear for an upcoming trip to the Alps or for parents planning ahead for summer camping holidays.

Right now, the Mountain Warehouse clearance features products with a whopping discount of up to 70 per cent across men's and women's, kids, footwear, ski, jackets and equipment. If you’ve got a ski trip coming up, the long snow boots (was £49.99, now £16.99, Mountainwarehouse.com ) are currently reduced by 66 per cent and would keep your feet toasty warm thanks to their durable snow-proof layer. You can also save 56 per cent on this two-pack of base layer trousers (was £44.99, now £19.99, Mountainwarehouse.com ), and anti-fog ski goggles from Surfanic (was £70, now £40, Mountainwarehouse.com ).

If you have an itch for the warmer weather and are planning a camping staycation for spring, check out the big savings on outdoors equipment, like this waterproof hiking rucksack from Olpro (was £110, now £30, Mountainwarehouse.com ).

You’ll also get free delivery when spending more than £50, and have the reassurance of hassle-free returns for 60 days – perfect if you want to order a few items from the sale and see what suits your needs best.

Discounts are not just reserved for clearance and sale items, however, as new customers can currently secure 10 per cent off their first order with the code “WELCOME10”. Similarly, students can get 10 per cent off everything online – simply verify your status through Unidays.

It’s safe to say that The Independent ’s deal hunters are committed to bringing you the very best of sales, discounts and offers. Always searching for the next best deal to bring you, we track prices throughout the year, to bring you news on best buys, so that you can shop smart.

From outdoor gear and tech to holidays and fashion , we’d recommend bookmarking our dedicated deals page to get the latest and best money-saving voucher codes.

The Independent is a trusted consumer champion and we report on behalf of our readers to find the best deals and discounts. You can trust us to bring you the best on saving events and holidays, like Amazon Prime Day , Black Friday and the Boxing Day sales , as we’ve covered them for years. Writing so many tried and tested pieces, we only ever select savings from brands that we trust."
Save over 30% on trainers and more with these adidas deals,https://www.independent.co.uk/deals/adidas-discount-code-b2706123.html,,sports,independent,"A brand at the top of its game when it comes to sportswear, trainers and apparel, a didas is one of our favourites here at The Independent . The German fashion brand has a loyal following, thanks to its cult styles, which are constantly refreshed with limited-edition prints and bright colourways that are loved by celebs such as Taylor Swift , Kendall Jenner and Bella Hadid, to name a few.

We're always excited when a new style of samba’s drops , in their many colourways and platform heights, or when the sport's brand releases a new collaboration – Balenciaga, Gucci, and Wales Bonner being just some of the designers that Adidas has worked with in recent years. adidas’s best-selling styles will see you through years to come, thanks to their easy-to-wear functionality.

If you love adidas as much as we do, keep reading for the latest news on the brand’s best discounts and deals. Here’s how you can stroll into a new month in style...

Bargain hunters should make a beeline for a didas’s outlet , where you’ll find top picks across the whole range. The year-round sale includes everything from originals to sportswear pieces, all with discounts of up to 60 per cent.

Looking for some inspiration? You can never go wrong with a staple pair of white trainers, and right now, adidas is selling the VL court 2.0 shoes in cloud white with an incredible 35 per cent off (was £55, now £33.75, a didas.co.uk ). Be quick though, we don’t think they’ll be in stock for long. Another top pick is the primegreen essentials tracksuit, which has been reduced to half price (was £60, now £30, a didas.co.uk ), but is selling fast. The time-honoured tradition of adidas's iconic three stripes is reflected in this early hip-hop style.

It’s worth checking out adidas’s last sizes sale too, where you can get more than 30 per cent off. However, these bestselling styles don’t hang around for long. Our eyes were instantly drawn straight to this Adidas x Farm Rio pink shirt (was £75, now £37.50, a didas.co.uk ), which takes its inspiration from a rainbow kaleidoscope and the beautiful shores of Copacabana Beach. An ideal investment for your next summer getaway.

Calling all yogi’s. You can never have enough yoga pants, and these studio luxe 7/8 leggings (was £80, now £40, a didas.co.uk ) are designed to make you feel comfortable and confident through stretches and movement. We love that each pair is made using a minimum of 70 per cent recycled and renewable materials.

The deals don’t stop there. Students can also enjoy 15 per cent discount on full price items with a simple Unidays verification , making it the perfect time to snap up something that’s been on your wish list for a while. We love the terrex soulstride trail running shoes in core black and solar red (was £90, now £76.50, a didas.co.uk ), which will take you through muddy patches and streams with their waterproof design.

The Independent’s deal hunters are committed to bringing you the best deals, across all departments. With adidas being a household name, we’re always on the lookout for ways to help you save on your next shop. We pay close attention to the prices of items throughout the year, so that we know when is best to buy.

We’ve been consumer champions at The Independent since 1986, bringing you the latest news on brands that we know you love, so that you can shop better. Using our expertise, we report on the best discounts during some of the biggest annual shopping events of the year – think Amazon Prime Day , Black Friday and Boxing Day sales .

Keep up-to-date with the latest savings with our dedicated deals section"
Why Alexander-Arnold’s Liverpool exit does not make him a traitor,https://www.independent.co.uk/sport/football/trent-alexander-arnold-liverpool-real-madrid-free-contract-b2744615.html,,sports,independent,"They will always have the corner. Liverpool ’s greatest moment in the two decades since Istanbul was the product of extreme creativity, preternatural calmness and a precocious talent who, on a surreal Anfield night, eliminated Lionel Messi and Barcelona. Trent Alexander-Arnold to Divock Origi, catching everyone else unaware, Liverpool 4 Barcelona 0, the Champions League’s most celebrated semi-final comeback , Jurgen Klopp’s favourite assist of his eight and a half years on Merseyside.

So Alexander-Arnold’s legacy at Liverpool was secure when he was barely out of his teens. And if one way of augmenting it was to become a lifer, to join Ian Callaghan, Jamie Carragher and Steven Gerrard in Anfield’s 700 club, it may be the vision that rendered him a unique right-back that, while nothing is formalised yet , will take him to Real Madrid . Alexander-Arnold has often looked long, launching some extraordinary passes over vast distances. For years, he has had Anfield in the foreground, but spotted the Bernabeu in the distance.

The galactico full-back may be a contradiction in terms, but if there was one, it was Roberto Carlos. Alexander-Arnold, another attacking defender, may be his spiritual successor. For Liverpool, there will be the dual sense that they have a worthy replacement in Conor Bradley , who is perhaps too good to remain an understudy for much longer, and that no one can replicate Alexander-Arnold’s contribution. He could pass it like Kevin De Bruyne, cross it like David Beckham but not, his critics sniped, defend it like Kyle Walker.

Yet a century of goal involvements in a Liverpool shirt was remarkable; it was more than Fernando Torres, among others. Real may imagine Kylian Mbappe or Vinicius Junior racing on to Alexander-Arnold’s deliveries from deep. Superstars of his generation might form part of his rationale for going: he was the youngest of Klopp’s great team and is now leaving a champion side, but also a club whose two finest players are in their thirties.

Contrary to some of the more vitriolic, sillier suggestions on social media, there is nothing traitorous or disloyal about it. It is a career choice, perhaps pitting an understandable interest in experiencing a different environment and league against whether any trophy means more when secured with his hometown club. This season ought to be a reminder that Real Madrid are not actually a guarantee of glory. Liverpool’s season has been better; more even-tempered, too. Nevertheless, Alexander-Arnold was, at 23, the youngest player to start three Champions League finals, but has not even featured in a quarter-final since then. Meanwhile, Real retain an unrivalled pulling power.

For Liverpool, the apocalyptic scenario of losing three outstanding players for nothing has been averted, yet there should still be questions about how it came to this. New sporting director Richard Hughes got in touch with the right-back’s representatives even before taking charge and eventually submitted an offer that would have made him one of the best-paid players in his position in the world, but the context may have changed in the power vacuum before his appointment.

Rewind to 2023 and Alexander-Arnold had an excitement at getting the vice-captaincy. It showed Klopp had a long-term plan. In the end, the smooth succession came in the dugout, with Arne Slot taking over from Klopp. Much as Alexander-Arnold enjoyed working with Slot, the man to eventually inherit Virgil van Dijk’s armband will not be his current deputy.

Yet something changed in a year. For a club who otherwise plan the future well, Liverpool were negligent in 2023-24, allowing the three contracts to enter the last year during a transitional time at Anfield. Van Dijk and Mohamed Salah were always different cases, their ages a reason to wait to see if they declined, their preference to stay at Anfield giving the club an advantage in negotiations.

Meanwhile, Alexander-Arnold’s friendship with Jude Bellingham is often cited as a factor, as his future seemed ever likelier to lie in Spain. It is notable, though, that Real often capitalise on such situations. They do not pay for defenders when they can sign David Alaba and Antonio Rudiger on free transfers, albeit with sizeable salaries.

Real’s superiority complex might have been apparent in their midwinter attempt to sign Alexander-Arnold, as though they could get him when it suited them. Liverpool rejected it out of hand. It was not a bargaining ploy, even if it may work out in the right-back’s favour. A free transfer could be more lucrative for him than a £20m transfer.

But Real did need him in January. They have lacked a specialist right-back for much of this season, with Dani Carvajal injured, with Lucas Vazquez and Fede Valverde played out of position. Next year, they will have two of the finest in the world, with the six-time Champions League winner fit again. It prompts the question of where they fit in: with Carvajal at centre-back? Alexander-Arnold in midfield? One on the bench?

At Liverpool, meanwhile, there is no need to trawl back to 2019 for memories of his commitment. Last week, he was jigging in joy on the Anfield pitch with his fellow full-back and friend Andy Robertson after the title-winning victory over Tottenham , a great partnership twinned again. A week earlier, there was the arrowed finish at Leicester to take Liverpool to the brink of the title, the shirtless celebration in front of the travelling fans. It was his first left-footed goal for Liverpool, something that had been lacking on his CV.

Not much else is; not at club level, anyway. Alexander-Arnold has won the lot at Liverpool; a second Premier League clearly meant a lot as the first came in empty stadiums. He has ticked another off the bucket list. What next? For many a Liverpool player of a previous generation, the answer would be to win it again, and again. Not all, though: a wanderlust took Kevin Keegan, Ian Rush and Graeme Souness abroad when at their peak. None won the European Cup again, though Keegan was named European Footballer of the Year at Hamburg and Souness excelled for Sampdoria

The more recent comparisons are Steve McManaman and Michael Owen, both lured to Real. McManaman became a double Champions League winner at the Bernabeu. Like Rush, Owen retreated to England after a year. Unlike Rush, there was no easy return to Anfield. Perhaps Alexander-Arnold has selected McManaman as his role model, when he could have gone for Gerrard or Carragher. If and when it is confirmed, his Real deal will represent football’s least surprising summer transfer. Perhaps Alexander-Arnold could not lose, whichever option he picked. He leaves a Liverpool great, but one who concluded his ambitions extended beyond Anfield."
Doris set for operation on shoulder in Lions injury scare,https://www.independent.co.uk/sport/rugby/rugby-union/caelan-doris-injury-surgery-lions-captaincy-andy-farrell-b2745120.html,,sports,independent,"British and Irish Lions boss Andy Farrell has been given an injury scare just days before naming his squad for Australia with Caelan Doris set for an operation on his shoulder.

The Ireland No 8 is one of two leading captaincy contenders for the Lions along with England lock Maro Itoje , but requires surgery on a shoulder injury sustained in Leinster’s Investec Champions Cup defeat to Northampton.

Farrell is set to confirm his squad to take on the Wallabies in the quadrennial series on Thursday 8 May at the O2 Arena, with Doris all but certain for inclusion if fit.

No timeline has been set for his return but it is feared that the 27-year-old could miss the remainder of the club campaign, throwing his participation with the Lions into doubt.

""The full extent of the injury, and implications for the summer, won't be known until after the procedure,"" read a statement from Leinster, who have ruled Doris out of this weekend's United Rugby Championship clash with Zebre.

The Lions are set to begin their summer itinerary in Dublin against Argentina on 20 June, the first of a 10-match tour that concludes with three Tests against the Wallabies Brisbane, Melbourne and Sydney.

Doris, who would be a first-time tourist, was appointed Ireland captain by Farrell last year and had looked the strongest contender until a fine first Six Nations as England skipper from Itoje.

Were Doris to be ruled out of some or all of the tour, it would leave the Lions without their assumed first-choice No 8, perhaps bringing Welsh veteran Taulupe Faletau or Scottish pair Matt Fagerson and Jack Dempsey, into the mix in a competitive chase for back-row places.

The Lions head coach will confirm his squad on Thursday afternoon, with fly half and the back three other areas of real intrigue."
Enrique provides update on Dembele’s fitness ahead of Arsenal match,https://www.independent.co.uk/sport/football/luis-enrique-ousmane-dembele-fitness-arsenal-b2745711.html,,sports,independent,"Paris Saint-Germain manager Luis Enrique has confirmed that star forward Ousmane Dembele will be available to face Arsenal in the second leg of the Champions League semi-final on Wednesday.

The Frenchman was substituted midway through the second half of PSG’s first-leg win at the Emirates last week, having scored the only goal of the game on four minutes, and he subsequently missed the 2-1 loss to Strasbourg in Ligue 1 at the weekend.

However, the 27-year-old resumed training on Monday ahead of the second leg clash in Paris, with Enrique later confirming that he will be available for the second leg at the Parc des Princes.

""He's been training with us for the last two days,"" said Enrique. “You saw him on Tuesday - a normal training session for him. He'll be available on Wednesday,.”

Arsenal also have some positive injury news ahead of the tie, with Jurrien Timber and Martin Odegaard training on Tuesday, while Riccardo Calafiori has also resumed training after a brief injury lay-off.

Dembele, who is in his second season with PSG after moving back to his homeland from Barcelona in 2023, is the club’s top scorer this season with 33 goals in all competitions. Along with Barcelona duo Lamine Yamal and Raphinha, he is currently one of the favourites for the Ballon d’Or.

And PSG welcome Arsenal on Wednesday night needing a draw or win to progress, with the tie finely poised at 1-0 on aggregate after an intriguing first leg at the Emirates last week.

The French club are looking to make just their second Champions League final, having lost the delayed 2020 edition to Bayern Munich. Success this season would make them just the second French side to win the competition, after Marseille in 1993.

In the other semi-final tie, Barcelona take on Inter Milan at the San Siro, with that tie also in the balance after a 3-3 draw in the first leg at Barcelona’s Olympic Stadium."
Australian cyclist Ewan retires after losing love of the sport,https://www.independent.co.uk/sport/cycling/caleb-ewan-retires-cycling-news-ineos-b2745573.html,,sports,independent,"Caleb Ewan has retired from cycling with immediate effect after falling out of love with the sport.

The Australian rider, 30, built an impressive career at the top of road racing, collecting 65 victories in all including five stage wins across the 2019 and 2020 Tours de France, when he was arguably the best sprinter in the world.

Ewan left Dutch team Lotto-Dstny at the end of 2023 after a bitter falling out, during which his commitment was publicly criticised by the team’s CEO. He joined Jayco AlUla but contemplated retirement last year after claiming to have been put in a “pretty s****y situation” by his team.

He signed for Ineos Grenadiers in January and picked up two race wins in their colours, at Coppi e Bartali and the Itzulia Basque Country, but has now cut his season short, saying his time at Lotto-Dstny and particularly Jayco AlUla in 2024 took “a significant toll on my relationship with the sport”.

Ewan posted a message on Instagram in which he explained that the winning feeling “faded quicker than it used to”.

He wrote: “After much thought, I’ve decided to retire from professional cycling, effective immediately. This sport has been a major part of my life, shaping my path and offering experiences I’ll carry with me forever.

“Over the course of my 11-year career, I've accomplished more than I ever imagined possible. From personal milestones to professional achievements, the journey has exceeded every expectation I once had, and I'm deeply grateful for the opportunities, challenges, and growth that have shaped my life.

“For as long as I can remember, my world has revolved around racing. The intense routine, the sacrifice, the search for constant improvement, the hunger to win it’s been my rhythm, my identity. But what once felt like everything to me no longer does. The last few years haven’t been easy but in 2025 I found something again –not just legs, but belief – thanks to the Ineos Grenadiers. They gave me space, trust, and the environment to rediscover what I am capable of. I won again. I felt like myself again and I felt respected again. For that, I can’t thank them enough.

“But the truth is that even when I crossed the line first, that feeling-the one you chase for years faded quicker than it used to. My experiences of the past two seasons, in particular the second half of 2024, has taken a significant toll on my relationship with the sport. I’m happy I didn’t let that period define the end of my career and I am proud of what I achieved in a short but successful time with the Ineos Grenadiers.

“There are so many people to thank – too many to list who’ve supported me, challenged me, and believed in me throughout the years, and I would like to mention a few: John Allert, Scott Drawer, Mehdi Kordi, Paddy Harrison, and everyone at Ineos Grenadiers. You helped me write one last chapter the way I wanted to. You helped me walk away with pride on my terms. The team is most definitely on the right path with such an exciting future, and I look forward to supporting Ineos Grenadiers forever after.”"
Watford sack Cleverley after 14th-place finish in Championship,https://www.independent.co.uk/sport/football/tom-cleverley-watford-championship-sporting-vicarage-road-b2745665.html,,sports,independent,"Watford have sacked head coach Tom Cleverley following a disappointing 14th-place finish in the Sky Bet Championship .

The Hornets have announced that the 35-year-old, who was appointed on a permanent basis last summer after a successful spell in interim charge, has departed with the search for a replacement now under way.

Sporting Director Gian Luca Nani told the club’s official website: “We thank Tom for his service – not just in his role as head coach, but for everything he has given Watford as a player and member of staff.

“But the time has come for a change and to build on what we believe is a young and talented squad that will have benefitted from the experience of the Championship this season.”

Cleverley initially took up the reins at Vicarage Road in March last year after Valerien Ismael’s exit in the wake of a run of 10 league games which yielded only one win.

The former Manchester United trainee, who also had spells at Everton and Watford – for whom he made 147 appearances – before retiring through injury at the age of 33 in 2023, guided Watford to a 15th-place finish.

However, hopes of a promotion drive this season evaporated after a poor conclusion to the campaign saw the Hornets lose seven of their last 11 games to slip 11 points adrift of the play-off places.

Nani continued: “It has been a privilege to work closely with Tom, to understand how he sees the game and his enthusiasm for everything here. He deserves to be recognised for this and I’m sure he will have a bright future in the game.

“Tom will always be part of Watford in recognition of all that he has achieved over so many years.”

Cleverley’s departure leaves the club looking for an 18th permanent boss since Gianfranco Zola left in December 2013.

A club statement added: “There will be no further club comment until a new appointment has been made.”"
Raducanu looking ahead to ‘fresh start’ at Italian Open,https://www.independent.co.uk/sport/tennis/emma-raducanu-italian-open-fresh-start-b2745526.html,,sports,independent,"British tennis star Emma Raducanu says she is feeling “optimistic” as she approaches an Italian Open campaign that she feels offers a “fresh start”.

The 22-year-old arrives in Rome looking to bounce back from her second-round exit at last month’s Madrid Open , and she will face a qualifier in the first round.

And the former US Open champion will face world No 20 Ekaterina Alexandrova if she progresses in what is her second career appearance at the Italian Open.

Ahead of the tournament, which begins in earnest on 6 May, Raducanu told Sky Sports that she felt excited ahead of making a fresh start.

""It is exciting, it does feel like a bit of a fresh start with the way I am approaching everything, with the people I have around, with my mindset and outlook,” she said.

""I feel more optimistic, I feel pretty positive about things going forward. I'm just taking it day by day and trying to stay consistent,” she added.

Before Madrid, the British number two had taken a brief break from the WTA Tour after a run to the quarter-finals at the Miami Open in March, opting to carry out a training block with trainer Mark Petchey.

And Raducanu says that she has made “certain tweaks” to her regime as the pair want to “work on doing things differently to try and bridge the gap between where I am now and where I want to be”.

Raducanu will be leading GB hopes in Rome along with British No 1 Katie Boulter and No 3 Sonay Kartal, with Raducanu in first-round action on either Wednesday or Thursday.

Boulter is already scheduled to face Russia’s Anastasia Pavlyuchenkova in a first-round tie on Wednesday, while Kartal takes on Australia’s Kimberly Birrell on Tuesday."
Boxing’s big weekend falls flat but Canelo v Crawford could be special,https://www.independent.co.uk/sport/boxing/canelo-alvarez-crawford-naoya-inoue-boxing-results-b2744919.html,,sports,independent,"Saul Canelo Alvarez and some of the world’s finest boxers failed to deliver a decent round of action in four fights, during two nights in two cities over the long weekend.

Alvarez looked old at times, slow at times, bored at times – but was never in any danger of losing his full undisputed world title fight against William Scull at super-middleweight. Scull moved and jabbed and then just kept on moving; he was there to survive and, amazingly, he entered the ring as a world champion. Both were poor.

The story behind the fight is far more entertaining, but just as frustrating, as the 12-round bore in Riyadh. The fight took place at about 7am local time on Sunday; hopefully, it didn’t keep too many people awake.

Scull was gifted the IBF version of the world title when he was rejected as an opponent by Canelo back in 2023; Scull, a Cuban exile in Berlin, was then matched with Vladimir Shishkin, a Russian exile in Miami, for Canelo’s old belt; it was a comedy, a stupid move by the IBF. Scull won a forgettable fight and found himself in a lucrative undisputed position against Alvarez, who owned the other three belts and the Ring magazine version; the Saudi boxing chest was raided, and Canelo was enticed to Riyadh for the fight. And nobody can blame him for that, or Scull for running with his money.

It’s not the fault of the Saudi boxing regime that the fight was a stinker; Alvarez needs a dance partner, a man willing to try and win – Scull took the money, ran and ran and finished without a scratch in a truly forgettable fight. They averaged about four or fewer punches on target in each round. It was diabolical and both must take a bit of criticism for the dreadful fight.

The good news – well, hopefully the good news – is that Alvarez will next fight Terence Crawford in defence of his super-middleweight belts in Las Vegas, at the Allegiant Stadium, on 12 September. In the Riyadh ring, once Scull had posed with his family and Alvarez, there was a faceoff between Alvarez and Crawford. It is fantastic that the match has been made; it could be a fun week in Las Vegas, yet there is the very real potential for a technical standoff. The winner would be boxing’s king. Incidentally, the fight will be promoted by UFC maestro Dana White , a new player in the Saudi boxing business. It will launch the new deal and could be screened on Netflix or DAZN, the regular production partner of the Saudis.

Crawford is the older man at 37, he is unbeaten in 41 fights and last summer won the light-middleweight world title, a belt at 154lb. Alvarez, who will be 35 on fight night, has won a world title at light-heavyweight, which is 175lb, and has ruled at the super-middleweight limit of 168lb for a long, long time. Make no mistake, this is a super fight, but that does not mean it will be a classic. They are both too smart for that.

Some of boxing’s highest-profile fights have been incredible events and bad fights. Floyd Mayweather’s punch-perfect win over a lame Manny Pacquaio just never took off; the life was sucked out of the capacity crowd by about round four. It was a hard watch. Mayweather did exactly what he had to do, and this fight is no different: Crawford beats Alvarez with skill, Alvarez beats Crawford by not taking risks. The pair could box to perfection, never make a mistake, and it would still be one for the purists only. It is still a super fight.

On Saturday night, Alvarez looked like a ghost of the rampaging champion that he has been for about 15 years. It was disturbing: what if, after 67 fights, he is starting to slip? Crawford was ringside and smiling; perhaps he saw decline and not just Alvarez having a bad night. It was too easy to forget that going in, Alvarez was the best fighter on the planet.

Enjoy 185+ fights a year on DAZN, the Global Home of Boxing

Never miss a fight from top promoters. Watch on your devices anywhere, anytime.

ADVERTISEMENT. If you sign up to this service we will earn commission. This revenue helps to fund journalism across The Independent.

Enjoy 185+ fights a year on DAZN, the Global Home of Boxing

Never miss a fight from top promoters. Watch on your devices anywhere, anytime.

ADVERTISEMENT. If you sign up to this service we will earn commission. This revenue helps to fund journalism across The Independent.

The known and the unknown make the Alvarez and Crawford fight very special. What if Crawford is simply too small at the weight and Alvarez decides to crush him early? What if Alvarez is shot and Crawford is too fresh? There are enough unknowns to make it unmissable. However, Crawford and Alvarez are not stupid, and they have nothing to prove; all truly great fights need those two ingredients.

The night before the Alvarez fight in Riyadh, there were three odd and unsatisfying fights in New York, magically pitched in a section of Times Square . It was all part of the Saudi outreach business . There is another big show planned for July, and it might be in Central Park.

Not one of the three 12-round fights even slightly delivered; the performances lacked passion, urgency, desire or highlights, and that is rare on any night. Ryan Garcia lost on points to Rolando Romero , Devin Haney beat Jose Carlos Ramirez, and Teofimo Lopez beat Arnold Barboza Jr . That is a powerful set of names. It was strange for three important fights, involving six good boxers, not to produce a solitary memorable round. There has been, in the savage aftermath, a lot of talk about technical skills, quality movement, defensive styles. Nice talk, but the truth is, a lot of very good fighters were poor in New York. It was a strangely hitless weekend, totally forgettable, but a super fight was announced.

And then on Sunday, night three of a long Saudi boxing weekend, Naoya Inoue delivered a furious stoppage of Ramon Cardenas in Las Vegas. Inoue is Canelo’s rival for the crown of best fighter in the business; on Sunday night, he was dropped by Cardenas in the second but then stopped him in the eighth to retain his undisputed super-bantamweight world title. It was his 27th stoppage in 30 fights. Inoue never runs; he fights with his heart and guts. Even in this modern age, where rings can be conjured in the middle of Times Square, that still counts."
Aston Villa ‘not happy’ as Tottenham fixture moved,https://www.independent.co.uk/sport/football/aston-villa-tottenham-premier-league-new-date-b2745849.html,,sports,independent,"Aston Villa bosses insist they are ""not happy"" about their Premier League match against Tottenham being brought forward two days to assist the Londoners' preparations for a potential Europa League final appearance.

Spurs' request to bring the match forward from its original date of May 18 to May 16 has been granted by the Premier League , with Ange Postecoglou 's side in a strong position to reach the continental final on May 21.

Villa's director of football operations Damian Vidagany said his club had reluctantly accepted the change, and hoped the ""clear prejudice"" against Villa in this decision would be remembered should they need assistance with fixture scheduling due to European football next season.

""Fixture changed and honestly, not happy,"" he wrote on X.

""But it could be even worst (sic). We really pushed - everyone in the club at different levels - with solid and fair grounds to protect our fans ( our main task and duty) and keep the Spurs match on Sunday. Nothing against Spurs.""

Vidagany said that considering the alternatives were to bring the game forward even earlier to Wednesday or Thursday, playing on Friday was the least ""damaging"" they could get.

Efforts to bring the match forward to Saturday, May 17 were thwarted because of the clash with the FA Cup final, Vidagany said.

""Hopefully in the future all of them (the Premier League and the Football Association) would remind the clear prejudice in this case to Villa fans and will be consistent and equally supportive if we need changes to help us in Europe (if hopefully we are there),"" Vidagany added.

""We didn't feel this support last season or this one. European football is not only demanding for English clubs on the verge of the finals.""

Earlier this season, Villa had a rearranged Premier League fixture against Liverpool moved into a midweek slot that they thought would be free after avoiding a play-off round in the Champions League.

Villa's director of football Monchi echoed Vidagany's sentiments, adding on his own X account: ""The change of the fixture of Tottenham is not what we wanted. We were not entitled to keep it and we got the least damaging alternative.

""Our fans didn't deserve but we tried hard to keep the match to protect the most important for us: YOU and OUR TEAM. We need you on Friday. Always Up the Villa!!!""

Tottenham lead their Europa League semi-final against Bodo/Glimt 3-1 on aggregate heading into Thursday night's second leg.

If they progress they could well find themselves up against Manchester United in the final, with the Red Devils 3-0 up in their tie against Athletic Bilbao ahead of the home leg.

Leaving Spurs' match where it was would have given United a major advantage in terms of rest, with their league game against Chelsea already scheduled for May 16.

The kick-off time for that fixture has now been changed from 8pm to 8.15pm, with Villa v Tottenham starting at 7.30pm.

Both the Villa v Tottenham match and Chelsea v Manchester United will be live on Sky Sports."
Five key questions for Farrell ahead of Lions squad announcement,https://www.independent.co.uk/sport/rugby/rugby-union/british-and-irish-lions-squad-andy-farrell-itoje-doris-b2745017.html,,sports,independent,"The final chance for any British and Irish Lions hopefuls to impress Andy Farrell and his staff has passed with the head coach preparing to name his squad on 8 May.

Together with a collaborative group of assistant coaches , of which former Ireland fly half Johnny Sexton is an eye-catching member , Farrell will set about narrowing down his options to come up with a touring party expected to number about 37 or 38 to travel to Australia.

The three-Test series against the Wallabies comes at the end of a 10-match itinerary sure to challenge the depth and versatility of the travelling group chosen – and this is perhaps the broadest group of candidates yet with a number of young guns, old stagers and French exiles all pushing for inclusion.

Has Northampton’s shock win over Leinster forced a late rethink? Will Ireland and Scotland’s disappointing Six Nations limit their representation? How many – if any – Welshmen will make the plane? The quadrennial selection always creates plenty of debate and dubiety.

Here are five key areas to look out for in Farrell’s selection this week.

The very best of luck to Farrell and his staff as they attempt to narrow down their group of back row contenders to a reasonable number. The Lions could fill half of the plane with worthy options at the back of the scrum, with the openside position particularly hard-fought. The emergence of Henry Pollock – perhaps the in-form player in Europe with consistency belying his tender years – has only created another headache, with the 20-year-old surely forcing his way into Farrell’s plans.

Ben Earl , Tom Curry , Jac Morgan and Josh van der Flier all feel well placed to tour, too – with Ben Curry, Rory Darge and Tommy Reffell all lurking as options even without mentioning Jack Willis , good again for Toulouse against Bordeaux though perhaps hamstrung by a likely delayed arrival in Australia.

How many sevens will the Lions take? It may depend on how the coaches view the other two positions, with a couple of the likely locks able to slide to six if needed and Caelan Doris capable across the back row. Might there be space for a veteran? Taulupe Faletau has been in resurgent form for Wales and Cardiff, while Courtney Lawes has made no secret of his desire to tour despite last summer’s switch to Brive.

Fin Smith ’s statement showing against Leinster in the Investec Champions Cup semi-finals showed exactly why the England and Northampton fly half is a Lion-in-the-making, the 22-year-old blending calm, confidence and class to steer his side towards more success. Sam Prendergast also had his moments in a thrilling contest, though the Irishman feels further away from being a complete international 10 – with a few defensive frailties shown up again by Saints.

Finn Russell should be on the tour: Sexton’s comments last November suggesting that the Scottish playmaker was a “flashy” player have hit the headlines again after the Irishman’s appointment as a Lions lieutenant, but you would think the pair will put their differences to one side. The identity of the third fly half may therefore be the most intriguing. There are plenty within the game who feel Owen Farrell has been lined up to tour despite issues with injury and form during his first season at Racing 92, and the natural noise that his selection would create for the Lions head coach – his father. George Ford , who would offer so much as a tourist regardless of whether he has Test involvement, would be desperately unlucky in any case and will hope to get the nod.

Maro Itoje vs Caelan Doris? Or could there be a wildcard? It feels likely that it is a choice between two contenders for Farrell as he bids to nail down the leader of the Lions pride, but it has been rumoured that the head coach may consider naming a tour skipper – perhaps Jamie George – before figuring out his Test captain once in Australia.

That would go against Lions tradition in some ways, and it thus feels likelier that one of Itoje and Doris is unveiled at the O2 Arena on Thursday. One would suggest that the England lock’s superlative Six Nations, proving himself as a leader while maintaining high standards of performance, might just give him the edge. That could leave Doris to properly soak up his first Lions experience - provided he overcomes a shoulder injury that requires surgery.

Owen Farrell, Willis and Lawes are just three of a bumper group of French-based players under consideration, with the Lions refusing to rule anyone out ahead of the squad naming. While Toulon’s Ben White is in the mix for a scrum half spot, the cases of Willis and Toulouse teammate Blair Kinghorn are perhaps the ones who command closest consideration given the likelihood that the French giants are in the Top 14 final on the weekend upon which the Lions play their first game in Australia.

A delayed arrival may well count against Willis given the competition on the flanks, yet Kinghorn is perhaps closer to being a certain member of the Test 23. Able to cover 10 and wing away from his preferred full-back home, the Scot must also overcome a knee injury if named.

The head coach himself is something of an unknown entering a new-look squad announcement. The infrequent occurrence of the quadrennial series means that the rugby landscape can change dramatically between tours, and there aren’t many men to have held the top Lions job in the last 35 years – Ian McGeechan’s four tours and Warren Gatland’s three broken up only by tough trips under Graham Henry and Clive Woodward and 2001 and 2005 respectively.

So while we project with the received wisdom of Lions selections of the recent past, it may be that Farrell is thinking differently to his predecessors. The Englishman has revamped plenty in the Irish structure alongside former performance director David Nucifora – an intriguing member of his wider staff with the Lions – and could yet have a few funky ideas up his sleeve."
Real Madrid approach Liverpool to fast-track Alexander-Arnold move,https://www.independent.co.uk/sport/football/trent-alexander-arnold-liverpool-real-madrid-transfer-b2745725.html,,sports,independent,"Real Madrid have made an initial approach to Liverpool to sign Trent Alexander-Arnold in time for the Club World Cup.

Alexander-Arnold announced on Monday that he will leave Liverpool when his contract expires in the summer as he looks for a new challenge.

The 26-year-old is expected to sign for Real Madrid, though he has not yet put pen to paper on a pre-contract agreement.

But while Real could sign him on a free transfer, if he were to be eligible for the start of the Club World Cup, which begins before his deal at Anfield ends on June 30, they would need to come to an agreement with Liverpool.

The Merseyside club rejected a December offer from Real to buy Alexander-Arnold in the January transfer window, as they preferred to concentrate on winning the Premier League rather than cash in.

But Alexander-Arnold informed manager Arne Slot in March that he had decided not to extend his deal at Anfield, despite Liverpool’s willingness to make him one of the best-paid full-backs in the world game.

Real’s eagerness to sign the England international as soon as possible is exacerbated by their lack of a specialist right-back, with Dani Carvajal out for the campaign with a cruciate ligament injury and midfielders Fede Valverde and Lucas Vazquez both taking turns filling in.

They also have other defensive injuries, with both Eder Militao and Antonio Rudiger sidelined at the moment.

Real begin their Club World Cup campaign against Al Hilal on 18 June before facing Pachuca and Red Bull Salzburg. If they win Group H, their last-16 game would come in July but if they are runners-up, they would play on 30 June."
Two riders dead after 11-man crash at British Superbikes Championship,https://www.independent.co.uk/news/uk/home-news/british-superbike-championship-two-dead-crash-police-b2745291.html,,sports,independent,"Police have launched an investigation after two riders died in a “catastrophic” crash at a British Superbikes championship race.

A total of 11 racers were involved in the crash on the first corner of Oulton Park in Cheshire , prompting the race to be immediately stopped and medical services deployed, organisers said.

Owen Jenner, 21, and Shane Richardson, 29, were treated for their injuries but later died, organisers MotorSport Vision Racing said.

Mr Jenner was treated trackside and taken to the medical centre, but died from a catastrophic head injury despite resuscitation attempts.

Mr Richardson was transferred to Royal Stoke University Hospital with severe injuries but died before arriving.

A third rider, Tom Tunstall, 47, sustained “significant” back and abdominal injuries.

Cheshire Police are now investigating the deaths which took place early on in the race after they were called to the scene on Monday.

Five other riders with minor injuries were transferred to the medical centre and did not need to be taken to hospital.

Superbikes are highly modified vehicles, and the organisers said they are “both quick and powerful” with engines up to 200bhp (brake horsepower).

Mr Jenner became the 2024 British GP2 champion and was signed to Rapid Honda.

The British superbike team said the rider is from Crowborough , East Sussex , and won the GP2 title with 18 wins out of 20 race finishes.

It previously said: “Owen has impressed us all at Rapid Honda over recent seasons and his career is on a clear ascendancy.

“He should be a title challenger in British Supersport in 2025.”

New Zealand superbike racer Mr Richardson was in the Astro JJR HIPPO Suzuki team sponsored by Hippo waste removal service.

Hippo announced it had renewed its partnership with Mr Richardson in April this year and published a statement from the rider who they said had transitioned from “crafting bespoke kitchens to competing on the UK’s premier racing circuits”.

New Zealand Hutt City councillor Brady Dyer said on Facebook his thoughts were with Mr Richardson’s friends and family.

“Shane was proud to be from Wainuiomata and was admired both locally and abroad for his skill and passion,” he said.

“This is a heartbreaking loss, and I know many in our community will be feeling it deeply.”

New Zealand motorcyclist Cormac Buchanan said Mr Richardson was one of the “best people I ever had the privilege of sharing the track with, not only a super talented rider but a down-to-earth person away from it”.

Cheshire Police said: “Police are investigating two deaths on behalf of the coroner following a multiple collision at Oulton Park this afternoon.

“Emergency services were called to the scene following the collision which resulted in two riders being fatally injured and another with serious injuries.

“The Motorcycle Circuit Racing Control Board and MotorSport Vision Racing are investigating the full circumstances of the incident in conjunction with the Coroner and Cheshire Police.”"
"As Trent exits, Slot may have to undo one of Klopp’s greatest moves",https://www.independent.co.uk/sport/football/trent-alexander-arnold-liverpool-replacement-b2745645.html,,sports,independent,"When many thought the Liverpool manager needed to buy a right back, he chose not to. But that was because Jurgen Klopp was prepared to be patient, as he knew that a teenage Trent Alexander-Arnold was coming through. Klopp didn’t want to block his path to the team.

For Arne Slot , too, an early decision in the transfer market revolves around the right-back position and Alexander-Arnold . For him, the question is very different. The news his vice-captain delivered in spring, that he wanted a new challenge and would leave in the summer , might have come with a sizeable dent to Slot’s summer budget. Certainly, it requires some planning.

One initial difficulty, even for a club with Liverpool’s fine record in recruitment, is Alexander-Arnold’s uniqueness. Liverpool have used statistics to profile players, but even the naked eye should tell them there is no right back quite like the boy from West Derby .

The new Premier League champions could be both blessed and challenged when it comes to the succession plan: blessed because, in Conor Bradley , they possess an endearing understudy, a rising talent seemingly benefitting from a big-match temperament – a player who showed a buccaneering brilliance as he was rampant against Real Madrid this season and Chelsea last.

And yet Bradley is a veteran of just 14 Premier League starts and three in the Champions League, the last a troubled outing against PSV Eindhoven. It would be a statement of faith to make him the first choice, even if, at 21, he is older than Alexander-Arnold was when he won the Champions League.

So Liverpool’s first decision may be which of three categories of right backs they target: an automatic choice, a back-up to Bradley, or a player who comes in on a par with the Northern Irishman, starting a contest for the vacancy Alexander-Arnold has left.

If Liverpool look to replace one of the best right backs in the world with another, some – such as Achraf Hakimi, Jurrien Timber, Jules Kounde and Joshua Kimmich – may logically feel out of reach. Ignore the injury-prone and the 30-somethings, and it might leave Jeremie Frimpong as the prime candidate. For a Dutch manager and a sporting director, in Richard Hughes, with a distinct Italian influence, it would be intriguing if Denzel Dumfries became a contender.

If Liverpool look for a second choice, the out-of-contract Kyle Walker-Peters could have some appeal. Fulham’s Kenny Tete, Wolves’s Nelson Semedo and Brighton’s Tariq Lamptey are other Premier League right backs who, as things stand, could be available on free transfers in the summer. A pedigree in the division may be reassuring. If Liverpool were to target the up-and-coming and look abroad, it would mean they would have two inexperienced options. Meanwhile, the profile of full backs they have pursued and picked in recent years suggests attacking excellence would be required.

The third category, of players who, like Bradley, have the potential to start regularly for Liverpool but don’t yet have the stature to guarantee a spot, opens up other possibilities. Lutsharel Geertruida excelled for Slot at Feyenoord. His debut year for RB Leipzig has not been an unqualified success, however. In the Premier League’s middle class, there are some who have had breakthrough seasons, particularly Daniel Munoz of Crystal Palace and Ola Aina, who has a solitary year left on his Nottingham Forest contract.

Whichever path Liverpool go down, it comes in the context of a club who have tended to buy well but who have not needed to worry about this position for almost a decade. They only paid for one specialist right back, the oft-injured forgotten man Calvin Ramsay, during Klopp’s reign.

But they ended up with centre back Jarell Quansah starting at right back in the Carabao Cup final. A further fact to consider is that Joe Gomez, a part-time right back who, along with James Milner back in the day, could stand in for Alexander-Arnold, has his own injury problems.

And what of the other voids Alexander-Arnold will leave? In Andy Robertson, Mohamed Salah and Alisson, there are three in Liverpool’s leadership group who could step up to become vice-captain. Should they need someone else to complete a quintet, there are candidates: Gomez as the longest-serving player, respected figures like Wataru Endo (though he rarely starts), and Alexis Mac Allister. Or, should a local flavour be wanted, Curtis Jones.

The harder part is in compensating for the loss of creativity. Even goalscoring defenders like Dumfries and Frimpong can’t pass and cross like Alexander-Arnold; among Premier League right backs, Pedro Porro comes closest. But the Merseysider has 63 assists in the last seven top-flight seasons. In many a creative statistic – assists, expected assists per 90 minutes, key passes – Alexander-Arnold tends to be off the charts, compared to other right backs.

When Philippe Coutinho left, Klopp recalibrated his team, so more of the creativity came from the full backs. Now Slot may have to change it back. Alexander-Arnold has often fashioned more chances than Liverpool midfielders in the last seven seasons. While Mac Allister, Ryan Gravenberch and Dominik Szoboszlai have done well this year, they could also be charged with taking over some of Alexander-Arnold’s duties, and taking some of the load off Bradley or a new right back – whoever he may be, and whichever category he belongs in."
How the Chinese snooker revolution finally arrived,https://www.independent.co.uk/sport/snooker/china-snooker-zhao-xintong-ding-junhui-world-championship-b2745402.html,,sports,independent,"On 3 April 2005, a grinning Ding Junhui lifted the China Open trophy. Just two days after his 18th birthday, a shy, fresh-faced teenager had stunned the snooker world.

At the end of the tournament he had only entered as a wildcard in order to drive local interest in Beijing, Ding had become the second-youngest ranking event winner in snooker history, behind a certain Ronnie O’Sullivan .

And he’d done it the hard way. Solid pro Mark Davis had been dispatched in the wildcard round before former world champion Peter Ebdon, future world champion Stuart Bingham, future world No 5 Marco Fu and former world champion Ken Doherty were beaten en route to the final. In the showpiece, he faced the most successful snooker player of all time – the record seven-time world champion Stephen Hendry.

Ding battled back from 4-1 down against Hendry and went on a tear to record a 9-5 triumph, to the delight of those packed inside the Wukesong Arena. It was later reported that 110 million people watched on TV in China , putting the oft-repeated stat about the 18.5 million that watched Steve Davis and Dennis Taylor’s black-ball shootout in the 1985 World Championship final on British TV into some perspective.

Snooker had gone global and the Chinese revolution was underway. Bold predictions started to fly. With uber-talent Ding at the vanguard, a generation of Chinese talent would be unleashed. The first Chinese world champion was only years away, Chinese players would dominate the world’s top 16 and the central hub of snooker would shift eastwards from the UK to the heart of Asia.

When Ding, still only 18, won the 2005 UK Championship that December, confidence surrounding the impending Chinese domination only grew. In the final, he even beat Steve Davis, who had been the iconic figure during snooker’s 1980s heyday and was now in the midst of one last stand at the age of 48. If that wasn’t a symbolic passing of the torch, nothing was.

The boom was here and Ding became a national hero.

Yet it took a full 20 years from that watershed China Open triumph for a Chinese world champion to finally emerge. Ding himself came close, reaching the final in 2016 only to lose 18-14 to Mark Selby, but it required someone from the following generation, inspired by Ding, to get over the line.

Step forward Zhao Xintong .

The 28-year-old from Xi’an obliterated the competition to win the 2025 World Snooker Championship and create a landmark moment. He made 12 centuries as he surged through four rounds of qualifying before dispatching Jak Jones, Lei Peifan and Chris Wakelin to reach the semi-finals at the Crucible.

From there, he accomplished something truly remarkable. He demolished the greatest of all time , O’Sullivan, with a session to spare in the semi-final before taking apart another member of the much-heralded “Class of ’92”, Mark Williams , in the final. He was just a frame away from winning with a session to spare once again and the final scoreline of 18-12 was only that close due to Williams digging deep to win the first four frames of the last session, adding a veneer of respectability to the outcome.

It was a special performance from a special player. Even his vanquished opponent was left in admiration.

“He is as good to watch as O’Sullivan was when he was younger,” said Williams in his post-match press conference. “He just strolls around the table and pots balls from anywhere as if he doesn’t have a care in the world.

“Xintong is going to be a national hero now. He’ll be on the front page of every news outlet going and I’m sure there are Chinese companies ready to throw zillions at him.”

The national hero line was one echoed by Jason Ferguson, chair of the World Professional Billiards and Snooker Association (WPBSA).

“We are talking about a national hero – he has entered the history books of this sport and in China he will probably be one of the biggest stars,” Ferguson said.

“Snooker is so big in China. He is young, talented and entertaining, and speaks both English and Mandarin. This is going to take snooker to another level.”

Zhao’s ascension was the climax of a two decade-long rise for Chinese snooker and he’s standing on the shoulders of one giant in particular.

Although snooker had been having exhibition events in China since the 1980s and there were a smattering of ranking events there throughout the 1990s, starting with the 1990 Asian Open in Guangzhou, things had stuttered by the early 2000s.

The China Open had not been held for three years before a one-year contract was signed for the 2005 event on the proviso that rising star Ding be granted a wildcard.

When he’d first earned a tour card as a 16-year-old 18 months prior, there were no other Chinese players on tour but Ding’s victory turned him into a superstar overnight.

Endorsements immediately flowed and his celebrity grew to the extent that a children’s cartoon series was produced based on his life.

Countless players, including an eight-year-old Zhao Xintong, were inspired to take up the sport, the Chinese authorities invested in facilities to the extent that there are now 300,000 snooker clubs in the country, while the Chinese Snooker Academy, founded in Beijing, became a breeding ground for talent, and some schools even added snooker to the curriculum.

In the decade following Ding’s success, more Chinese players started turning professional. However, he still ploughed a lone furrow at the very top of the game, becoming the first Asian player in history to be ranked world No 1 in December 2014.

It took longer than predicted but the new wave of young Chinese talent finally started to properly make their mark in a post-Covid world.

A 20-year-old Yan Bingtao won the 2021 Masters brilliantly to become the first Chinese player other than Ding to win a triple crown event, before Zhao followed him by claiming the UK Championship later that year.

The 2023 match-fixing scandal that saw 10 Chinese players banned , including Yan for five years and Zhao for 20 months, was a heavy black mark, but the conveyor belt of talent was becoming relentless.

A record 10 Chinese players, including the returning Zhao, qualified for the first round proper of the 2025 World Championship after a season where the early-20s pair of Wu Yize and Si Jiahui reached ranking finals, while 21-year-old Lei Peifan, plus veterans Xiao Guodong and Ding won ranking events.

“There’s been a big improvement in Chinese players,” said Ding earlier this year. “In the past two or three seasons, they’ve improved so quickly.

""They’re showing people how good they are and they’ve won tournaments, which says they’ve got the talent, skills and form to play anybody. I would love to see a Chinese player win a World Championship – it would be great for Chinese snooker.”

Ding ultimately got his wish and the country’s investment in snooker, not only back home but also in the UK where there are three academies for Chinese players in Sheffield alone, has paid dividends.

After his semi-final defeat, O’Sullivan said Zhao had the potential to be a megastar in China. With the sport’s greatest prize now in his back pocket, that looks likely to come to fruition.

It may have taken longer than expected but the Chinese snooker revolution is finally here. Now the sky’s the limit."
Jack Doohan dropped from Alpine F1 seat after seven races,https://www.independent.co.uk/f1/jack-doohan-alpine-f1-franco-colapinto-imola-b2746238.html,,sports,independent,"Jack Doohan has been dropped from his F1 seat at Alpine – with Franco Colapinto replacing him for the next five races.

Doohan, 22, only made his F1 race debut at last year’s season-ending grand prix in Abu Dhabi, replacing Esteban Ocon , but has been under pressure from the start of the 2025 season.

The arrival of Argentine driver Colapinto from Williams in January, signed as a reserve driver by Alpine executive adviser Flavio Briatore , immediately placed Doohan’s future under the spotlight.

Australian driver Doohan has not scored a point in six races this year and was forced to retire from Sunday’s Miami Grand Prix after a first-lap collision with Liam Lawson. Now, Alpine have confirmed that Colapinto will race alongside Pierre Gasly for the next five races of the season, starting at the Emilia-Romagna Grand Prix in Imola. Alpine will reassess the situation after July’s British Grand Prix.

Team principal Oliver Oakes resigned on Tuesday night , ahead of official confirmation of Doohan’s axing, with executive adviser and former Renault boss Briatore assuming all his responsibilities.

An Alpine statement read: “As part of an on-going assessment of its driver line-up, the team has made the decision to rotate one of its race seats for the next five rounds of the 2025 FIA Formula One World Championship.

“BWT Alpine Formula One Team therefore announces that Franco Colapinto will be paired with Pierre Gasly from the Emilia-Romagna Grand Prix, ahead of a new evaluation before the British Grand Prix in July.

“Jack Doohan remains an integral part of the team and will be the first-choice Reserve Driver for this period of time.”

Colapinto, 21, has been undergoing TPC (Testing of Previous Cars) sessions with Alpine in recent weeks, leading to speculation that a change was imminent.

The Argentine impressed in nine races for Williams last year but a 2025 seat was never on the cards at the Grove-based outfit, with Carlos Sainz already announced as joining Alex Albon as the team’s driver pairing.

Briatore said: “With the field being so closely matched this year, and with a competitive car, which the team has drastically improved in the past 12 months, we are in a position where we see the need to rotate our line-up.

“We also know the 2026 season will be an important one for the team and having a complete and fair assessment of the drivers this season is the right thing to do in order to maximise our ambitions next year.

“We continue to support Jack at the team, as he has acted in a very professional manner in his role as a race driver so far this season. The next five races will give us an opportunity to try something different and after this time period we will assess our options.”

As well as Colapinto, Alpine also signed Paul Aron as a reserve driver in the off-season. Ryo Hirakawa was also at the team, before moving to Haas last month.

Doohan, who is the son of five-time motorcycle world champion Mick Doohan, crashed out of the season-opening race in Australia and also suffered a big crash in practice at the Japanese GP.

His best finish so far this season was a 13th-place finish in the Chinese GP, though he did receive a 10-second penalty post-race for forcing Isack Hadjar off track.

Doohan said: “I am very proud to have achieved my lifelong ambition to be a professional Formula One driver and I will forever be grateful to the team for helping me achieve this dream.

“Obviously, this latest chapter is a tough one for me to take because, as a professional driver, naturally I want to be racing. That said, I appreciate the team’s trust and commitment.

“We have long-term goals as a team to achieve and I will continue to give my maximum efforts in any way I can to help achieve those.

“For now, I will keep my head down, keep working hard, watch with interest the next five races and keep chasing my own personal goals.”"
How Inter stunned Barcelona in Champions League semi-final for the ages,https://www.independent.co.uk/sport/football/inter-barcelona-champions-league-goals-result-highlights-b2745989.html,,sports,independent,"Inter Milan are through to a second Champions League final in three years after defeating Barcelona in an epic semi-final.

Inter, who lost to Manchester City in the 2022 final, will aim to win their fourth European Cup against either Paris Saint-Germain or Arsenal in Munich on May 31 after winning an astonishing tie 7-6 on aggregate.

After a 3-3 draw last week, Barcelona were moments away from a first Champions League final in 10 years when Raphinha fired the visitors into the lead for the first time in the semi-final.

But Francesco Acerbi rescued Inter deep in stoppage time and Davide Frattesi put the hosts 4-3 ahead in extra time to settle a breathless contest that will be remembered for years to come.

The tie equalled the record number of goals in a Champions League semi-final. Here’s how it unfolded, turn by turn.

22 mins: Inter 1-0 Barcelona (4-3)

Before the second leg, a lot of the tactical discussion naturally centered around Barcelona’s high line and whether Hansi Flick’s side could sustain such a bold approach to reach the Champions League final.

But at the San Siro, Inter were just as daring in their high defensive press, which in turn was their best form of attack as Inter dominated the first half. It would have been understandable for Federico DiMarco to concentrate on his defensive duties in his rematch with Lamine Yamal, but the Inter wing-back took up advanced positions throughout the opening quarter and helped squeeze Barcelona.

The Italian timed his press of Dani Olmo to perfection to help set up Inter’s opening goal, stealing in from behind as Barcelona looked to play through. When DiMarco regained possession, the advanced position of the other wing-back, the relentless Denzel Dumfries, allowed Inter to capitalise and he selflessly squared for the returning Lautaro Martinez to finish into an empty net.

44 mins: Inter 2-0 Barcelona (5-3)

At the first look, Barcelona centre-back Pau Cubarsi looked to have won his challenge on Lautaro Martinez as went to ground in the box. But, in the age of VAR, the 18-year-old needed to timed his challenge to perfection to survive the initial review. and the subsequent replays revealed that the Inter captain got there first and Cubarsi made contact with Martinez’s foot and not the ball.

It shows how fine the margins are that Barcelona thought Cubarsi had won the ball - indeed, on Prime Video, Alan Shearer and former Champions League final referee Mark Clattenburg believed the challenge was fair - but it also highlighted the inexperience of the young Spain defender, particularly with Barcelona trailing by one so close before half time.

59 mins: Inter 2-2 Barcelona (5-5)

Of all the players to give Barcelona hope in the semi-final, no one in the San Siro had their money on the two full-backs, who wouldn’t even be in their strongest line-ups had everyone been available. But another extraordinary comeback from Barcelona was led by Eric Garcia and Gerard Martin, the right back and left back who were standing in for Alejandro Balde and Jules Kounde.

Martin looked out of depth at times in last week’s first leg but produced a couple of wonderful crosses with his left foot as Barcelona scored twice in six minutes to stun Inter. His first was met by an even better connection from Garcia, who steered his volley into the top corner.

Then, moments after Garcia shot straight at Yann Sommer from point-blank range, Martin guided another pinpoint cross into the box for Dani Olmo to head in at the back post. The timing of Olmo’s header was key as Garcia’s miss seconds before could have stalled Barcelona’s momentum.

87 mins: Inter 2-3 Barcelona (5-6)

Once Barcelona were level, the flow of the second half was much more like last week’s first leg, with Hansi Flick’s side controlling possession and Inter struggling to play out against their suffocating press.

A couple of changes from Inter did not help as they started to lose their grip. Federico DiMarco, who had been winning his duel with Lamine Yamal, was replaced by Carlos Augusto on 55 minutes. Captain Lautaro Martinez was then taken off, having lasted 71 minutes after injuring his hamstring in last week’s draw.

In fact, Inter manager Simone Inzaghi used all five substitutes by the 80th minute, as midfielders Hakan Calhanoglu and Henrikh Mkhitaryan and centre-back Yann Aurel Bisseck made way. Inter lacked energy and Simeone’s changes - with Mehdi Taremi, Matteo Darmian, Piotr Zielinski and Davide Frattesi also introduced - did not stall Barcelona’s growing belief.

So, when Raphinha fired his rebound in off the far post in the 87th minute, it was a goal that had been coming for a long while, even if it gave Barcelona the lead for the first time in the tie.

90+3 mins: Inter 3-3 Barcelona (6-6)

But it was not done yet. Just as Lamine Yamal looked to add the crowning moment to Barcelona’s comeback, the semi-final took another twist. Yamal hit the bottom of the near post with a low strike from the edge of the box, that would have settled it.

Instead, Inter went down the other end. Denzel Dumfries was involved again and he squared for Inter’s 37-year-old veteran Francesco Acerbi to score just his fifth goal for the club, with an audacious outside-of-the-foot finish high into the roof of the net from the near post. Acerbi had been thrown forward as a makeshift striker. Wow, did he deliver.

There was still time for Yamal to have a chance to send Barcelona to the final, but he shot straight at Sommer in a chance that he couldn’t quite get out from under his feet.

99 mins: Inter 4-3 Barcelona (7-6)

So to extra time, where Inter were buoyed by Acerbi’s dramatic equaliser and the hosts felt the benefit of Inzaghi’s early changes. That was evident with the composure displayed by Davide Frattesi, who guided a deft finish into the far corner to once again give Inter the lead, having been set up by another calm lay-off from Mehdi Taremi, another substitute.

The key role in Inter’s fourth of the night, though, came from Marcus Thuram, who stepped up after the loss of captain Martinez. Thuram had the beating of Barcelona’s much-changed back-line, as he held off Hector Fort and then Ronald Araujo, to get to the byline and square the ball to Taremi. It was another moment of class from the remaining part of Inter’s lethal front two.

115 mins: Inter 4-3 Barcelona (7-6)

It just wasn’t Lamine Yamal’s night. There should be plenty more, but the 17-year-old still came close to another astonishing moment of magic as he looked to rescue Barcelona in extra time.

Just as he did on countless occasions throughout the tie, the teeanger looked to drag Barcelona back into it, and it took an unbelievable diving stop from Yann Sommer to deny him a last-gasp equaliser.

Sommer, who would finish the tie having made 14 saves across both legs, produced a fingertip save at full stretch to push Yamal’s curling effort wide of the post. Sommer conceded six goals across the tie and yet showed why he is among the best in the world with that vital save, which secured Inter their place in the final.

“It’s difficult to read him and I’m really happy I was quick enough,” player of the match Sommer said. “For sure, one of the most important saves of my career. It gave us energy and we believed we could do it.”"
Inter v Barcelona and the greatest Champions League semi-finals ranked,https://www.independent.co.uk/sport/football/inter-barcelona-champions-league-semi-finals-top-10-b2746346.html,,sports,independent,"After a game that pushed emotions to extremes, an exhausted Simone Inzaghi became philosophical.

“Yes, we suffered,” the Inter Milan manager said, before hailing his side’s jaw-dropping 7-6 aggregate win over Barcelona . “But there is no final without a little suffering.”

That’s at least for anyone on the pitch, or those with an emotional connection to either club. For everyone else, such exertions just created full enjoyment ; total spectacle; complete glory… an “epic” as the Spanish newspapers proclaimed .

This was just one of those matches - let alone the entire tie - that is so immersive it becomes a celebration of the pure game as it’s played, no matter everything else around it. This is why football is the most popular sport in the world. “Que locura” - “what a madness” - a member of the Barcelona contingent could be seen mouthing after four hours of absorbing football.

That’s another way to sum it up. To take Inzaghi’s point and turn it on its head, though, there’s arguably no final that has gone to these extremes. Run through it now. How many truly great Champions League finals have there been over the last few years, or even this millennium? Arguably only 2005.

As for great semi-finals, this is just the latest of a sensational series. There is a crude list of the 10 best in the Champions League era below, but they are heavily open to argument and it could have gone on even longer. Honourable mentions must go to Monaco v Chelsea 2003-04 and Dynamo Kyiv v Bayern Munich 1998-99, let alone Lionel Messi’s masterclass against Bayern Munich in 2014-15.

It was said on these pages after the scarcely believable comebacks of 2018-19 that the Champions League at that level was like the best of high-quality prime time TV, with a cinematic quality that producers of that year’s final Game of Thrones - or pretty much any prestige series would envy .

And it was all unscripted. This is why figures like Todd Boehly see future Netflix-style platforms in football, amid constant attempts to try and engineer and perpetually recreate something that is organic and dependent on the build-up of stakes.

The very stakes are also important as to why the semi-finals are so epic. To continue the theme, it is like the penultimate episode of a series being more explosive than the finale.

There is a rationale for that, amid the emotion of the teams and Inzaghi’s philosophy. With a final, you’re on the stage, so the stakes are felt all too keenly. It is why so many are gripped by tension for the first hour or so.

With the semi-final, you’re on the brink of the stage. It’s almost there but it’s not quite the same. There is less to lose.

Even more importantly, there’s often something to be made up. Second legs have invariably been the superior match because they are set up by the first, creating incentive. From there, as well as actual stadiums filled with fans rather than corporates, there’s almost this emotional contagion that infuses the action. In some cases, as we saw in 2018-19, the chaos of one semi-final tie can directly influence the feeling of the next.

Put short, teams feel they may as well just go for it. That could be seen in cancer survivor Francesco Acerbi’s 93rd-minute equaliser. There was abandon, that was a contrast to the late angst that could be witnessed in the final minutes of the same team’s last final appearance, in 2022-23.

That rising crescendo also raises another point as to why this semi-final might have been the greatest ever, if you even want to go there.

The truth is it’s hard not to as you dwell on the drama.

All of the semi-finals mentioned above were epics, with incredible moments and passages of play that each form fine arguments as to why they are up there as the greatest ever. There’s Real Madrid’s aura of invincibility against Manchester City, Anfield’s atmosphere against Barcelona, Manchester United’s defiance against Juventus, the sheer tension of two Chelsea v Barcelona semi-finals…

One of the many remarkable elements about this semi-final was that it just never let up. There were no lulls, no drop-offs. The closest you could say that it had to one was in the period between Dani Olmo’s soaring header for 2-2 on the night and Raphinha’s fine volley to make it 3-2 when Inter looked done, but that still involved heroic defending; the desperate moments when players are throwing everything into it.

This had everything.

It kept twisting and ratcheting up. Over the full three and a half hours, there were at least 10 dramatic shifts in momentum. Most of them were supreme goals, but not all. In scorelines alone, there was 2-0, 2-2, 3-2, an immediate 3-3, 2-0 again, 2-2, 2-3, the final equaliser and then that winner.

And this wasn’t just pure football drama, of the manner that would be enough to emotionally move you on its own. Like all of the best sporting drama, such spectacle was elevated by the grandest of storylines.

There was a vintage clash of styles, the different make-ups of the squads, the resurgence of both clubs, journeymen enjoying their day against young talent creating careers, as distilled in the duel between the mercurial teenager Lamine Yamal against the show-stopping 36-year-old Yann Sommer and arguably even a morality tale in terms of the stories behind the scenes at both clubs.

Not even Manchester City v Real Madrid 2022-23 quite went to these lengths. That tie only reached such a height at the end of the second leg.

It's remarkable to think that Barcelona only led for six minutes over all that time, and three of those were injury time before Acerbi's equaliser. You could argue that they didn't deserve to win. But that absurd high line created so much high drama.

Hansi Flick got a lot wrong but one thing right. “Tonight when they arrive home and look in the mirror, they can be very proud,"" he said of his team.

If you were to have one absurd quibble amid something close to sporting perfection, it was that there was no final, final crescendo, that last big moment in extra-time. We’d already been spoiled with a stoppage-time equaliser… and then some.

And that’s kind of the point.

You can’t lay this out like a script. It’s spontaneous sport that can only organically evolve out of what has come before. And there is little like the elements involved in a Champions League semi-final. This may have surpassed them all. We didn't suffer. We just enjoyed."
Are Arsenal nearing a bleak peak? PSG clash could reveal the truth,https://www.independent.co.uk/sport/football/arsenal-psg-champions-league-second-leg-quarterfinal-arteta-b2745783.html,,sports,independent,"Mikel Arteta inherited a team in the wrong half of the Premier League. A year later, they were 15th. As Arsenal are in their first Champions League semi-final for 16 years, their manager can testify that the path forward can be long and winding and sometimes seem to involve going backwards.

Eliminating Real Madrid seemed a giant step forward, especially given the emphatic nature of home and away triumphs, of Declan Rice’s twin man-of-the-match performances, of how, one William Saliba error apart, Arsenal shut out European football’s resident superpower.

A home defeat by Paris Saint-Germain did not initially appear a platform to reach just a second Champions League final in their history. Overturning that 1-0 deficit, turning their trip into Paris into an evening destined for a place in Arsenal folklore, and progressing would be both obvious and dramatic. Don’t, and the verdict would depend in part on the manner of Arsenal’s exit: heroic or resounding, narrowly overcome or clearly beaten.

If the ultimate assessment can only come at the end of Arteta’s reign – if not still later, given the long-term impact – there are broader questions. Are Arteta’s Arsenal still on an arc of progress, even if it is neither linear nor smooth? If so, what is their destination?

For a couple of years, the answer did not seem to lie in Europe, even though it is an achievement in itself to have changed Arsenal from Champions League exiles to a club who could again become fixtures in the knockout stages.

But their pursuit of Manchester City suggested the end goal lay in a first Premier League title since the Invincibles’ 2004 crown. Significant breakthroughs – from eighth to fifth to second – were then followed by a quest for incremental improvements.

Yet this season has suggested marginal gains have given way to multiple lapses. Arsenal may yet finish third in a two-horse race and if, in some respects, the eventual league position is not the crucial factor, the manner of it is damning.

Arsenal are entitled to plead misfortune with some of their injury issues, and the probability is that they will not be as afflicted next season. They had grievances, with varying degrees of justification, about some decisions.

Yet, 15 points behind Liverpool, it is ever harder to argue they are the determining factors. Arsenal will finish with clearly their lowest points and goal tallies in three seasons. A host of draws and a total of 21 points dropped from winning positions have spoken to a sloppiness – and a lack of the ruthlessness Arteta covets.

Domestically, anyway, too few players have advanced: Jurrien Timber has, after his debut year in England was ruined by injury, as have the precocious pair of Myles Lewis-Skelly and Ethan Nwaneri, while Mikel Merino has proved a useful stand-in striker, but only after being signed as a midfielder. Others – Bukayo Saka, Kai Havertz, Saliba, Gabriel Magalhaes, David Raya, Thomas Partey, Rice – have had their spells of fine form, some curtailed by injury but without it meaning the team reached a new level.

And so the heirs to City, the next champions in waiting, were bypassed. What seemed their opportunity instead became Liverpool’s; Arne Slot has called it an “off-year” for Pep Guardiola’s side, but Arsenal did not capitalise. None of which will matter if they become Champions League winners instead.

It would be mitigation, too, if instead of triumphing this year, Arsenal do next year, whether in England or Europe. Arteta’s team is young enough. There are reasons to believe that, with a couple of astute additions, they could acquire an added edge; particularly, many a fan hopes, extra firepower in the shape of a striker.

But a side’s peak can come with glory or when falling just short. Arteta’s friend and former PSG teammate Mauricio Pochettino took Tottenham to one Champions League semi-final and one final, but it was the end of a journey rather than the penultimate step.

As Arteta’s lone major trophy, the 2020 FA Cup, came with a different group, there is a case for saying the Arsenal side of the last few years rival that Tottenham team for an unwanted tag: the finest team the Premier League has produced not to win major silverware.

Yet, anyway. The context is a factor. Jurgen Klopp’s Liverpool would have won more but for City. Their persistence paid off after Klopp’s departure, with Slot the beneficiary. For Arsenal, too, there could be the question of whether competing over several seasons brings a reward, or if this year has actually shown a regression, lacking the consistency required to become champions.

An iron defence and a capacity to rouse themselves on big nights can instead equip a team to win a knockout competition. So it felt on two heady nights against Real. Now Arsenal need another against PSG – to progress, and for the arc of their progress."
Sinner returns to tennis tour in flux as rivals fail to close gap,https://www.independent.co.uk/sport/tennis/jannik-sinner-doping-suspension-italian-open-b2745143.html,,sports,independent,"On Sunday night, most eyes in the tennis world were on Madrid as Jack Draper and Casper Ruud faced off for the Masters 1000 trophy . But 4 May was also remarkable for being the final day of world No 1 Jannik Sinner ’s suspension. As of Sunday, he was officially allowed to play tennis again, over a year after two positive tests for clostebol set into motion one of the sport’s most unedifying sagas of recent times.

An independent panel found him to bear “no fault or negligence” for the results, accepting his explanation of contamination, and overturned the standard provisional ban applied in such cases. The World Anti-Doping Agency (Wada) accepted the explanation but fought for a harsher punishment of between one and two years, before reaching a three-month settlement with the Italian shortly before the Court of Arbitration for Sport (Cas) was due to hear the case.

The protracted saga, and Wada’s volte-face, left a bad taste in the mouth of many observers.

Sinner’s case has divided the tennis world, and the locker room, like few others. Novak Djokovic questioned the fairness of the anti-doping system, arguing there was “favouritism” in how such cases are handled. Nick Kyrgios – never one to mince his words – went further , calling it “disgusting” and “a horrible look for our sport”, and suggesting that should the pair meet at the Australian Open (they didn’t), “I’d get every person in the crowd to get on him. I would turn it into an absolute riot.” Rarely has such a stereotypically genteel sport had quite such bite.

Using only slightly more professional language, the case cropped up in the Professional Tennis Players’ Association’s (PTPA) landmark lawsuit against tennis’ governing bodies. The lawsuit criticised the lack of consistency in anti-doping cases and alleged that Sinner had been favourably treated .

With every new case that’s revealed – former Wimbledon men’s doubles champion Max Purcell, recently suspended for 18 months for exceeding limits on IV infusions of vitamins, is a case in point – the focus is flung back onto Sinner’s comparatively lax punishment.

Doping cases are complex issues, and no two are exactly alike. But calls for greater transparency, fairness and communication between the International Tennis Integrity Agency (ITIA) and players will only continue. So will debates over perceived “two-tier” justice for higher- and lower-ranked, or higher- and lower-profile, players. Sinner will continue to be caught in the crossfire until the problem is solved.

As seems to be his wont, the 23-year-old has kept a low profile throughout his suspension. The spotlight has never felt like a natural place for him. He has surrounded himself with a close-knit team, and it’s clear that having their support has helped him through a difficult last few months. It’s equally apparent that – for all his brilliant results – the situation has taken its toll. He recently said that he had considered quitting tennis under the strain, before appearing more relaxed in his pre-tournament press conference in Rome, his usual equilibrium restored.

Sinner’s absence has only emphasised his superiority on tour. The convenient timing of the three-month suspension, expiring in time for his home event in Rome, where he will receive a hero’s welcome and get some much-needed match sharpness before the French Open , caused some raised eyebrows. But the ban did encompass four of the nine Masters 1000 events, giving his rivals an opportunity to overtake him in the rankings and put more pressure on him.

None of those rivals have come anywhere close. Alcaraz has struggled with injuries and a tendency to drop off in intensity and focus. He endured a disappointing American hard-court swing before winning the Monte Carlo Masters and then pulling out of Madrid to manage separate adductor and hamstring issues.

World No 2 Alexander Zverev has demonstrated more of the mental fragility that has seen him lose three grand slam finals, admitting the pressure of overtaking Sinner got to him as he suffered a string of early losses and failed to back up his ATP 500 title in Munich last month. Novak Djokovic has had an unfathomably dismal season by his standards as his wait for a first title since Olympic glory last summer continues.

The players to pick up the slack in Sinner’s absence have largely been his fellow young guns: close friend Jack Draper, winner in Indian Wells and runner-up in Madrid; Czech teenager Jakub Mensik, Miami champion; and on clay, Alcaraz in Monte Carlo and Ruud – the only one of the 1990s generation to shine this year – now in the Spanish capital.

Sinner returns to a tour in flux, reminiscent of the merry-go-round of WTA Tour winners since Serena Williams ’ retirement, and with the world No 1 spot still firmly in his grasp. Clay has never been his best surface, and he has a tricky projected quarter-final against Ruud. But a run to the French Open semi-finals last year indicated his potential on the red dirt, and while it seems unlikely that the doping saga will ever die down, he now has the chance to let his tennis do the talking."
The Owen Farrell decision that could define the Lions squad,https://www.independent.co.uk/sport/rugby/rugby-union/british-and-irish-lions-squad-accouncement-andy-farrell-b2746233.html,,sports,independent,"A great much has changed in the 137 years since a rag-tag band of nascent rugby players first set sail for the Antipodes. The 1888 tour of New Zealand and Australia retrospectively considered the first in the Lions lineage spanned nearly six months and featured 35 games, beginning and ending on the SS Kaikoura in the docks of Gravesend, with a travelling party that included the only Manxman ever to wear the British and Irish colours. Initial tour captain Robert Seddon did not even make it home, meeting a sad demise after running into difficulty while sculling on the Hunter River.

One does not even look that far back to chart the changing course of a perhaps antiquated concept. As recently as 1997, those selected were left waiting for a Lions letter, with a mischievous Austin Healey hiding the invite of flatmate Will Greenwood, leaving the then-uncapped centre to find out about the honour of a lifetime from a Sky Sports reporter in the Welford Road car park.

Things will be rather different on Thursday afternoon as the 2025 hopefuls find out their fate. Across a two-hour live show at the O2 Arena in front of perhaps more than 2,000 fans, Andy Farrell ’s squad will be unveiled in the latest step in the rampant commercialisation of one of rugby’s best-performing and enduring brands. Alongside those who have paid for the privilege to hear 38 or so names read out by Ieuan Evans, a great many more will tune in via the Lions’ broadcast partners for a grant meeting that could have been an email; an administrative necessity given the pomp and platform that the quadrennial adventure demands.

Just one of the selection will be in the arena in full knowledge of their fate, the Lions captain – presumed to be England lock Maro Itoje – joining Farrell and Evans to begin the considerable duties expected of the chosen pride leader. Waiting anxiously elsewhere will be the 70-or-so thought to have been under consideration by the staff – while the dissemination of selection may have changed over the years, making this assembly remains one of the sport’s greatest honours.

For many, it will be a once-in-a-lifetime chance; for Taulupe Faletau and Owen Farrell , a fourth tour is perhaps within reach. News of recent days has only strengthened Faletau’s case. The desperately unfortunate timing of the injury to Caelan Doris is a bitter blow for the Ireland No 8, presumed captain-elect mere months ago but now seemingly likely to miss the trip entirely. While Seddon would perhaps chuckle from on high at describing this as the cruellest of twists, it is a grand shame for Doris – even if Itoje had perhaps edged ahead in a battle to be named skipper. Faletau, England’s Tom Willis or Scotland’s Jack Dempsey are well-placed if Farrell can find a place for another No 8 among the scattered scavenging sevens likely to form the bulk of his back-row group.

The case of the other potential four-time tourist is rather more interesting. The Owen question is one that has loomed over his father since Andy’s announcement as Lions head coach, unfair nepotistic suggestions faced many times before by the former England assistant and yet brought fully into focus again. The thought was that Farrell senior might get ahead of the story, removing the millstone from his neck by taking his son off the table. There would have been reasons to do so: Farrell’s injury woes and mixed form at Racing 92, for one; his taking of an international sabbatical before moving to Paris another.

Yet no suggestion that the 33-year-old is out of contention has been broadcast or briefed. The younger Farrell would clearly add plenty were he to earn inclusion again, his ability to play 10 or 12 valuable on a trip like this, and his experience and competitive edge, too. Both Johnny Sexton , an assistant for this tour, and Finn Russell have spoken of how much they enjoyed working with the Englishman – his ability to drive standards would no doubt be desirable to a coaching team that includes a former half-back partner in Richard Wigglesworth .

No 10 is always an area of intense debate in these infrequent elections, yet this is perhaps the most intriguing group yet. Of the four constituent unions, only one began and ended the Six Nations with the same fly half in harness – whatever Russell’s differences with Sexton, it would be a serious shock if the Scot is not named.

Fin Smith ’s coming-of-age continued with an ideal final audition in an Investec Champions Cup call-back , the Northampton playmaker outshining Leinster rival Sam Prendergast , perhaps up for the same part. One cannot rule out either of Smith’s compatriots, namesake Marcus and a resurgent George Ford , while there is also late momentum behind Tom Jordan – a United Rugby Championship (URC) winner at 10 but offering potentially vital versatility.

The task of projecting Farrell’s thinking is tricky for several reasons, an occasionally unconventional selector likely to throw a curveball or two. Equally, it is slightly unclear exactly how many players he will pick. Take too many – as Clive Woodward did in 2005 – and the group can become unruly and unwieldy; take too few, as Warren Gatland eventually concluded he had in 2017, and the head coach risks an unedifying repeat of the “Geography Six” saga , and accusations of cheapening the shirt.

Also at the forefront of Farrell’s mind will be a few injury frets. Can he afford to take someone like Immanuel Feyi-Waboso , yet to play in 2025 but perhaps back in action pre-tour? Mack Hansen, Duhan van der Merwe and Blair Kinghorn are all currently sidelined with issues of varying severity – availability can be one’s best ability at this stage. For those on the outside looking in come Thursday afternoon, staying sharp would be wise: it is unfortunately statistically likely that several of those selected fail to make it to the first Test. Any omissions need only remember the tale of Alex Corbisiero , called up as an injury replacement for Cian Healy at the urging of forwards coach Graham Rowntree in 2013 to have a pivotal impact in the Tests against the Wallabies.

All hope will not, then, be lost for those forced to digest difficult news on Thursday. But for the lucky few selected, a place in the pride will be an honour to last a lifetime."
Arsenal’s season rests on return of this crucial quality against PSG,https://www.independent.co.uk/sport/football/arsenal-psg-champions-league-semi-final-preview-b2745922.html,,sports,independent,"Ahead of a night that means everything for Arsenal , Declan Rice duly gave all of the lines you would want for such an occasion. The midfielder talked of how Arsenal “need to have big balls”, adding they are in Paris “to make a statement” and have “full belief” in creating “a special night”.

Rice speaks with an almost religious fervour in such situations, which is probably required.

So far so good, until his manager came in.

“Let’s not do the talking,” Mikel Arteta said. “Let’s do tomorrow on that pitch. So the best, best, best, best version and win the game.”

There is at least “full clarity” to the situation, as the manager put it. Arsenal need to beat Paris Saint-Germain to get into the Champions League final. Arteta played up to how special it could be, as he insisted on describing it as “one of the most beautiful” games in his time at Arsenal, rather than the biggest.

“Huge enthusiasm, huge energy,” he said. “We are a win away from the Champions League final and in the most beautiful city in the world, against a great opponent. It doesn't get much better than that.”

It’s a pointed psychological ploy, especially with the way Arteta repeated that line, given that many outside the club are only too willing to focus on the negatives.

This is now Arsenal’s entire season. If they don’t win, the campaign will be cast as a backwards step, deepening the argument that they are a “nearly team”. Arteta did seem to be almost referencing this himself with his line about not doing “the talking”.

This is the moment to win.

That’s also where it gets difficult.

Arsenal are playing away to one of the best teams in Europe, who lead 1-0 from the first leg, after a commanding opening half hour in north London.

That’s one huge challenge at the Parc des Princes. The other is from how they actually go about facing it. Can you really go with everything after a few fixtures of… well, nothingness? Arsenal have been so flat in the Premier League, to the point that they now look like losing second place .

Some around the camp are concerned that the team might be “spent” for the season, especially with the way injuries have forced the same players to play even more. That is the extra cumulative effect of long-term absences.

Arteta would of course insist on banishing such talk ahead of a game like this. It does no one any good, and only serves to further sap energy.

That stance feeds into another, more optimistic, view within the squad. That is that the only reason they have been so flat in the league is because it pales next to the grandeur of the European games. It has been an unusual season in that sense.

Although Champions League football for 2025-26 is not mathematically secured, Arsenal have basically been sure of qualification for months. And while there is a certain pride in finishing as high as possible, that motivation is not going to be the same as getting yourself up for an electrifying Champions League night. They obviously won’t say it, but some players don’t care whether they finish second or fifth so long as they’re back in the competition.

There has been this subconscious sense of conserving energy for Europe. Everyone wants to be raring to go for the big one; for games like this.

That potential to suddenly raise it was illustrated in the last round, against Real Madrid .

But can you really keep doing that? Can that message, of Arsenal’s zealous belief before every round, keep having the same effect?

Because they didn't quite raise it in the first leg against PSG . Arsenal were pinned to their own line in the first 20, and never really got to spread their play. The team almost seemed to be playing within itself.

At the very least, they couldn’t bring the kind of statement performance to fit the stage. The perception only plays into this idea that they will struggle to get it going again.

Arteta’s staff wouldn’t fully agree with that. The Arsenal manager has already spoken with some mystique about there being one specific tactical issue in the first 20 minutes – understood to be around space in midfield – that they quickly solved. It is certainly true that Arsenal never again suffered the same problems. Even the late PSG chances weren’t a consequence of such pressing.

Both Arteta and Luis Enrique described it as a “game of phases” , and the belief from both sides is that any sense of flatness was really because of how “tactical” the game became. It was a battle of coaching.

Arteta’s staff are keen to point out that Arsenal had the highest xG out of all four semi-finalists from the first legs – even more than Barcelona. They repeatedly got in on PSG’s right, and Rice specifically mentioned how “the goalkeeper” – Gianluigi Donnarumma – “made some amazing saves”.

These kinds of patterns were not always apparent, although it’s probably true that the impression was very much set by those first 20 minutes from PSG.

Arteta referred to “a lot of learning from the first leg”, and Rice went further and said Arsenal “worked out how we could beat them”.

That is where there’s only another layer to this tie. Arsenal have to win, and go with “everything”, but then the likelihood is that PSG again come at them with exactly that energy in the opening spell. It is what they have done in every single Champions League knockout game so far. The French champions play as if they want to blow you away. Arsenal’s own analytical staff noted that no one on the continent presses like they do.

The offset is that PSG tend to tire in the second half, which is why this match might also become more tactical than anticipated. If so, it would also go against the dynamics of these Champions League second legs – particularly some of those at the Parc des Princes.

They tend to get caught up in the whirlwind, the games almost going out of control.

A fair question at this point is who that sort of scenario would serve more.

PSG have suffered some of the worst comebacks in modern Champions League history, but they also have a strong second-leg record under Enrique, having twice come back from home defeats.

Arsenal don’t have that record. They’ve never come back from such situations in any of their European ties. They’ve only come back from five first-leg defeats, full stop.

That’s perhaps one reason why Arteta has dismissed talk of being inspired by history, and implored the team to make their own.

Again, we’ve heard that before. The only line that matters is the scoreline. Arsenal know everything they need to do."
